source,target,relationship,weight
location:loc001,location:surat,WITHIN_TERRITORY,1.0
location:loc002,location:ahmedabad,WITHIN_TERRITORY,1.0
location:loc003,location:delhi,WITHIN_TERRITORY,1.0
location:loc004,location:ahmedabad,WITHIN_TERRITORY,1.0
location:loc005,location:pune,WITHIN_TERRITORY,1.0
location:loc006,location:surat,WITHIN_TERRITORY,1.0
location:loc007,location:ahmedabad,WITHIN_TERRITORY,1.0
location:loc008,location:pune,WITHIN_TERRITORY,1.0
location:loc009,location:surat,WITHIN_TERRITORY,1.0
location:loc010,location:mumbai,WITHIN_TERRITORY,1.0
location:loc011,location:delhi,WITHIN_TERRITORY,1.0
location:loc012,location:mumbai,WITHIN_TERRITORY,1.0
location:loc013,location:delhi,WITHIN_TERRITORY,1.0
location:loc014,location:pune,WITHIN_TERRITORY,1.0
location:loc015,location:ahmedabad,WITHIN_TERRITORY,1.0
location:loc016,location:pune,WITHIN_TERRITORY,1.0
location:loc017,location:pune,WITHIN_TERRITORY,1.0
location:loc018,location:surat,WITHIN_TERRITORY,1.0
location:loc019,location:surat,WITHIN_TERRITORY,1.0
location:loc020,location:ahmedabad,WITHIN_TERRITORY,1.0
location:loc021,location:delhi,WITHIN_TERRITORY,1.0
location:loc022,location:mumbai,WITHIN_TERRITORY,1.0
location:loc023,location:ahmedabad,WITHIN_TERRITORY,1.0
location:loc024,location:delhi,WITHIN_TERRITORY,1.0
location:loc025,location:mumbai,WITHIN_TERRITORY,1.0
location:loc026,location:delhi,WITHIN_TERRITORY,1.0
location:loc027,location:delhi,WITHIN_TERRITORY,1.0
location:loc028,location:surat,WITHIN_TERRITORY,1.0
location:loc029,location:ahmedabad,WITHIN_TERRITORY,1.0
location:loc030,location:mumbai,WITHIN_TERRITORY,1.0
location:loc031,location:mumbai,WITHIN_TERRITORY,1.0
location:loc032,location:mumbai,WITHIN_TERRITORY,1.0
location:loc033,location:mumbai,WITHIN_TERRITORY,1.0
location:loc034,location:surat,WITHIN_TERRITORY,1.0
location:loc035,location:delhi,WITHIN_TERRITORY,1.0
location:loc036,location:delhi,WITHIN_TERRITORY,1.0
location:loc037,location:pune,WITHIN_TERRITORY,1.0
location:loc038,location:mumbai,WITHIN_TERRITORY,1.0
location:loc039,location:ahmedabad,WITHIN_TERRITORY,1.0
location:loc040,location:surat,WITHIN_TERRITORY,1.0
location:loc041,location:mumbai,WITHIN_TERRITORY,1.0
location:loc042,location:mumbai,WITHIN_TERRITORY,1.0
location:loc043,location:mumbai,WITHIN_TERRITORY,1.0
location:loc044,location:mumbai,WITHIN_TERRITORY,1.0
location:loc045,location:surat,WITHIN_TERRITORY,1.0
location:loc046,location:pune,WITHIN_TERRITORY,1.0
location:loc047,location:delhi,WITHIN_TERRITORY,1.0
location:loc048,location:mumbai,WITHIN_TERRITORY,1.0
location:loc049,location:surat,WITHIN_TERRITORY,1.0
location:loc050,location:mumbai,WITHIN_TERRITORY,1.0
location:loc051,location:surat,WITHIN_TERRITORY,1.0
location:loc052,location:delhi,WITHIN_TERRITORY,1.0
location:loc053,location:ahmedabad,WITHIN_TERRITORY,1.0
location:loc054,location:ahmedabad,WITHIN_TERRITORY,1.0
location:loc055,location:surat,WITHIN_TERRITORY,1.0
location:loc056,location:pune,WITHIN_TERRITORY,1.0
location:loc057,location:delhi,WITHIN_TERRITORY,1.0
location:loc058,location:surat,WITHIN_TERRITORY,1.0
location:loc059,location:mumbai,WITHIN_TERRITORY,1.0
location:loc060,location:delhi,WITHIN_TERRITORY,1.0
claimant:CLT0032,policy:POL0001,OWNS,1.0
claimant:CLT0054,policy:POL0002,OWNS,1.0
claimant:CLT0092,policy:POL0003,OWNS,1.0
claimant:CLT0032,policy:POL0004,OWNS,1.0
claimant:CLT0115,policy:POL0005,OWNS,1.0
claimant:CLT0029,policy:POL0006,OWNS,1.0
claimant:CLT0060,policy:POL0007,OWNS,1.0
claimant:CLT0059,policy:POL0008,OWNS,1.0
claimant:CLT0072,policy:POL0009,OWNS,1.0
claimant:CLT0055,policy:POL0010,OWNS,1.0
claimant:CLT0115,policy:POL0011,OWNS,1.0
claimant:CLT0034,policy:POL0012,OWNS,1.0
claimant:CLT0099,policy:POL0013,OWNS,1.0
claimant:CLT0036,policy:POL0014,OWNS,1.0
claimant:CLT0031,policy:POL0015,OWNS,1.0
claimant:CLT0011,policy:POL0016,OWNS,1.0
claimant:CLT0089,policy:POL0017,OWNS,1.0
claimant:CLT0054,policy:POL0018,OWNS,1.0
claimant:CLT0054,policy:POL0019,OWNS,1.0
claimant:CLT0116,policy:POL0020,OWNS,1.0
claimant:CLT0110,policy:POL0021,OWNS,1.0
claimant:CLT0062,policy:POL0022,OWNS,1.0
claimant:CLT0097,policy:POL0023,OWNS,1.0
claimant:CLT0096,policy:POL0024,OWNS,1.0
claimant:CLT0063,policy:POL0025,OWNS,1.0
claimant:CLT0004,policy:POL0026,OWNS,1.0
claimant:CLT0093,policy:POL0027,OWNS,1.0
claimant:CLT0080,policy:POL0028,OWNS,1.0
claimant:CLT0085,policy:POL0029,OWNS,1.0
claimant:CLT0018,policy:POL0030,OWNS,1.0
claimant:CLT0034,policy:POL0031,OWNS,1.0
claimant:CLT0042,policy:POL0032,OWNS,1.0
claimant:CLT0097,policy:POL0033,OWNS,1.0
claimant:CLT0107,policy:POL0034,OWNS,1.0
claimant:CLT0007,policy:POL0035,OWNS,1.0
claimant:CLT0100,policy:POL0036,OWNS,1.0
claimant:CLT0032,policy:POL0037,OWNS,1.0
claimant:CLT0031,policy:POL0038,OWNS,1.0
claimant:CLT0073,policy:POL0039,OWNS,1.0
claimant:CLT0099,policy:POL0040,OWNS,1.0
claimant:CLT0100,policy:POL0041,OWNS,1.0
claimant:CLT0075,policy:POL0042,OWNS,1.0
claimant:CLT0051,policy:POL0043,OWNS,1.0
claimant:CLT0076,policy:POL0044,OWNS,1.0
claimant:CLT0014,policy:POL0045,OWNS,1.0
claimant:CLT0102,policy:POL0046,OWNS,1.0
claimant:CLT0069,policy:POL0047,OWNS,1.0
claimant:CLT0065,policy:POL0048,OWNS,1.0
claimant:CLT0106,policy:POL0049,OWNS,1.0
claimant:CLT0082,policy:POL0050,OWNS,1.0
claimant:CLT0056,policy:POL0051,OWNS,1.0
claimant:CLT0079,policy:POL0052,OWNS,1.0
claimant:CLT0060,policy:POL0053,OWNS,1.0
claimant:CLT0042,policy:POL0054,OWNS,1.0
claimant:CLT0113,policy:POL0055,OWNS,1.0
claimant:CLT0079,policy:POL0056,OWNS,1.0
claimant:CLT0064,policy:POL0057,OWNS,1.0
claimant:CLT0028,policy:POL0058,OWNS,1.0
claimant:CLT0036,policy:POL0059,OWNS,1.0
claimant:CLT0072,policy:POL0060,OWNS,1.0
claimant:CLT0031,policy:POL0061,OWNS,1.0
claimant:CLT0098,policy:POL0062,OWNS,1.0
claimant:CLT0058,policy:POL0063,OWNS,1.0
claimant:CLT0029,policy:POL0064,OWNS,1.0
claimant:CLT0085,policy:POL0065,OWNS,1.0
claimant:CLT0068,policy:POL0066,OWNS,1.0
claimant:CLT0043,policy:POL0067,OWNS,1.0
claimant:CLT0040,policy:POL0068,OWNS,1.0
claimant:CLT0041,policy:POL0069,OWNS,1.0
claimant:CLT0025,policy:POL0070,OWNS,1.0
claimant:CLT0093,policy:POL0071,OWNS,1.0
claimant:CLT0013,policy:POL0072,OWNS,1.0
claimant:CLT0047,policy:POL0073,OWNS,1.0
claimant:CLT0017,policy:POL0074,OWNS,1.0
claimant:CLT0038,policy:POL0075,OWNS,1.0
claimant:CLT0014,policy:POL0076,OWNS,1.0
claimant:CLT0061,policy:POL0077,OWNS,1.0
claimant:CLT0007,policy:POL0078,OWNS,1.0
claimant:CLT0106,policy:POL0079,OWNS,1.0
claimant:CLT0074,policy:POL0080,OWNS,1.0
claimant:CLT0020,policy:POL0081,OWNS,1.0
claimant:CLT0032,policy:POL0082,OWNS,1.0
claimant:CLT0100,policy:POL0083,OWNS,1.0
claimant:CLT0039,policy:POL0084,OWNS,1.0
claimant:CLT0073,policy:POL0085,OWNS,1.0
claimant:CLT0098,policy:POL0086,OWNS,1.0
claimant:CLT0085,policy:POL0087,OWNS,1.0
claimant:CLT0071,policy:POL0088,OWNS,1.0
claimant:CLT0058,policy:POL0089,OWNS,1.0
claimant:CLT0005,policy:POL0090,OWNS,1.0
claimant:CLT0090,policy:POL0091,OWNS,1.0
claimant:CLT0119,policy:POL0092,OWNS,1.0
claimant:CLT0055,policy:POL0093,OWNS,1.0
claimant:CLT0117,policy:POL0094,OWNS,1.0
claimant:CLT0008,policy:POL0095,OWNS,1.0
claimant:CLT0118,policy:POL0096,OWNS,1.0
claimant:CLT0089,policy:POL0097,OWNS,1.0
claimant:CLT0065,policy:POL0098,OWNS,1.0
claimant:CLT0077,policy:POL0099,OWNS,1.0
claimant:CLT0078,policy:POL0100,OWNS,1.0
claimant:CLT0087,policy:POL0101,OWNS,1.0
claimant:CLT0098,policy:POL0102,OWNS,1.0
claimant:CLT0098,policy:POL0103,OWNS,1.0
claimant:CLT0084,policy:POL0104,OWNS,1.0
claimant:CLT0075,policy:POL0105,OWNS,1.0
claimant:CLT0061,policy:POL0106,OWNS,1.0
claimant:CLT0086,policy:POL0107,OWNS,1.0
claimant:CLT0053,policy:POL0108,OWNS,1.0
claimant:CLT0105,policy:POL0109,OWNS,1.0
claimant:CLT0012,policy:POL0110,OWNS,1.0
claimant:CLT0099,policy:POL0111,OWNS,1.0
claimant:CLT0085,policy:POL0112,OWNS,1.0
claimant:CLT0007,policy:POL0113,OWNS,1.0
claimant:CLT0081,policy:POL0114,OWNS,1.0
claimant:CLT0035,policy:POL0115,OWNS,1.0
claimant:CLT0113,policy:POL0116,OWNS,1.0
claimant:CLT0081,policy:POL0117,OWNS,1.0
claimant:CLT0040,policy:POL0118,OWNS,1.0
claimant:CLT0012,policy:POL0119,OWNS,1.0
claimant:CLT0016,policy:POL0120,OWNS,1.0
claimant:CLT0120,policy:POL0121,OWNS,1.0
claimant:CLT0054,policy:POL0122,OWNS,1.0
claimant:CLT0059,policy:POL0123,OWNS,1.0
claimant:CLT0118,policy:POL0124,OWNS,1.0
claimant:CLT0111,policy:POL0125,OWNS,1.0
claimant:CLT0120,policy:POL0126,OWNS,1.0
claimant:CLT0037,policy:POL0127,OWNS,1.0
claimant:CLT0111,policy:POL0128,OWNS,1.0
claimant:CLT0045,policy:POL0129,OWNS,1.0
claimant:CLT0059,policy:POL0130,OWNS,1.0
claimant:CLT0074,policy:POL0131,OWNS,1.0
claimant:CLT0041,policy:POL0132,OWNS,1.0
claimant:CLT0050,policy:POL0133,OWNS,1.0
claimant:CLT0064,policy:POL0134,OWNS,1.0
claimant:CLT0076,policy:POL0135,OWNS,1.0
claimant:CLT0013,policy:POL0136,OWNS,1.0
claimant:CLT0093,policy:POL0137,OWNS,1.0
claimant:CLT0010,policy:POL0138,OWNS,1.0
claimant:CLT0080,policy:POL0139,OWNS,1.0
claimant:CLT0110,policy:POL0140,OWNS,1.0
claimant:CLT0049,vehicle:VEH0001,OWNS,1.0
claimant:CLT0031,vehicle:VEH0002,OWNS,1.0
claimant:CLT0013,vehicle:VEH0003,OWNS,1.0
claimant:CLT0006,vehicle:VEH0004,OWNS,1.0
claimant:CLT0056,vehicle:VEH0005,OWNS,1.0
claimant:CLT0022,vehicle:VEH0006,OWNS,1.0
claimant:CLT0064,vehicle:VEH0007,OWNS,1.0
claimant:CLT0059,vehicle:VEH0008,OWNS,1.0
claimant:CLT0087,vehicle:VEH0009,OWNS,1.0
claimant:CLT0076,vehicle:VEH0010,OWNS,1.0
claimant:CLT0109,vehicle:VEH0011,OWNS,1.0
claimant:CLT0031,vehicle:VEH0012,OWNS,1.0
claimant:CLT0003,vehicle:VEH0013,OWNS,1.0
claimant:CLT0107,vehicle:VEH0014,OWNS,1.0
claimant:CLT0082,vehicle:VEH0015,OWNS,1.0
claimant:CLT0116,vehicle:VEH0016,OWNS,1.0
claimant:CLT0075,vehicle:VEH0017,OWNS,1.0
claimant:CLT0096,vehicle:VEH0018,OWNS,1.0
claimant:CLT0068,vehicle:VEH0019,OWNS,1.0
claimant:CLT0117,vehicle:VEH0020,OWNS,1.0
claimant:CLT0060,vehicle:VEH0021,OWNS,1.0
claimant:CLT0109,vehicle:VEH0022,OWNS,1.0
claimant:CLT0034,vehicle:VEH0023,OWNS,1.0
claimant:CLT0075,vehicle:VEH0024,OWNS,1.0
claimant:CLT0004,vehicle:VEH0025,OWNS,1.0
claimant:CLT0082,vehicle:VEH0026,OWNS,1.0
claimant:CLT0018,vehicle:VEH0027,OWNS,1.0
claimant:CLT0013,vehicle:VEH0028,OWNS,1.0
claimant:CLT0086,vehicle:VEH0029,OWNS,1.0
claimant:CLT0084,vehicle:VEH0030,OWNS,1.0
claimant:CLT0005,vehicle:VEH0031,OWNS,1.0
claimant:CLT0110,vehicle:VEH0032,OWNS,1.0
claimant:CLT0008,vehicle:VEH0033,OWNS,1.0
claimant:CLT0012,vehicle:VEH0034,OWNS,1.0
claimant:CLT0017,vehicle:VEH0035,OWNS,1.0
claimant:CLT0105,vehicle:VEH0036,OWNS,1.0
claimant:CLT0036,vehicle:VEH0037,OWNS,1.0
claimant:CLT0015,vehicle:VEH0038,OWNS,1.0
claimant:CLT0076,vehicle:VEH0039,OWNS,1.0
claimant:CLT0017,vehicle:VEH0040,OWNS,1.0
claimant:CLT0058,vehicle:VEH0041,OWNS,1.0
claimant:CLT0079,vehicle:VEH0042,OWNS,1.0
claimant:CLT0062,vehicle:VEH0043,OWNS,1.0
claimant:CLT0092,vehicle:VEH0044,OWNS,1.0
claimant:CLT0009,vehicle:VEH0045,OWNS,1.0
claimant:CLT0049,vehicle:VEH0046,OWNS,1.0
claimant:CLT0013,vehicle:VEH0047,OWNS,1.0
claimant:CLT0053,vehicle:VEH0048,OWNS,1.0
claimant:CLT0041,vehicle:VEH0049,OWNS,1.0
claimant:CLT0020,vehicle:VEH0050,OWNS,1.0
claimant:CLT0056,vehicle:VEH0051,OWNS,1.0
claimant:CLT0076,vehicle:VEH0052,OWNS,1.0
claimant:CLT0046,vehicle:VEH0053,OWNS,1.0
claimant:CLT0014,vehicle:VEH0054,OWNS,1.0
claimant:CLT0109,vehicle:VEH0055,OWNS,1.0
claimant:CLT0098,vehicle:VEH0056,OWNS,1.0
claimant:CLT0078,vehicle:VEH0057,OWNS,1.0
claimant:CLT0118,vehicle:VEH0058,OWNS,1.0
claimant:CLT0073,vehicle:VEH0059,OWNS,1.0
claimant:CLT0096,vehicle:VEH0060,OWNS,1.0
claimant:CLT0044,vehicle:VEH0061,OWNS,1.0
claimant:CLT0114,vehicle:VEH0062,OWNS,1.0
claimant:CLT0035,vehicle:VEH0063,OWNS,1.0
claimant:CLT0035,vehicle:VEH0064,OWNS,1.0
claimant:CLT0037,vehicle:VEH0065,OWNS,1.0
claimant:CLT0029,vehicle:VEH0066,OWNS,1.0
claimant:CLT0028,vehicle:VEH0067,OWNS,1.0
claimant:CLT0001,vehicle:VEH0068,OWNS,1.0
claimant:CLT0069,vehicle:VEH0069,OWNS,1.0
claimant:CLT0056,vehicle:VEH0070,OWNS,1.0
claimant:CLT0074,vehicle:VEH0071,OWNS,1.0
claimant:CLT0003,vehicle:VEH0072,OWNS,1.0
claimant:CLT0012,vehicle:VEH0073,OWNS,1.0
claimant:CLT0068,vehicle:VEH0074,OWNS,1.0
claimant:CLT0043,vehicle:VEH0075,OWNS,1.0
claimant:CLT0116,vehicle:VEH0076,OWNS,1.0
claimant:CLT0014,vehicle:VEH0077,OWNS,1.0
claimant:CLT0098,vehicle:VEH0078,OWNS,1.0
claimant:CLT0097,vehicle:VEH0079,OWNS,1.0
claimant:CLT0020,vehicle:VEH0080,OWNS,1.0
claimant:CLT0102,vehicle:VEH0081,OWNS,1.0
claimant:CLT0040,vehicle:VEH0082,OWNS,1.0
claimant:CLT0107,vehicle:VEH0083,OWNS,1.0
claimant:CLT0060,vehicle:VEH0084,OWNS,1.0
claimant:CLT0078,vehicle:VEH0085,OWNS,1.0
claimant:CLT0104,vehicle:VEH0086,OWNS,1.0
claimant:CLT0032,vehicle:VEH0087,OWNS,1.0
claimant:CLT0047,vehicle:VEH0088,OWNS,1.0
claimant:CLT0087,vehicle:VEH0089,OWNS,1.0
claimant:CLT0043,vehicle:VEH0090,OWNS,1.0
claimant:CLT0043,vehicle:VEH0091,OWNS,1.0
claimant:CLT0017,vehicle:VEH0092,OWNS,1.0
claimant:CLT0105,vehicle:VEH0093,OWNS,1.0
claimant:CLT0003,vehicle:VEH0094,OWNS,1.0
claimant:CLT0099,vehicle:VEH0095,OWNS,1.0
claimant:CLT0010,vehicle:VEH0096,OWNS,1.0
claimant:CLT0085,vehicle:VEH0097,OWNS,1.0
claimant:CLT0021,vehicle:VEH0098,OWNS,1.0
claimant:CLT0053,vehicle:VEH0099,OWNS,1.0
claimant:CLT0030,vehicle:VEH0100,OWNS,1.0
claimant:CLT0048,vehicle:VEH0101,OWNS,1.0
claimant:CLT0065,vehicle:VEH0102,OWNS,1.0
claimant:CLT0112,vehicle:VEH0103,OWNS,1.0
claimant:CLT0071,vehicle:VEH0104,OWNS,1.0
claimant:CLT0035,vehicle:VEH0105,OWNS,1.0
claimant:CLT0117,vehicle:VEH0106,OWNS,1.0
claimant:CLT0007,vehicle:VEH0107,OWNS,1.0
claimant:CLT0048,vehicle:VEH0108,OWNS,1.0
claimant:CLT0102,vehicle:VEH0109,OWNS,1.0
claimant:CLT0090,vehicle:VEH0110,OWNS,1.0
claimant:CLT0003,vehicle:VEH0111,OWNS,1.0
claimant:CLT0015,vehicle:VEH0112,OWNS,1.0
claimant:CLT0031,vehicle:VEH0113,OWNS,1.0
claimant:CLT0077,vehicle:VEH0114,OWNS,1.0
claimant:CLT0092,vehicle:VEH0115,OWNS,1.0
claimant:CLT0031,vehicle:VEH0116,OWNS,1.0
claimant:CLT0009,vehicle:VEH0117,OWNS,1.0
claimant:CLT0082,vehicle:VEH0118,OWNS,1.0
claimant:CLT0101,vehicle:VEH0119,OWNS,1.0
claimant:CLT0018,vehicle:VEH0120,OWNS,1.0
claimant:CLT0107,vehicle:VEH0121,OWNS,1.0
claimant:CLT0009,vehicle:VEH0122,OWNS,1.0
claimant:CLT0102,vehicle:VEH0123,OWNS,1.0
claimant:CLT0105,vehicle:VEH0124,OWNS,1.0
claimant:CLT0037,vehicle:VEH0125,OWNS,1.0
claimant:CLT0016,vehicle:VEH0126,OWNS,1.0
claimant:CLT0044,vehicle:VEH0127,OWNS,1.0
claimant:CLT0119,vehicle:VEH0128,OWNS,1.0
claimant:CLT0011,vehicle:VEH0129,OWNS,1.0
claimant:CLT0014,vehicle:VEH0130,OWNS,1.0
claimant:CLT0001,location:mumbai,LOCATED_AT,1.0
claimant:CLT0002,location:pune,LOCATED_AT,1.0
claimant:CLT0003,location:delhi,LOCATED_AT,1.0
claimant:CLT0004,location:mumbai,LOCATED_AT,1.0
claimant:CLT0005,location:delhi,LOCATED_AT,1.0
claimant:CLT0006,location:delhi,LOCATED_AT,1.0
claimant:CLT0007,location:delhi,LOCATED_AT,1.0
claimant:CLT0008,location:pune,LOCATED_AT,1.0
claimant:CLT0009,location:pune,LOCATED_AT,1.0
claimant:CLT0010,location:mumbai,LOCATED_AT,1.0
claimant:CLT0011,location:ahmedabad,LOCATED_AT,1.0
claimant:CLT0012,location:surat,LOCATED_AT,1.0
claimant:CLT0013,location:delhi,LOCATED_AT,1.0
claimant:CLT0014,location:pune,LOCATED_AT,1.0
claimant:CLT0015,location:pune,LOCATED_AT,1.0
claimant:CLT0016,location:mumbai,LOCATED_AT,1.0
claimant:CLT0017,location:ahmedabad,LOCATED_AT,1.0
claimant:CLT0018,location:pune,LOCATED_AT,1.0
claimant:CLT0019,location:pune,LOCATED_AT,1.0
claimant:CLT0020,location:surat,LOCATED_AT,1.0
claimant:CLT0021,location:ahmedabad,LOCATED_AT,1.0
claimant:CLT0022,location:ahmedabad,LOCATED_AT,1.0
claimant:CLT0023,location:pune,LOCATED_AT,1.0
claimant:CLT0024,location:surat,LOCATED_AT,1.0
claimant:CLT0025,location:ahmedabad,LOCATED_AT,1.0
claimant:CLT0026,location:delhi,LOCATED_AT,1.0
claimant:CLT0027,location:surat,LOCATED_AT,1.0
claimant:CLT0028,location:delhi,LOCATED_AT,1.0
claimant:CLT0029,location:mumbai,LOCATED_AT,1.0
claimant:CLT0030,location:pune,LOCATED_AT,1.0
claimant:CLT0031,location:surat,LOCATED_AT,1.0
claimant:CLT0032,location:mumbai,LOCATED_AT,1.0
claimant:CLT0033,location:ahmedabad,LOCATED_AT,1.0
claimant:CLT0034,location:pune,LOCATED_AT,1.0
claimant:CLT0035,location:ahmedabad,LOCATED_AT,1.0
claimant:CLT0036,location:ahmedabad,LOCATED_AT,1.0
claimant:CLT0037,location:pune,LOCATED_AT,1.0
claimant:CLT0038,location:mumbai,LOCATED_AT,1.0
claimant:CLT0039,location:pune,LOCATED_AT,1.0
claimant:CLT0040,location:mumbai,LOCATED_AT,1.0
claimant:CLT0041,location:delhi,LOCATED_AT,1.0
claimant:CLT0042,location:surat,LOCATED_AT,1.0
claimant:CLT0043,location:delhi,LOCATED_AT,1.0
claimant:CLT0044,location:pune,LOCATED_AT,1.0
claimant:CLT0045,location:ahmedabad,LOCATED_AT,1.0
claimant:CLT0046,location:pune,LOCATED_AT,1.0
claimant:CLT0047,location:mumbai,LOCATED_AT,1.0
claimant:CLT0048,location:mumbai,LOCATED_AT,1.0
claimant:CLT0049,location:mumbai,LOCATED_AT,1.0
claimant:CLT0050,location:pune,LOCATED_AT,1.0
claimant:CLT0051,location:delhi,LOCATED_AT,1.0
claimant:CLT0052,location:surat,LOCATED_AT,1.0
claimant:CLT0053,location:mumbai,LOCATED_AT,1.0
claimant:CLT0054,location:surat,LOCATED_AT,1.0
claimant:CLT0055,location:mumbai,LOCATED_AT,1.0
claimant:CLT0056,location:ahmedabad,LOCATED_AT,1.0
claimant:CLT0057,location:pune,LOCATED_AT,1.0
claimant:CLT0058,location:pune,LOCATED_AT,1.0
claimant:CLT0059,location:mumbai,LOCATED_AT,1.0
claimant:CLT0060,location:delhi,LOCATED_AT,1.0
claimant:CLT0061,location:pune,LOCATED_AT,1.0
claimant:CLT0062,location:surat,LOCATED_AT,1.0
claimant:CLT0063,location:pune,LOCATED_AT,1.0
claimant:CLT0064,location:ahmedabad,LOCATED_AT,1.0
claimant:CLT0065,location:delhi,LOCATED_AT,1.0
claimant:CLT0066,location:ahmedabad,LOCATED_AT,1.0
claimant:CLT0067,location:delhi,LOCATED_AT,1.0
claimant:CLT0068,location:mumbai,LOCATED_AT,1.0
claimant:CLT0069,location:delhi,LOCATED_AT,1.0
claimant:CLT0070,location:delhi,LOCATED_AT,1.0
claimant:CLT0071,location:mumbai,LOCATED_AT,1.0
claimant:CLT0072,location:mumbai,LOCATED_AT,1.0
claimant:CLT0073,location:pune,LOCATED_AT,1.0
claimant:CLT0074,location:surat,LOCATED_AT,1.0
claimant:CLT0075,location:ahmedabad,LOCATED_AT,1.0
claimant:CLT0076,location:delhi,LOCATED_AT,1.0
claimant:CLT0077,location:pune,LOCATED_AT,1.0
claimant:CLT0078,location:mumbai,LOCATED_AT,1.0
claimant:CLT0079,location:pune,LOCATED_AT,1.0
claimant:CLT0080,location:delhi,LOCATED_AT,1.0
claimant:CLT0081,location:mumbai,LOCATED_AT,1.0
claimant:CLT0082,location:mumbai,LOCATED_AT,1.0
claimant:CLT0083,location:delhi,LOCATED_AT,1.0
claimant:CLT0084,location:ahmedabad,LOCATED_AT,1.0
claimant:CLT0085,location:mumbai,LOCATED_AT,1.0
claimant:CLT0086,location:mumbai,LOCATED_AT,1.0
claimant:CLT0087,location:ahmedabad,LOCATED_AT,1.0
claimant:CLT0088,location:surat,LOCATED_AT,1.0
claimant:CLT0089,location:pune,LOCATED_AT,1.0
claimant:CLT0090,location:delhi,LOCATED_AT,1.0
claimant:CLT0091,location:mumbai,LOCATED_AT,1.0
claimant:CLT0092,location:ahmedabad,LOCATED_AT,1.0
claimant:CLT0093,location:mumbai,LOCATED_AT,1.0
claimant:CLT0094,location:pune,LOCATED_AT,1.0
claimant:CLT0095,location:surat,LOCATED_AT,1.0
claimant:CLT0096,location:ahmedabad,LOCATED_AT,1.0
claimant:CLT0097,location:pune,LOCATED_AT,1.0
claimant:CLT0098,location:surat,LOCATED_AT,1.0
claimant:CLT0099,location:ahmedabad,LOCATED_AT,1.0
claimant:CLT0100,location:mumbai,LOCATED_AT,1.0
claimant:CLT0101,location:ahmedabad,LOCATED_AT,1.0
claimant:CLT0102,location:delhi,LOCATED_AT,1.0
claimant:CLT0103,location:mumbai,LOCATED_AT,1.0
claimant:CLT0104,location:ahmedabad,LOCATED_AT,1.0
claimant:CLT0105,location:surat,LOCATED_AT,1.0
claimant:CLT0106,location:delhi,LOCATED_AT,1.0
claimant:CLT0107,location:pune,LOCATED_AT,1.0
claimant:CLT0108,location:surat,LOCATED_AT,1.0
claimant:CLT0109,location:surat,LOCATED_AT,1.0
claimant:CLT0110,location:ahmedabad,LOCATED_AT,1.0
claimant:CLT0111,location:ahmedabad,LOCATED_AT,1.0
claimant:CLT0112,location:ahmedabad,LOCATED_AT,1.0
claimant:CLT0113,location:surat,LOCATED_AT,1.0
claimant:CLT0114,location:delhi,LOCATED_AT,1.0
claimant:CLT0115,location:pune,LOCATED_AT,1.0
claimant:CLT0116,location:surat,LOCATED_AT,1.0
claimant:CLT0117,location:surat,LOCATED_AT,1.0
claimant:CLT0118,location:delhi,LOCATED_AT,1.0
claimant:CLT0119,location:pune,LOCATED_AT,1.0
claimant:CLT0120,location:pune,LOCATED_AT,1.0
provider:PRV001,location:surat,LOCATED_AT,1.0
provider:PRV002,location:surat,LOCATED_AT,1.0
provider:PRV003,location:ahmedabad,LOCATED_AT,1.0
provider:PRV004,location:mumbai,LOCATED_AT,1.0
provider:PRV005,location:surat,LOCATED_AT,1.0
provider:PRV006,location:pune,LOCATED_AT,1.0
provider:PRV007,location:delhi,LOCATED_AT,1.0
provider:PRV008,location:mumbai,LOCATED_AT,1.0
provider:PRV009,location:ahmedabad,LOCATED_AT,1.0
provider:PRV010,location:delhi,LOCATED_AT,1.0
provider:PRV011,location:surat,LOCATED_AT,1.0
provider:PRV012,location:mumbai,LOCATED_AT,1.0
provider:PRV013,location:surat,LOCATED_AT,1.0
provider:PRV014,location:pune,LOCATED_AT,1.0
provider:PRV015,location:pune,LOCATED_AT,1.0
provider:PRV016,location:delhi,LOCATED_AT,1.0
provider:PRV017,location:ahmedabad,LOCATED_AT,1.0
provider:PRV018,location:delhi,LOCATED_AT,1.0
provider:PRV019,location:surat,LOCATED_AT,1.0
provider:PRV020,location:mumbai,LOCATED_AT,1.0
provider:PRV021,location:surat,LOCATED_AT,1.0
provider:PRV022,location:ahmedabad,LOCATED_AT,1.0
provider:PRV023,location:delhi,LOCATED_AT,1.0
provider:PRV024,location:pune,LOCATED_AT,1.0
provider:PRV025,location:delhi,LOCATED_AT,1.0
invoice:INV00001,provider:PRV007,ISSUED_BY,1.0
invoice:INV00002,provider:PRV016,ISSUED_BY,1.0
invoice:INV00003,provider:PRV018,ISSUED_BY,1.0
invoice:INV00004,provider:PRV015,ISSUED_BY,1.0
invoice:INV00005,provider:PRV020,ISSUED_BY,1.0
invoice:INV00006,provider:PRV010,ISSUED_BY,1.0
invoice:INV00007,provider:PRV024,ISSUED_BY,1.0
invoice:INV00008,provider:PRV014,ISSUED_BY,1.0
invoice:INV00009,provider:PRV019,ISSUED_BY,1.0
invoice:INV00010,provider:PRV011,ISSUED_BY,1.0
invoice:INV00011,provider:PRV015,ISSUED_BY,1.0
invoice:INV00012,provider:PRV017,ISSUED_BY,1.0
invoice:INV00013,provider:PRV025,ISSUED_BY,1.0
invoice:INV00014,provider:PRV019,ISSUED_BY,1.0
invoice:INV00015,provider:PRV005,ISSUED_BY,1.0
invoice:INV00016,provider:PRV002,ISSUED_BY,1.0
invoice:INV00017,provider:PRV005,ISSUED_BY,1.0
invoice:INV00018,provider:PRV006,ISSUED_BY,1.0
invoice:INV00019,provider:PRV023,ISSUED_BY,1.0
invoice:INV00020,provider:PRV017,ISSUED_BY,1.0
invoice:INV00021,provider:PRV003,ISSUED_BY,1.0
invoice:INV00022,provider:PRV021,ISSUED_BY,1.0
invoice:INV00023,provider:PRV005,ISSUED_BY,1.0
invoice:INV00024,provider:PRV020,ISSUED_BY,1.0
invoice:INV00025,provider:PRV017,ISSUED_BY,1.0
invoice:INV00026,provider:PRV019,ISSUED_BY,1.0
invoice:INV00027,provider:PRV006,ISSUED_BY,1.0
invoice:INV00028,provider:PRV020,ISSUED_BY,1.0
invoice:INV00029,provider:PRV019,ISSUED_BY,1.0
invoice:INV00030,provider:PRV001,ISSUED_BY,1.0
invoice:INV00031,provider:PRV021,ISSUED_BY,1.0
invoice:INV00032,provider:PRV021,ISSUED_BY,1.0
invoice:INV00033,provider:PRV019,ISSUED_BY,1.0
invoice:INV00034,provider:PRV021,ISSUED_BY,1.0
invoice:INV00035,provider:PRV021,ISSUED_BY,1.0
invoice:INV00036,provider:PRV021,ISSUED_BY,1.0
invoice:INV00037,provider:PRV008,ISSUED_BY,1.0
invoice:INV00038,provider:PRV015,ISSUED_BY,1.0
invoice:INV00039,provider:PRV002,ISSUED_BY,1.0
invoice:INV00040,provider:PRV014,ISSUED_BY,1.0
invoice:INV00041,provider:PRV007,ISSUED_BY,1.0
invoice:INV00042,provider:PRV005,ISSUED_BY,1.0
invoice:INV00043,provider:PRV023,ISSUED_BY,1.0
invoice:INV00044,provider:PRV012,ISSUED_BY,1.0
invoice:INV00045,provider:PRV025,ISSUED_BY,1.0
invoice:INV00046,provider:PRV018,ISSUED_BY,1.0
invoice:INV00047,provider:PRV008,ISSUED_BY,1.0
invoice:INV00048,provider:PRV009,ISSUED_BY,1.0
invoice:INV00049,provider:PRV005,ISSUED_BY,1.0
invoice:INV00050,provider:PRV010,ISSUED_BY,1.0
invoice:INV00051,provider:PRV020,ISSUED_BY,1.0
invoice:INV00052,provider:PRV006,ISSUED_BY,1.0
invoice:INV00053,provider:PRV019,ISSUED_BY,1.0
invoice:INV00054,provider:PRV025,ISSUED_BY,1.0
invoice:INV00055,provider:PRV017,ISSUED_BY,1.0
invoice:INV00056,provider:PRV010,ISSUED_BY,1.0
invoice:INV00057,provider:PRV003,ISSUED_BY,1.0
invoice:INV00058,provider:PRV015,ISSUED_BY,1.0
invoice:INV00059,provider:PRV019,ISSUED_BY,1.0
invoice:INV00060,provider:PRV002,ISSUED_BY,1.0
invoice:INV00061,provider:PRV020,ISSUED_BY,1.0
invoice:INV00062,provider:PRV016,ISSUED_BY,1.0
invoice:INV00063,provider:PRV001,ISSUED_BY,1.0
invoice:INV00064,provider:PRV005,ISSUED_BY,1.0
invoice:INV00065,provider:PRV012,ISSUED_BY,1.0
invoice:INV00066,provider:PRV002,ISSUED_BY,1.0
invoice:INV00067,provider:PRV019,ISSUED_BY,1.0
invoice:INV00068,provider:PRV012,ISSUED_BY,1.0
invoice:INV00069,provider:PRV003,ISSUED_BY,1.0
invoice:INV00070,provider:PRV015,ISSUED_BY,1.0
invoice:INV00071,provider:PRV020,ISSUED_BY,1.0
invoice:INV00072,provider:PRV005,ISSUED_BY,1.0
invoice:INV00073,provider:PRV012,ISSUED_BY,1.0
invoice:INV00074,provider:PRV012,ISSUED_BY,1.0
invoice:INV00075,provider:PRV020,ISSUED_BY,1.0
invoice:INV00076,provider:PRV017,ISSUED_BY,1.0
invoice:INV00077,provider:PRV002,ISSUED_BY,1.0
invoice:INV00078,provider:PRV011,ISSUED_BY,1.0
invoice:INV00079,provider:PRV015,ISSUED_BY,1.0
invoice:INV00080,provider:PRV017,ISSUED_BY,1.0
invoice:INV00081,provider:PRV020,ISSUED_BY,1.0
invoice:INV00082,provider:PRV013,ISSUED_BY,1.0
invoice:INV00083,provider:PRV010,ISSUED_BY,1.0
invoice:INV00084,provider:PRV017,ISSUED_BY,1.0
invoice:INV00085,provider:PRV016,ISSUED_BY,1.0
invoice:INV00086,provider:PRV016,ISSUED_BY,1.0
invoice:INV00087,provider:PRV011,ISSUED_BY,1.0
invoice:INV00088,provider:PRV014,ISSUED_BY,1.0
invoice:INV00089,provider:PRV024,ISSUED_BY,1.0
invoice:INV00090,provider:PRV020,ISSUED_BY,1.0
invoice:INV00091,provider:PRV021,ISSUED_BY,1.0
invoice:INV00092,provider:PRV008,ISSUED_BY,1.0
invoice:INV00093,provider:PRV016,ISSUED_BY,1.0
invoice:INV00094,provider:PRV021,ISSUED_BY,1.0
invoice:INV00095,provider:PRV013,ISSUED_BY,1.0
invoice:INV00096,provider:PRV022,ISSUED_BY,1.0
invoice:INV00097,provider:PRV019,ISSUED_BY,1.0
invoice:INV00098,provider:PRV001,ISSUED_BY,1.0
invoice:INV00099,provider:PRV014,ISSUED_BY,1.0
invoice:INV00100,provider:PRV023,ISSUED_BY,1.0
invoice:INV00101,provider:PRV017,ISSUED_BY,1.0
invoice:INV00102,provider:PRV016,ISSUED_BY,1.0
invoice:INV00103,provider:PRV005,ISSUED_BY,1.0
invoice:INV00104,provider:PRV018,ISSUED_BY,1.0
invoice:INV00105,provider:PRV016,ISSUED_BY,1.0
invoice:INV00106,provider:PRV011,ISSUED_BY,1.0
invoice:INV00107,provider:PRV018,ISSUED_BY,1.0
invoice:INV00108,provider:PRV012,ISSUED_BY,1.0
invoice:INV00109,provider:PRV023,ISSUED_BY,1.0
invoice:INV00110,provider:PRV016,ISSUED_BY,1.0
invoice:INV00111,provider:PRV008,ISSUED_BY,1.0
invoice:INV00112,provider:PRV010,ISSUED_BY,1.0
invoice:INV00113,provider:PRV010,ISSUED_BY,1.0
invoice:INV00114,provider:PRV007,ISSUED_BY,1.0
invoice:INV00115,provider:PRV016,ISSUED_BY,1.0
invoice:INV00116,provider:PRV024,ISSUED_BY,1.0
invoice:INV00117,provider:PRV004,ISSUED_BY,1.0
invoice:INV00118,provider:PRV018,ISSUED_BY,1.0
invoice:INV00119,provider:PRV013,ISSUED_BY,1.0
invoice:INV00120,provider:PRV025,ISSUED_BY,1.0
invoice:INV00121,provider:PRV002,ISSUED_BY,1.0
invoice:INV00122,provider:PRV023,ISSUED_BY,1.0
invoice:INV00123,provider:PRV015,ISSUED_BY,1.0
invoice:INV00124,provider:PRV024,ISSUED_BY,1.0
invoice:INV00125,provider:PRV007,ISSUED_BY,1.0
invoice:INV00126,provider:PRV018,ISSUED_BY,1.0
invoice:INV00127,provider:PRV004,ISSUED_BY,1.0
invoice:INV00128,provider:PRV019,ISSUED_BY,1.0
invoice:INV00129,provider:PRV002,ISSUED_BY,1.0
invoice:INV00130,provider:PRV021,ISSUED_BY,1.0
invoice:INV00131,provider:PRV004,ISSUED_BY,1.0
invoice:INV00132,provider:PRV023,ISSUED_BY,1.0
invoice:INV00133,provider:PRV022,ISSUED_BY,1.0
invoice:INV00134,provider:PRV018,ISSUED_BY,1.0
invoice:INV00135,provider:PRV021,ISSUED_BY,1.0
invoice:INV00136,provider:PRV021,ISSUED_BY,1.0
invoice:INV00137,provider:PRV010,ISSUED_BY,1.0
invoice:INV00138,provider:PRV021,ISSUED_BY,1.0
invoice:INV00139,provider:PRV025,ISSUED_BY,1.0
invoice:INV00140,provider:PRV019,ISSUED_BY,1.0
invoice:INV00141,provider:PRV024,ISSUED_BY,1.0
invoice:INV00142,provider:PRV006,ISSUED_BY,1.0
invoice:INV00143,provider:PRV006,ISSUED_BY,1.0
invoice:INV00144,provider:PRV013,ISSUED_BY,1.0
invoice:INV00145,provider:PRV024,ISSUED_BY,1.0
invoice:INV00146,provider:PRV002,ISSUED_BY,1.0
invoice:INV00147,provider:PRV019,ISSUED_BY,1.0
invoice:INV00148,provider:PRV011,ISSUED_BY,1.0
invoice:INV00149,provider:PRV021,ISSUED_BY,1.0
invoice:INV00150,provider:PRV016,ISSUED_BY,1.0
invoice:INV00151,provider:PRV017,ISSUED_BY,1.0
invoice:INV00152,provider:PRV007,ISSUED_BY,1.0
invoice:INV00153,provider:PRV006,ISSUED_BY,1.0
invoice:INV00154,provider:PRV009,ISSUED_BY,1.0
invoice:INV00155,provider:PRV024,ISSUED_BY,1.0
invoice:INV00156,provider:PRV010,ISSUED_BY,1.0
invoice:INV00157,provider:PRV025,ISSUED_BY,1.0
invoice:INV00158,provider:PRV020,ISSUED_BY,1.0
invoice:INV00159,provider:PRV013,ISSUED_BY,1.0
invoice:INV00160,provider:PRV011,ISSUED_BY,1.0
invoice:INV00161,provider:PRV022,ISSUED_BY,1.0
invoice:INV00162,provider:PRV005,ISSUED_BY,1.0
invoice:INV00163,provider:PRV008,ISSUED_BY,1.0
invoice:INV00164,provider:PRV013,ISSUED_BY,1.0
invoice:INV00165,provider:PRV025,ISSUED_BY,1.0
invoice:INV00166,provider:PRV011,ISSUED_BY,1.0
invoice:INV00167,provider:PRV024,ISSUED_BY,1.0
invoice:INV00168,provider:PRV009,ISSUED_BY,1.0
invoice:INV00169,provider:PRV023,ISSUED_BY,1.0
invoice:INV00170,provider:PRV022,ISSUED_BY,1.0
invoice:INV00171,provider:PRV010,ISSUED_BY,1.0
invoice:INV00172,provider:PRV022,ISSUED_BY,1.0
invoice:INV00173,provider:PRV023,ISSUED_BY,1.0
invoice:INV00174,provider:PRV004,ISSUED_BY,1.0
invoice:INV00175,provider:PRV010,ISSUED_BY,1.0
invoice:INV00176,provider:PRV008,ISSUED_BY,1.0
invoice:INV00177,provider:PRV005,ISSUED_BY,1.0
invoice:INV00178,provider:PRV015,ISSUED_BY,1.0
invoice:INV00179,provider:PRV014,ISSUED_BY,1.0
invoice:INV00180,provider:PRV016,ISSUED_BY,1.0
invoice:INV00181,provider:PRV022,ISSUED_BY,1.0
invoice:INV00182,provider:PRV008,ISSUED_BY,1.0
invoice:INV00183,provider:PRV003,ISSUED_BY,1.0
invoice:INV00184,provider:PRV017,ISSUED_BY,1.0
invoice:INV00185,provider:PRV019,ISSUED_BY,1.0
invoice:INV00186,provider:PRV018,ISSUED_BY,1.0
invoice:INV00187,provider:PRV019,ISSUED_BY,1.0
invoice:INV00188,provider:PRV006,ISSUED_BY,1.0
invoice:INV00189,provider:PRV017,ISSUED_BY,1.0
invoice:INV00190,provider:PRV022,ISSUED_BY,1.0
invoice:INV00191,provider:PRV019,ISSUED_BY,1.0
invoice:INV00192,provider:PRV017,ISSUED_BY,1.0
invoice:INV00193,provider:PRV002,ISSUED_BY,1.0
invoice:INV00194,provider:PRV017,ISSUED_BY,1.0
invoice:INV00195,provider:PRV019,ISSUED_BY,1.0
invoice:INV00196,provider:PRV015,ISSUED_BY,1.0
invoice:INV00197,provider:PRV001,ISSUED_BY,1.0
invoice:INV00198,provider:PRV001,ISSUED_BY,1.0
invoice:INV00199,provider:PRV003,ISSUED_BY,1.0
invoice:INV00200,provider:PRV012,ISSUED_BY,1.0
invoice:INV00201,provider:PRV002,ISSUED_BY,1.0
invoice:INV00202,provider:PRV016,ISSUED_BY,1.0
invoice:INV00203,provider:PRV014,ISSUED_BY,1.0
invoice:INV00204,provider:PRV005,ISSUED_BY,1.0
invoice:INV00205,provider:PRV024,ISSUED_BY,1.0
invoice:INV00206,provider:PRV014,ISSUED_BY,1.0
invoice:INV00207,provider:PRV013,ISSUED_BY,1.0
invoice:INV00208,provider:PRV013,ISSUED_BY,1.0
invoice:INV00209,provider:PRV022,ISSUED_BY,1.0
invoice:INV00210,provider:PRV021,ISSUED_BY,1.0
invoice:INV00211,provider:PRV006,ISSUED_BY,1.0
invoice:INV00212,provider:PRV017,ISSUED_BY,1.0
invoice:INV00213,provider:PRV008,ISSUED_BY,1.0
invoice:INV00214,provider:PRV001,ISSUED_BY,1.0
invoice:INV00215,provider:PRV022,ISSUED_BY,1.0
invoice:INV00216,provider:PRV018,ISSUED_BY,1.0
invoice:INV00217,provider:PRV008,ISSUED_BY,1.0
invoice:INV00218,provider:PRV012,ISSUED_BY,1.0
invoice:INV00219,provider:PRV007,ISSUED_BY,1.0
invoice:INV00220,provider:PRV022,ISSUED_BY,1.0
claimant:CLT0099,claim:CLM00001,FILED,1.0
claim:CLM00001,policy:POL0005,COVERED_BY,1.0
claim:CLM00001,vehicle:VEH0062,ASSOCIATED_WITH,1.0
claim:CLM00001,provider:PRV007,INVOLVES,1.0
claim:CLM00001,invoice:INV00018,HAS,1.0
claim:CLM00001,location:ahmedabad,OCCURRED_AT,1.0
claimant:CLT0052,claim:CLM00002,FILED,1.0
claim:CLM00002,policy:POL0113,COVERED_BY,1.0
claim:CLM00002,vehicle:VEH0060,ASSOCIATED_WITH,1.0
claim:CLM00002,provider:PRV018,INVOLVES,1.0
claim:CLM00002,invoice:INV00056,HAS,1.0
claim:CLM00002,location:surat,OCCURRED_AT,1.0
claimant:CLT0030,claim:CLM00003,FILED,1.0
claim:CLM00003,policy:POL0082,COVERED_BY,1.0
claim:CLM00003,vehicle:VEH0083,ASSOCIATED_WITH,1.0
claim:CLM00003,provider:PRV008,INVOLVES,1.0
claim:CLM00003,invoice:INV00078,HAS,1.0
claim:CLM00003,location:pune,OCCURRED_AT,1.0
claimant:CLT0053,claim:CLM00004,FILED,1.0
claim:CLM00004,policy:POL0077,COVERED_BY,1.0
claim:CLM00004,vehicle:VEH0071,ASSOCIATED_WITH,1.0
claim:CLM00004,provider:PRV002,INVOLVES,1.0
claim:CLM00004,invoice:INV00143,HAS,1.0
claim:CLM00004,location:mumbai,OCCURRED_AT,1.0
claimant:CLT0072,claim:CLM00005,FILED,1.0
claim:CLM00005,policy:POL0127,COVERED_BY,1.0
claim:CLM00005,vehicle:VEH0013,ASSOCIATED_WITH,1.0
claim:CLM00005,provider:PRV012,INVOLVES,1.0
claim:CLM00005,invoice:INV00165,HAS,1.0
claim:CLM00005,location:mumbai,OCCURRED_AT,1.0
claimant:CLT0053,claim:CLM00006,FILED,1.0
claim:CLM00006,policy:POL0039,COVERED_BY,1.0
claim:CLM00006,vehicle:VEH0077,ASSOCIATED_WITH,1.0
claim:CLM00006,provider:PRV013,INVOLVES,1.0
claim:CLM00006,invoice:INV00048,HAS,1.0
claim:CLM00006,location:mumbai,OCCURRED_AT,1.0
claimant:CLT0110,claim:CLM00007,FILED,1.0
claim:CLM00007,policy:POL0037,COVERED_BY,1.0
claim:CLM00007,vehicle:VEH0119,ASSOCIATED_WITH,1.0
claim:CLM00007,provider:PRV002,INVOLVES,1.0
claim:CLM00007,invoice:INV00144,HAS,1.0
claim:CLM00007,location:ahmedabad,OCCURRED_AT,1.0
claimant:CLT0032,claim:CLM00008,FILED,1.0
claim:CLM00008,policy:POL0066,COVERED_BY,1.0
claim:CLM00008,vehicle:VEH0053,ASSOCIATED_WITH,1.0
claim:CLM00008,provider:PRV011,INVOLVES,1.0
claim:CLM00008,invoice:INV00166,HAS,1.0
claim:CLM00008,location:mumbai,OCCURRED_AT,1.0
claimant:CLT0069,claim:CLM00009,FILED,1.0
claim:CLM00009,policy:POL0049,COVERED_BY,1.0
claim:CLM00009,vehicle:VEH0014,ASSOCIATED_WITH,1.0
claim:CLM00009,provider:PRV009,INVOLVES,1.0
claim:CLM00009,invoice:INV00097,HAS,1.0
claim:CLM00009,location:delhi,OCCURRED_AT,1.0
claimant:CLT0103,claim:CLM00010,FILED,1.0
claim:CLM00010,policy:POL0056,COVERED_BY,1.0
claim:CLM00010,vehicle:VEH0123,ASSOCIATED_WITH,1.0
claim:CLM00010,provider:PRV007,INVOLVES,1.0
claim:CLM00010,invoice:INV00086,HAS,1.0
claim:CLM00010,location:mumbai,OCCURRED_AT,1.0
claimant:CLT0118,claim:CLM00011,FILED,1.0
claim:CLM00011,policy:POL0063,COVERED_BY,1.0
claim:CLM00011,vehicle:VEH0053,ASSOCIATED_WITH,1.0
claim:CLM00011,provider:PRV013,INVOLVES,1.0
claim:CLM00011,invoice:INV00062,HAS,1.0
claim:CLM00011,location:delhi,OCCURRED_AT,1.0
claimant:CLT0069,claim:CLM00012,FILED,1.0
claim:CLM00012,policy:POL0092,COVERED_BY,1.0
claim:CLM00012,vehicle:VEH0079,ASSOCIATED_WITH,1.0
claim:CLM00012,provider:PRV009,INVOLVES,1.0
claim:CLM00012,invoice:INV00093,HAS,1.0
claim:CLM00012,location:delhi,OCCURRED_AT,1.0
claimant:CLT0098,claim:CLM00013,FILED,1.0
claim:CLM00013,policy:POL0082,COVERED_BY,1.0
claim:CLM00013,vehicle:VEH0053,ASSOCIATED_WITH,1.0
claim:CLM00013,provider:PRV012,INVOLVES,1.0
claim:CLM00013,invoice:INV00081,HAS,1.0
claim:CLM00013,location:surat,OCCURRED_AT,1.0
claimant:CLT0003,claim:CLM00014,FILED,1.0
claim:CLM00014,policy:POL0067,COVERED_BY,1.0
claim:CLM00014,vehicle:VEH0107,ASSOCIATED_WITH,1.0
claim:CLM00014,provider:PRV010,INVOLVES,1.0
claim:CLM00014,invoice:INV00040,HAS,1.0
claim:CLM00014,location:delhi,OCCURRED_AT,1.0
claimant:CLT0064,claim:CLM00015,FILED,1.0
claim:CLM00015,policy:POL0087,COVERED_BY,1.0
claim:CLM00015,vehicle:VEH0066,ASSOCIATED_WITH,1.0
claim:CLM00015,provider:PRV025,INVOLVES,1.0
claim:CLM00015,invoice:INV00211,HAS,1.0
claim:CLM00015,location:ahmedabad,OCCURRED_AT,1.0
claimant:CLT0022,claim:CLM00016,FILED,1.0
claim:CLM00016,policy:POL0091,COVERED_BY,1.0
claim:CLM00016,vehicle:VEH0044,ASSOCIATED_WITH,1.0
claim:CLM00016,provider:PRV005,INVOLVES,1.0
claim:CLM00016,invoice:INV00185,HAS,1.0
claim:CLM00016,location:ahmedabad,OCCURRED_AT,1.0
claimant:CLT0068,claim:CLM00017,FILED,1.0
claim:CLM00017,policy:POL0009,COVERED_BY,1.0
claim:CLM00017,vehicle:VEH0020,ASSOCIATED_WITH,1.0
claim:CLM00017,provider:PRV022,INVOLVES,1.0
claim:CLM00017,invoice:INV00013,HAS,1.0
claim:CLM00017,location:mumbai,OCCURRED_AT,1.0
claimant:CLT0091,claim:CLM00018,FILED,1.0
claim:CLM00018,policy:POL0039,COVERED_BY,1.0
claim:CLM00018,vehicle:VEH0003,ASSOCIATED_WITH,1.0
claim:CLM00018,provider:PRV007,INVOLVES,1.0
claim:CLM00018,invoice:INV00130,HAS,1.0
claim:CLM00018,location:mumbai,OCCURRED_AT,1.0
claimant:CLT0085,claim:CLM00019,FILED,1.0
claim:CLM00019,policy:POL0125,COVERED_BY,1.0
claim:CLM00019,vehicle:VEH0005,ASSOCIATED_WITH,1.0
claim:CLM00019,provider:PRV001,INVOLVES,1.0
claim:CLM00019,invoice:INV00137,HAS,1.0
claim:CLM00019,location:mumbai,OCCURRED_AT,1.0
claimant:CLT0003,claim:CLM00020,FILED,1.0
claim:CLM00020,policy:POL0129,COVERED_BY,1.0
claim:CLM00020,vehicle:VEH0111,ASSOCIATED_WITH,1.0
claim:CLM00020,provider:PRV006,INVOLVES,1.0
claim:CLM00020,invoice:INV00028,HAS,1.0
claim:CLM00020,location:delhi,OCCURRED_AT,1.0
claimant:CLT0080,claim:CLM00021,FILED,1.0
claim:CLM00021,policy:POL0135,COVERED_BY,1.0
claim:CLM00021,vehicle:VEH0065,ASSOCIATED_WITH,1.0
claim:CLM00021,provider:PRV012,INVOLVES,1.0
claim:CLM00021,invoice:INV00069,HAS,1.0
claim:CLM00021,location:delhi,OCCURRED_AT,1.0
claimant:CLT0090,claim:CLM00022,FILED,1.0
claim:CLM00022,policy:POL0058,COVERED_BY,1.0
claim:CLM00022,vehicle:VEH0077,ASSOCIATED_WITH,1.0
claim:CLM00022,provider:PRV022,INVOLVES,1.0
claim:CLM00022,invoice:INV00212,HAS,1.0
claim:CLM00022,location:delhi,OCCURRED_AT,1.0
claimant:CLT0052,claim:CLM00023,FILED,1.0
claim:CLM00023,policy:POL0098,COVERED_BY,1.0
claim:CLM00023,vehicle:VEH0097,ASSOCIATED_WITH,1.0
claim:CLM00023,provider:PRV018,INVOLVES,1.0
claim:CLM00023,invoice:INV00122,HAS,1.0
claim:CLM00023,location:surat,OCCURRED_AT,1.0
claimant:CLT0073,claim:CLM00024,FILED,1.0
claim:CLM00024,policy:POL0025,COVERED_BY,1.0
claim:CLM00024,vehicle:VEH0011,ASSOCIATED_WITH,1.0
claim:CLM00024,provider:PRV008,INVOLVES,1.0
claim:CLM00024,invoice:INV00055,HAS,1.0
claim:CLM00024,location:pune,OCCURRED_AT,1.0
claimant:CLT0035,claim:CLM00025,FILED,1.0
claim:CLM00025,policy:POL0012,COVERED_BY,1.0
claim:CLM00025,vehicle:VEH0020,ASSOCIATED_WITH,1.0
claim:CLM00025,provider:PRV022,INVOLVES,1.0
claim:CLM00025,invoice:INV00072,HAS,1.0
claim:CLM00025,location:ahmedabad,OCCURRED_AT,1.0
claimant:CLT0119,claim:CLM00026,FILED,1.0
claim:CLM00026,policy:POL0081,COVERED_BY,1.0
claim:CLM00026,vehicle:VEH0005,ASSOCIATED_WITH,1.0
claim:CLM00026,provider:PRV007,INVOLVES,1.0
claim:CLM00026,invoice:INV00151,HAS,1.0
claim:CLM00026,location:pune,OCCURRED_AT,1.0
claimant:CLT0039,claim:CLM00027,FILED,1.0
claim:CLM00027,policy:POL0042,COVERED_BY,1.0
claim:CLM00027,vehicle:VEH0062,ASSOCIATED_WITH,1.0
claim:CLM00027,provider:PRV019,INVOLVES,1.0
claim:CLM00027,invoice:INV00214,HAS,1.0
claim:CLM00027,location:pune,OCCURRED_AT,1.0
claimant:CLT0050,claim:CLM00028,FILED,1.0
claim:CLM00028,policy:POL0036,COVERED_BY,1.0
claim:CLM00028,vehicle:VEH0021,ASSOCIATED_WITH,1.0
claim:CLM00028,provider:PRV017,INVOLVES,1.0
claim:CLM00028,invoice:INV00191,HAS,1.0
claim:CLM00028,location:pune,OCCURRED_AT,1.0
claimant:CLT0100,claim:CLM00029,FILED,1.0
claim:CLM00029,policy:POL0084,COVERED_BY,1.0
claim:CLM00029,vehicle:VEH0008,ASSOCIATED_WITH,1.0
claim:CLM00029,provider:PRV021,INVOLVES,1.0
claim:CLM00029,invoice:INV00070,HAS,1.0
claim:CLM00029,location:mumbai,OCCURRED_AT,1.0
claimant:CLT0056,claim:CLM00030,FILED,1.0
claim:CLM00030,policy:POL0048,COVERED_BY,1.0
claim:CLM00030,vehicle:VEH0098,ASSOCIATED_WITH,1.0
claim:CLM00030,provider:PRV003,INVOLVES,1.0
claim:CLM00030,invoice:INV00198,HAS,1.0
claim:CLM00030,location:ahmedabad,OCCURRED_AT,1.0
claimant:CLT0035,claim:CLM00031,FILED,1.0
claim:CLM00031,policy:POL0040,COVERED_BY,1.0
claim:CLM00031,vehicle:VEH0098,ASSOCIATED_WITH,1.0
claim:CLM00031,provider:PRV023,INVOLVES,1.0
claim:CLM00031,invoice:INV00201,HAS,1.0
claim:CLM00031,location:ahmedabad,OCCURRED_AT,1.0
claimant:CLT0014,claim:CLM00032,FILED,1.0
claim:CLM00032,policy:POL0024,COVERED_BY,1.0
claim:CLM00032,vehicle:VEH0002,ASSOCIATED_WITH,1.0
claim:CLM00032,provider:PRV010,INVOLVES,1.0
claim:CLM00032,invoice:INV00114,HAS,1.0
claim:CLM00032,location:pune,OCCURRED_AT,1.0
claimant:CLT0024,claim:CLM00033,FILED,1.0
claim:CLM00033,policy:POL0111,COVERED_BY,1.0
claim:CLM00033,vehicle:VEH0115,ASSOCIATED_WITH,1.0
claim:CLM00033,provider:PRV018,INVOLVES,1.0
claim:CLM00033,invoice:INV00143,HAS,1.0
claim:CLM00033,location:surat,OCCURRED_AT,1.0
claimant:CLT0111,claim:CLM00034,FILED,1.0
claim:CLM00034,policy:POL0099,COVERED_BY,1.0
claim:CLM00034,vehicle:VEH0004,ASSOCIATED_WITH,1.0
claim:CLM00034,provider:PRV010,INVOLVES,1.0
claim:CLM00034,invoice:INV00106,HAS,1.0
claim:CLM00034,location:ahmedabad,OCCURRED_AT,1.0
claimant:CLT0088,claim:CLM00035,FILED,1.0
claim:CLM00035,policy:POL0098,COVERED_BY,1.0
claim:CLM00035,vehicle:VEH0044,ASSOCIATED_WITH,1.0
claim:CLM00035,provider:PRV005,INVOLVES,1.0
claim:CLM00035,invoice:INV00069,HAS,1.0
claim:CLM00035,location:surat,OCCURRED_AT,1.0
claimant:CLT0056,claim:CLM00036,FILED,1.0
claim:CLM00036,policy:POL0071,COVERED_BY,1.0
claim:CLM00036,vehicle:VEH0108,ASSOCIATED_WITH,1.0
claim:CLM00036,provider:PRV010,INVOLVES,1.0
claim:CLM00036,invoice:INV00124,HAS,1.0
claim:CLM00036,location:ahmedabad,OCCURRED_AT,1.0
claimant:CLT0077,claim:CLM00037,FILED,1.0
claim:CLM00037,policy:POL0051,COVERED_BY,1.0
claim:CLM00037,vehicle:VEH0118,ASSOCIATED_WITH,1.0
claim:CLM00037,provider:PRV004,INVOLVES,1.0
claim:CLM00037,invoice:INV00035,HAS,1.0
claim:CLM00037,location:pune,OCCURRED_AT,1.0
claimant:CLT0103,claim:CLM00038,FILED,1.0
claim:CLM00038,policy:POL0085,COVERED_BY,1.0
claim:CLM00038,vehicle:VEH0113,ASSOCIATED_WITH,1.0
claim:CLM00038,provider:PRV011,INVOLVES,1.0
claim:CLM00038,invoice:INV00111,HAS,1.0
claim:CLM00038,location:mumbai,OCCURRED_AT,1.0
claimant:CLT0039,claim:CLM00039,FILED,1.0
claim:CLM00039,policy:POL0083,COVERED_BY,1.0
claim:CLM00039,vehicle:VEH0052,ASSOCIATED_WITH,1.0
claim:CLM00039,provider:PRV016,INVOLVES,1.0
claim:CLM00039,invoice:INV00081,HAS,1.0
claim:CLM00039,location:pune,OCCURRED_AT,1.0
claimant:CLT0074,claim:CLM00040,FILED,1.0
claim:CLM00040,policy:POL0063,COVERED_BY,1.0
claim:CLM00040,vehicle:VEH0084,ASSOCIATED_WITH,1.0
claim:CLM00040,provider:PRV013,INVOLVES,1.0
claim:CLM00040,invoice:INV00072,HAS,1.0
claim:CLM00040,location:surat,OCCURRED_AT,1.0
claimant:CLT0076,claim:CLM00041,FILED,1.0
claim:CLM00041,policy:POL0140,COVERED_BY,1.0
claim:CLM00041,vehicle:VEH0047,ASSOCIATED_WITH,1.0
claim:CLM00041,provider:PRV022,INVOLVES,1.0
claim:CLM00041,invoice:INV00197,HAS,1.0
claim:CLM00041,location:delhi,OCCURRED_AT,1.0
claimant:CLT0057,claim:CLM00042,FILED,1.0
claim:CLM00042,policy:POL0075,COVERED_BY,1.0
claim:CLM00042,vehicle:VEH0018,ASSOCIATED_WITH,1.0
claim:CLM00042,provider:PRV014,INVOLVES,1.0
claim:CLM00042,invoice:INV00173,HAS,1.0
claim:CLM00042,location:pune,OCCURRED_AT,1.0
claimant:CLT0085,claim:CLM00043,FILED,1.0
claim:CLM00043,policy:POL0040,COVERED_BY,1.0
claim:CLM00043,vehicle:VEH0109,ASSOCIATED_WITH,1.0
claim:CLM00043,provider:PRV013,INVOLVES,1.0
claim:CLM00043,invoice:INV00019,HAS,1.0
claim:CLM00043,location:mumbai,OCCURRED_AT,1.0
claimant:CLT0070,claim:CLM00044,FILED,1.0
claim:CLM00044,policy:POL0010,COVERED_BY,1.0
claim:CLM00044,vehicle:VEH0093,ASSOCIATED_WITH,1.0
claim:CLM00044,provider:PRV023,INVOLVES,1.0
claim:CLM00044,invoice:INV00208,HAS,1.0
claim:CLM00044,location:delhi,OCCURRED_AT,1.0
claimant:CLT0099,claim:CLM00045,FILED,1.0
claim:CLM00045,policy:POL0064,COVERED_BY,1.0
claim:CLM00045,vehicle:VEH0091,ASSOCIATED_WITH,1.0
claim:CLM00045,provider:PRV006,INVOLVES,1.0
claim:CLM00045,invoice:INV00166,HAS,1.0
claim:CLM00045,location:ahmedabad,OCCURRED_AT,1.0
claimant:CLT0102,claim:CLM00046,FILED,1.0
claim:CLM00046,policy:POL0111,COVERED_BY,1.0
claim:CLM00046,vehicle:VEH0028,ASSOCIATED_WITH,1.0
claim:CLM00046,provider:PRV001,INVOLVES,1.0
claim:CLM00046,invoice:INV00026,HAS,1.0
claim:CLM00046,location:delhi,OCCURRED_AT,1.0
claimant:CLT0058,claim:CLM00047,FILED,1.0
claim:CLM00047,policy:POL0096,COVERED_BY,1.0
claim:CLM00047,vehicle:VEH0101,ASSOCIATED_WITH,1.0
claim:CLM00047,provider:PRV015,INVOLVES,1.0
claim:CLM00047,invoice:INV00198,HAS,1.0
claim:CLM00047,location:pune,OCCURRED_AT,1.0
claimant:CLT0004,claim:CLM00048,FILED,1.0
claim:CLM00048,policy:POL0124,COVERED_BY,1.0
claim:CLM00048,vehicle:VEH0027,ASSOCIATED_WITH,1.0
claim:CLM00048,provider:PRV010,INVOLVES,1.0
claim:CLM00048,invoice:INV00107,HAS,1.0
claim:CLM00048,location:mumbai,OCCURRED_AT,1.0
claimant:CLT0040,claim:CLM00049,FILED,1.0
claim:CLM00049,policy:POL0088,COVERED_BY,1.0
claim:CLM00049,vehicle:VEH0117,ASSOCIATED_WITH,1.0
claim:CLM00049,provider:PRV007,INVOLVES,1.0
claim:CLM00049,invoice:INV00134,HAS,1.0
claim:CLM00049,location:mumbai,OCCURRED_AT,1.0
claimant:CLT0041,claim:CLM00050,FILED,1.0
claim:CLM00050,policy:POL0018,COVERED_BY,1.0
claim:CLM00050,vehicle:VEH0077,ASSOCIATED_WITH,1.0
claim:CLM00050,provider:PRV002,INVOLVES,1.0
claim:CLM00050,invoice:INV00208,HAS,1.0
claim:CLM00050,location:delhi,OCCURRED_AT,1.0
claimant:CLT0067,claim:CLM00051,FILED,1.0
claim:CLM00051,policy:POL0045,COVERED_BY,1.0
claim:CLM00051,vehicle:VEH0041,ASSOCIATED_WITH,1.0
claim:CLM00051,provider:PRV011,INVOLVES,1.0
claim:CLM00051,invoice:INV00144,HAS,1.0
claim:CLM00051,location:delhi,OCCURRED_AT,1.0
claimant:CLT0024,claim:CLM00052,FILED,1.0
claim:CLM00052,policy:POL0111,COVERED_BY,1.0
claim:CLM00052,vehicle:VEH0102,ASSOCIATED_WITH,1.0
claim:CLM00052,provider:PRV001,INVOLVES,1.0
claim:CLM00052,invoice:INV00189,HAS,1.0
claim:CLM00052,location:surat,OCCURRED_AT,1.0
claimant:CLT0050,claim:CLM00053,FILED,1.0
claim:CLM00053,policy:POL0002,COVERED_BY,1.0
claim:CLM00053,vehicle:VEH0055,ASSOCIATED_WITH,1.0
claim:CLM00053,provider:PRV007,INVOLVES,1.0
claim:CLM00053,invoice:INV00072,HAS,1.0
claim:CLM00053,location:pune,OCCURRED_AT,1.0
claimant:CLT0103,claim:CLM00054,FILED,1.0
claim:CLM00054,policy:POL0138,COVERED_BY,1.0
claim:CLM00054,vehicle:VEH0048,ASSOCIATED_WITH,1.0
claim:CLM00054,provider:PRV012,INVOLVES,1.0
claim:CLM00054,invoice:INV00084,HAS,1.0
claim:CLM00054,location:mumbai,OCCURRED_AT,1.0
claimant:CLT0077,claim:CLM00055,FILED,1.0
claim:CLM00055,policy:POL0100,COVERED_BY,1.0
claim:CLM00055,vehicle:VEH0101,ASSOCIATED_WITH,1.0
claim:CLM00055,provider:PRV019,INVOLVES,1.0
claim:CLM00055,invoice:INV00030,HAS,1.0
claim:CLM00055,location:pune,OCCURRED_AT,1.0
claimant:CLT0105,claim:CLM00056,FILED,1.0
claim:CLM00056,policy:POL0077,COVERED_BY,1.0
claim:CLM00056,vehicle:VEH0022,ASSOCIATED_WITH,1.0
claim:CLM00056,provider:PRV022,INVOLVES,1.0
claim:CLM00056,invoice:INV00035,HAS,1.0
claim:CLM00056,location:surat,OCCURRED_AT,1.0
claimant:CLT0048,claim:CLM00057,FILED,1.0
claim:CLM00057,policy:POL0037,COVERED_BY,1.0
claim:CLM00057,vehicle:VEH0100,ASSOCIATED_WITH,1.0
claim:CLM00057,provider:PRV014,INVOLVES,1.0
claim:CLM00057,invoice:INV00153,HAS,1.0
claim:CLM00057,location:mumbai,OCCURRED_AT,1.0
claimant:CLT0082,claim:CLM00058,FILED,1.0
claim:CLM00058,policy:POL0138,COVERED_BY,1.0
claim:CLM00058,vehicle:VEH0045,ASSOCIATED_WITH,1.0
claim:CLM00058,provider:PRV018,INVOLVES,1.0
claim:CLM00058,invoice:INV00043,HAS,1.0
claim:CLM00058,location:mumbai,OCCURRED_AT,1.0
claimant:CLT0111,claim:CLM00059,FILED,1.0
claim:CLM00059,policy:POL0092,COVERED_BY,1.0
claim:CLM00059,vehicle:VEH0003,ASSOCIATED_WITH,1.0
claim:CLM00059,provider:PRV016,INVOLVES,1.0
claim:CLM00059,invoice:INV00035,HAS,1.0
claim:CLM00059,location:ahmedabad,OCCURRED_AT,1.0
claimant:CLT0053,claim:CLM00060,FILED,1.0
claim:CLM00060,policy:POL0126,COVERED_BY,1.0
claim:CLM00060,vehicle:VEH0107,ASSOCIATED_WITH,1.0
claim:CLM00060,provider:PRV023,INVOLVES,1.0
claim:CLM00060,invoice:INV00216,HAS,1.0
claim:CLM00060,location:mumbai,OCCURRED_AT,1.0
claimant:CLT0036,claim:CLM00061,FILED,1.0
claim:CLM00061,policy:POL0058,COVERED_BY,1.0
claim:CLM00061,vehicle:VEH0074,ASSOCIATED_WITH,1.0
claim:CLM00061,provider:PRV006,INVOLVES,1.0
claim:CLM00061,invoice:INV00200,HAS,1.0
claim:CLM00061,location:ahmedabad,OCCURRED_AT,1.0
claimant:CLT0074,claim:CLM00062,FILED,1.0
claim:CLM00062,policy:POL0030,COVERED_BY,1.0
claim:CLM00062,vehicle:VEH0069,ASSOCIATED_WITH,1.0
claim:CLM00062,provider:PRV025,INVOLVES,1.0
claim:CLM00062,invoice:INV00140,HAS,1.0
claim:CLM00062,location:surat,OCCURRED_AT,1.0
claimant:CLT0070,claim:CLM00063,FILED,1.0
claim:CLM00063,policy:POL0056,COVERED_BY,1.0
claim:CLM00063,vehicle:VEH0109,ASSOCIATED_WITH,1.0
claim:CLM00063,provider:PRV004,INVOLVES,1.0
claim:CLM00063,invoice:INV00189,HAS,1.0
claim:CLM00063,location:delhi,OCCURRED_AT,1.0
claimant:CLT0058,claim:CLM00064,FILED,1.0
claim:CLM00064,policy:POL0068,COVERED_BY,1.0
claim:CLM00064,vehicle:VEH0090,ASSOCIATED_WITH,1.0
claim:CLM00064,provider:PRV003,INVOLVES,1.0
claim:CLM00064,invoice:INV00113,HAS,1.0
claim:CLM00064,location:pune,OCCURRED_AT,1.0
claimant:CLT0104,claim:CLM00065,FILED,1.0
claim:CLM00065,policy:POL0090,COVERED_BY,1.0
claim:CLM00065,vehicle:VEH0110,ASSOCIATED_WITH,1.0
claim:CLM00065,provider:PRV006,INVOLVES,1.0
claim:CLM00065,invoice:INV00158,HAS,1.0
claim:CLM00065,location:ahmedabad,OCCURRED_AT,1.0
claimant:CLT0073,claim:CLM00066,FILED,1.0
claim:CLM00066,policy:POL0090,COVERED_BY,1.0
claim:CLM00066,vehicle:VEH0072,ASSOCIATED_WITH,1.0
claim:CLM00066,provider:PRV020,INVOLVES,1.0
claim:CLM00066,invoice:INV00138,HAS,1.0
claim:CLM00066,location:pune,OCCURRED_AT,1.0
claimant:CLT0074,claim:CLM00067,FILED,1.0
claim:CLM00067,policy:POL0069,COVERED_BY,1.0
claim:CLM00067,vehicle:VEH0025,ASSOCIATED_WITH,1.0
claim:CLM00067,provider:PRV005,INVOLVES,1.0
claim:CLM00067,invoice:INV00193,HAS,1.0
claim:CLM00067,location:surat,OCCURRED_AT,1.0
claimant:CLT0090,claim:CLM00068,FILED,1.0
claim:CLM00068,policy:POL0034,COVERED_BY,1.0
claim:CLM00068,vehicle:VEH0064,ASSOCIATED_WITH,1.0
claim:CLM00068,provider:PRV005,INVOLVES,1.0
claim:CLM00068,invoice:INV00183,HAS,1.0
claim:CLM00068,location:delhi,OCCURRED_AT,1.0
claimant:CLT0019,claim:CLM00069,FILED,1.0
claim:CLM00069,policy:POL0069,COVERED_BY,1.0
claim:CLM00069,vehicle:VEH0107,ASSOCIATED_WITH,1.0
claim:CLM00069,provider:PRV013,INVOLVES,1.0
claim:CLM00069,invoice:INV00116,HAS,1.0
claim:CLM00069,location:pune,OCCURRED_AT,1.0
claimant:CLT0066,claim:CLM00070,FILED,1.0
claim:CLM00070,policy:POL0072,COVERED_BY,1.0
claim:CLM00070,vehicle:VEH0095,ASSOCIATED_WITH,1.0
claim:CLM00070,provider:PRV015,INVOLVES,1.0
claim:CLM00070,invoice:INV00125,HAS,1.0
claim:CLM00070,location:ahmedabad,OCCURRED_AT,1.0
claimant:CLT0082,claim:CLM00071,FILED,1.0
claim:CLM00071,policy:POL0092,COVERED_BY,1.0
claim:CLM00071,vehicle:VEH0017,ASSOCIATED_WITH,1.0
claim:CLM00071,provider:PRV018,INVOLVES,1.0
claim:CLM00071,invoice:INV00102,HAS,1.0
claim:CLM00071,location:mumbai,OCCURRED_AT,1.0
claimant:CLT0042,claim:CLM00072,FILED,1.0
claim:CLM00072,policy:POL0073,COVERED_BY,1.0
claim:CLM00072,vehicle:VEH0087,ASSOCIATED_WITH,1.0
claim:CLM00072,provider:PRV018,INVOLVES,1.0
claim:CLM00072,invoice:INV00148,HAS,1.0
claim:CLM00072,location:surat,OCCURRED_AT,1.0
claimant:CLT0006,claim:CLM00073,FILED,1.0
claim:CLM00073,policy:POL0026,COVERED_BY,1.0
claim:CLM00073,vehicle:VEH0118,ASSOCIATED_WITH,1.0
claim:CLM00073,provider:PRV001,INVOLVES,1.0
claim:CLM00073,invoice:INV00032,HAS,1.0
claim:CLM00073,location:delhi,OCCURRED_AT,1.0
claimant:CLT0113,claim:CLM00074,FILED,1.0
claim:CLM00074,policy:POL0078,COVERED_BY,1.0
claim:CLM00074,vehicle:VEH0041,ASSOCIATED_WITH,1.0
claim:CLM00074,provider:PRV009,INVOLVES,1.0
claim:CLM00074,invoice:INV00024,HAS,1.0
claim:CLM00074,location:surat,OCCURRED_AT,1.0
claimant:CLT0007,claim:CLM00075,FILED,1.0
claim:CLM00075,policy:POL0102,COVERED_BY,1.0
claim:CLM00075,vehicle:VEH0079,ASSOCIATED_WITH,1.0
claim:CLM00075,provider:PRV024,INVOLVES,1.0
claim:CLM00075,invoice:INV00180,HAS,1.0
claim:CLM00075,location:delhi,OCCURRED_AT,1.0
claimant:CLT0001,claim:CLM00076,FILED,1.0
claim:CLM00076,policy:POL0055,COVERED_BY,1.0
claim:CLM00076,vehicle:VEH0123,ASSOCIATED_WITH,1.0
claim:CLM00076,provider:PRV003,INVOLVES,1.0
claim:CLM00076,invoice:INV00034,HAS,1.0
claim:CLM00076,location:mumbai,OCCURRED_AT,1.0
claimant:CLT0002,claim:CLM00077,FILED,1.0
claim:CLM00077,policy:POL0088,COVERED_BY,1.0
claim:CLM00077,vehicle:VEH0031,ASSOCIATED_WITH,1.0
claim:CLM00077,provider:PRV014,INVOLVES,1.0
claim:CLM00077,invoice:INV00178,HAS,1.0
claim:CLM00077,location:pune,OCCURRED_AT,1.0
claimant:CLT0048,claim:CLM00078,FILED,1.0
claim:CLM00078,policy:POL0077,COVERED_BY,1.0
claim:CLM00078,vehicle:VEH0036,ASSOCIATED_WITH,1.0
claim:CLM00078,provider:PRV013,INVOLVES,1.0
claim:CLM00078,invoice:INV00199,HAS,1.0
claim:CLM00078,location:mumbai,OCCURRED_AT,1.0
claimant:CLT0068,claim:CLM00079,FILED,1.0
claim:CLM00079,policy:POL0003,COVERED_BY,1.0
claim:CLM00079,vehicle:VEH0043,ASSOCIATED_WITH,1.0
claim:CLM00079,provider:PRV015,INVOLVES,1.0
claim:CLM00079,invoice:INV00090,HAS,1.0
claim:CLM00079,location:mumbai,OCCURRED_AT,1.0
claimant:CLT0079,claim:CLM00080,FILED,1.0
claim:CLM00080,policy:POL0114,COVERED_BY,1.0
claim:CLM00080,vehicle:VEH0056,ASSOCIATED_WITH,1.0
claim:CLM00080,provider:PRV003,INVOLVES,1.0
claim:CLM00080,invoice:INV00026,HAS,1.0
claim:CLM00080,location:pune,OCCURRED_AT,1.0
claimant:CLT0041,claim:CLM00081,FILED,1.0
claim:CLM00081,policy:POL0036,COVERED_BY,1.0
claim:CLM00081,vehicle:VEH0064,ASSOCIATED_WITH,1.0
claim:CLM00081,provider:PRV009,INVOLVES,1.0
claim:CLM00081,invoice:INV00166,HAS,1.0
claim:CLM00081,location:delhi,OCCURRED_AT,1.0
claimant:CLT0100,claim:CLM00082,FILED,1.0
claim:CLM00082,policy:POL0007,COVERED_BY,1.0
claim:CLM00082,vehicle:VEH0078,ASSOCIATED_WITH,1.0
claim:CLM00082,provider:PRV007,INVOLVES,1.0
claim:CLM00082,invoice:INV00133,HAS,1.0
claim:CLM00082,location:mumbai,OCCURRED_AT,1.0
claimant:CLT0083,claim:CLM00083,FILED,1.0
claim:CLM00083,policy:POL0014,COVERED_BY,1.0
claim:CLM00083,vehicle:VEH0062,ASSOCIATED_WITH,1.0
claim:CLM00083,provider:PRV016,INVOLVES,1.0
claim:CLM00083,invoice:INV00099,HAS,1.0
claim:CLM00083,location:delhi,OCCURRED_AT,1.0
claimant:CLT0068,claim:CLM00084,FILED,1.0
claim:CLM00084,policy:POL0004,COVERED_BY,1.0
claim:CLM00084,vehicle:VEH0093,ASSOCIATED_WITH,1.0
claim:CLM00084,provider:PRV011,INVOLVES,1.0
claim:CLM00084,invoice:INV00034,HAS,1.0
claim:CLM00084,location:mumbai,OCCURRED_AT,1.0
claimant:CLT0070,claim:CLM00085,FILED,1.0
claim:CLM00085,policy:POL0045,COVERED_BY,1.0
claim:CLM00085,vehicle:VEH0121,ASSOCIATED_WITH,1.0
claim:CLM00085,provider:PRV025,INVOLVES,1.0
claim:CLM00085,invoice:INV00019,HAS,1.0
claim:CLM00085,location:delhi,OCCURRED_AT,1.0
claimant:CLT0065,claim:CLM00086,FILED,1.0
claim:CLM00086,policy:POL0074,COVERED_BY,1.0
claim:CLM00086,vehicle:VEH0129,ASSOCIATED_WITH,1.0
claim:CLM00086,provider:PRV025,INVOLVES,1.0
claim:CLM00086,invoice:INV00107,HAS,1.0
claim:CLM00086,location:delhi,OCCURRED_AT,1.0
claimant:CLT0036,claim:CLM00087,FILED,1.0
claim:CLM00087,policy:POL0022,COVERED_BY,1.0
claim:CLM00087,vehicle:VEH0080,ASSOCIATED_WITH,1.0
claim:CLM00087,provider:PRV003,INVOLVES,1.0
claim:CLM00087,invoice:INV00131,HAS,1.0
claim:CLM00087,location:ahmedabad,OCCURRED_AT,1.0
claimant:CLT0051,claim:CLM00088,FILED,1.0
claim:CLM00088,policy:POL0017,COVERED_BY,1.0
claim:CLM00088,vehicle:VEH0080,ASSOCIATED_WITH,1.0
claim:CLM00088,provider:PRV023,INVOLVES,1.0
claim:CLM00088,invoice:INV00112,HAS,1.0
claim:CLM00088,location:delhi,OCCURRED_AT,1.0
claimant:CLT0119,claim:CLM00089,FILED,1.0
claim:CLM00089,policy:POL0112,COVERED_BY,1.0
claim:CLM00089,vehicle:VEH0030,ASSOCIATED_WITH,1.0
claim:CLM00089,provider:PRV015,INVOLVES,1.0
claim:CLM00089,invoice:INV00157,HAS,1.0
claim:CLM00089,location:pune,OCCURRED_AT,1.0
claimant:CLT0002,claim:CLM00090,FILED,1.0
claim:CLM00090,policy:POL0036,COVERED_BY,1.0
claim:CLM00090,vehicle:VEH0003,ASSOCIATED_WITH,1.0
claim:CLM00090,provider:PRV006,INVOLVES,1.0
claim:CLM00090,invoice:INV00128,HAS,1.0
claim:CLM00090,location:pune,OCCURRED_AT,1.0
claimant:CLT0048,claim:CLM00091,FILED,1.0
claim:CLM00091,policy:POL0033,COVERED_BY,1.0
claim:CLM00091,vehicle:VEH0069,ASSOCIATED_WITH,1.0
claim:CLM00091,provider:PRV024,INVOLVES,1.0
claim:CLM00091,invoice:INV00031,HAS,1.0
claim:CLM00091,location:mumbai,OCCURRED_AT,1.0
claimant:CLT0034,claim:CLM00092,FILED,1.0
claim:CLM00092,policy:POL0020,COVERED_BY,1.0
claim:CLM00092,vehicle:VEH0128,ASSOCIATED_WITH,1.0
claim:CLM00092,provider:PRV015,INVOLVES,1.0
claim:CLM00092,invoice:INV00131,HAS,1.0
claim:CLM00092,location:pune,OCCURRED_AT,1.0
claimant:CLT0048,claim:CLM00093,FILED,1.0
claim:CLM00093,policy:POL0041,COVERED_BY,1.0
claim:CLM00093,vehicle:VEH0066,ASSOCIATED_WITH,1.0
claim:CLM00093,provider:PRV025,INVOLVES,1.0
claim:CLM00093,invoice:INV00027,HAS,1.0
claim:CLM00093,location:mumbai,OCCURRED_AT,1.0
claimant:CLT0095,claim:CLM00094,FILED,1.0
claim:CLM00094,policy:POL0131,COVERED_BY,1.0
claim:CLM00094,vehicle:VEH0001,ASSOCIATED_WITH,1.0
claim:CLM00094,provider:PRV002,INVOLVES,1.0
claim:CLM00094,invoice:INV00220,HAS,1.0
claim:CLM00094,location:surat,OCCURRED_AT,1.0
claimant:CLT0050,claim:CLM00095,FILED,1.0
claim:CLM00095,policy:POL0039,COVERED_BY,1.0
claim:CLM00095,vehicle:VEH0046,ASSOCIATED_WITH,1.0
claim:CLM00095,provider:PRV002,INVOLVES,1.0
claim:CLM00095,invoice:INV00142,HAS,1.0
claim:CLM00095,location:pune,OCCURRED_AT,1.0
claimant:CLT0042,claim:CLM00096,FILED,1.0
claim:CLM00096,policy:POL0064,COVERED_BY,1.0
claim:CLM00096,vehicle:VEH0107,ASSOCIATED_WITH,1.0
claim:CLM00096,provider:PRV024,INVOLVES,1.0
claim:CLM00096,invoice:INV00082,HAS,1.0
claim:CLM00096,location:surat,OCCURRED_AT,1.0
claimant:CLT0029,claim:CLM00097,FILED,1.0
claim:CLM00097,policy:POL0133,COVERED_BY,1.0
claim:CLM00097,vehicle:VEH0012,ASSOCIATED_WITH,1.0
claim:CLM00097,provider:PRV013,INVOLVES,1.0
claim:CLM00097,invoice:INV00018,HAS,1.0
claim:CLM00097,location:mumbai,OCCURRED_AT,1.0
claimant:CLT0012,claim:CLM00098,FILED,1.0
claim:CLM00098,policy:POL0117,COVERED_BY,1.0
claim:CLM00098,vehicle:VEH0003,ASSOCIATED_WITH,1.0
claim:CLM00098,provider:PRV012,INVOLVES,1.0
claim:CLM00098,invoice:INV00052,HAS,1.0
claim:CLM00098,location:surat,OCCURRED_AT,1.0
claimant:CLT0060,claim:CLM00099,FILED,1.0
claim:CLM00099,policy:POL0095,COVERED_BY,1.0
claim:CLM00099,vehicle:VEH0127,ASSOCIATED_WITH,1.0
claim:CLM00099,provider:PRV025,INVOLVES,1.0
claim:CLM00099,invoice:INV00199,HAS,1.0
claim:CLM00099,location:delhi,OCCURRED_AT,1.0
claimant:CLT0001,claim:CLM00100,FILED,1.0
claim:CLM00100,policy:POL0105,COVERED_BY,1.0
claim:CLM00100,vehicle:VEH0007,ASSOCIATED_WITH,1.0
claim:CLM00100,provider:PRV008,INVOLVES,1.0
claim:CLM00100,invoice:INV00139,HAS,1.0
claim:CLM00100,location:mumbai,OCCURRED_AT,1.0
claimant:CLT0001,claim:CLM00101,FILED,1.0
claim:CLM00101,policy:POL0097,COVERED_BY,1.0
claim:CLM00101,vehicle:VEH0079,ASSOCIATED_WITH,1.0
claim:CLM00101,provider:PRV004,INVOLVES,1.0
claim:CLM00101,invoice:INV00053,HAS,1.0
claim:CLM00101,location:mumbai,OCCURRED_AT,1.0
claimant:CLT0092,claim:CLM00102,FILED,1.0
claim:CLM00102,policy:POL0072,COVERED_BY,1.0
claim:CLM00102,vehicle:VEH0024,ASSOCIATED_WITH,1.0
claim:CLM00102,provider:PRV002,INVOLVES,1.0
claim:CLM00102,invoice:INV00060,HAS,1.0
claim:CLM00102,location:ahmedabad,OCCURRED_AT,1.0
claimant:CLT0096,claim:CLM00103,FILED,1.0
claim:CLM00103,policy:POL0022,COVERED_BY,1.0
claim:CLM00103,vehicle:VEH0025,ASSOCIATED_WITH,1.0
claim:CLM00103,provider:PRV017,INVOLVES,1.0
claim:CLM00103,invoice:INV00035,HAS,1.0
claim:CLM00103,location:ahmedabad,OCCURRED_AT,1.0
claimant:CLT0056,claim:CLM00104,FILED,1.0
claim:CLM00104,policy:POL0034,COVERED_BY,1.0
claim:CLM00104,vehicle:VEH0061,ASSOCIATED_WITH,1.0
claim:CLM00104,provider:PRV010,INVOLVES,1.0
claim:CLM00104,invoice:INV00067,HAS,1.0
claim:CLM00104,location:ahmedabad,OCCURRED_AT,1.0
claimant:CLT0041,claim:CLM00105,FILED,1.0
claim:CLM00105,policy:POL0116,COVERED_BY,1.0
claim:CLM00105,vehicle:VEH0070,ASSOCIATED_WITH,1.0
claim:CLM00105,provider:PRV008,INVOLVES,1.0
claim:CLM00105,invoice:INV00020,HAS,1.0
claim:CLM00105,location:delhi,OCCURRED_AT,1.0
claimant:CLT0014,claim:CLM00106,FILED,1.0
claim:CLM00106,policy:POL0043,COVERED_BY,1.0
claim:CLM00106,vehicle:VEH0116,ASSOCIATED_WITH,1.0
claim:CLM00106,provider:PRV015,INVOLVES,1.0
claim:CLM00106,invoice:INV00081,HAS,1.0
claim:CLM00106,location:pune,OCCURRED_AT,1.0
claimant:CLT0040,claim:CLM00107,FILED,1.0
claim:CLM00107,policy:POL0119,COVERED_BY,1.0
claim:CLM00107,vehicle:VEH0068,ASSOCIATED_WITH,1.0
claim:CLM00107,provider:PRV004,INVOLVES,1.0
claim:CLM00107,invoice:INV00024,HAS,1.0
claim:CLM00107,location:mumbai,OCCURRED_AT,1.0
claimant:CLT0028,claim:CLM00108,FILED,1.0
claim:CLM00108,policy:POL0084,COVERED_BY,1.0
claim:CLM00108,vehicle:VEH0038,ASSOCIATED_WITH,1.0
claim:CLM00108,provider:PRV003,INVOLVES,1.0
claim:CLM00108,invoice:INV00183,HAS,1.0
claim:CLM00108,location:delhi,OCCURRED_AT,1.0
claimant:CLT0034,claim:CLM00109,FILED,1.0
claim:CLM00109,policy:POL0045,COVERED_BY,1.0
claim:CLM00109,vehicle:VEH0008,ASSOCIATED_WITH,1.0
claim:CLM00109,provider:PRV013,INVOLVES,1.0
claim:CLM00109,invoice:INV00219,HAS,1.0
claim:CLM00109,location:pune,OCCURRED_AT,1.0
claimant:CLT0060,claim:CLM00110,FILED,1.0
claim:CLM00110,policy:POL0027,COVERED_BY,1.0
claim:CLM00110,vehicle:VEH0036,ASSOCIATED_WITH,1.0
claim:CLM00110,provider:PRV004,INVOLVES,1.0
claim:CLM00110,invoice:INV00004,HAS,1.0
claim:CLM00110,location:delhi,OCCURRED_AT,1.0
claimant:CLT0026,claim:CLM00111,FILED,1.0
claim:CLM00111,policy:POL0103,COVERED_BY,1.0
claim:CLM00111,vehicle:VEH0096,ASSOCIATED_WITH,1.0
claim:CLM00111,provider:PRV022,INVOLVES,1.0
claim:CLM00111,invoice:INV00162,HAS,1.0
claim:CLM00111,location:delhi,OCCURRED_AT,1.0
claimant:CLT0026,claim:CLM00112,FILED,1.0
claim:CLM00112,policy:POL0114,COVERED_BY,1.0
claim:CLM00112,vehicle:VEH0033,ASSOCIATED_WITH,1.0
claim:CLM00112,provider:PRV003,INVOLVES,1.0
claim:CLM00112,invoice:INV00217,HAS,1.0
claim:CLM00112,location:delhi,OCCURRED_AT,1.0
claimant:CLT0007,claim:CLM00113,FILED,1.0
claim:CLM00113,policy:POL0044,COVERED_BY,1.0
claim:CLM00113,vehicle:VEH0111,ASSOCIATED_WITH,1.0
claim:CLM00113,provider:PRV024,INVOLVES,1.0
claim:CLM00113,invoice:INV00102,HAS,1.0
claim:CLM00113,location:delhi,OCCURRED_AT,1.0
claimant:CLT0046,claim:CLM00114,FILED,1.0
claim:CLM00114,policy:POL0055,COVERED_BY,1.0
claim:CLM00114,vehicle:VEH0048,ASSOCIATED_WITH,1.0
claim:CLM00114,provider:PRV009,INVOLVES,1.0
claim:CLM00114,invoice:INV00072,HAS,1.0
claim:CLM00114,location:pune,OCCURRED_AT,1.0
claimant:CLT0083,claim:CLM00115,FILED,1.0
claim:CLM00115,policy:POL0076,COVERED_BY,1.0
claim:CLM00115,vehicle:VEH0128,ASSOCIATED_WITH,1.0
claim:CLM00115,provider:PRV014,INVOLVES,1.0
claim:CLM00115,invoice:INV00141,HAS,1.0
claim:CLM00115,location:delhi,OCCURRED_AT,1.0
claimant:CLT0081,claim:CLM00116,FILED,1.0
claim:CLM00116,policy:POL0140,COVERED_BY,1.0
claim:CLM00116,vehicle:VEH0005,ASSOCIATED_WITH,1.0
claim:CLM00116,provider:PRV013,INVOLVES,1.0
claim:CLM00116,invoice:INV00201,HAS,1.0
claim:CLM00116,location:mumbai,OCCURRED_AT,1.0
claimant:CLT0117,claim:CLM00117,FILED,1.0
claim:CLM00117,policy:POL0129,COVERED_BY,1.0
claim:CLM00117,vehicle:VEH0083,ASSOCIATED_WITH,1.0
claim:CLM00117,provider:PRV013,INVOLVES,1.0
claim:CLM00117,invoice:INV00070,HAS,1.0
claim:CLM00117,location:surat,OCCURRED_AT,1.0
claimant:CLT0115,claim:CLM00118,FILED,1.0
claim:CLM00118,policy:POL0072,COVERED_BY,1.0
claim:CLM00118,vehicle:VEH0015,ASSOCIATED_WITH,1.0
claim:CLM00118,provider:PRV016,INVOLVES,1.0
claim:CLM00118,invoice:INV00136,HAS,1.0
claim:CLM00118,location:pune,OCCURRED_AT,1.0
claimant:CLT0013,claim:CLM00119,FILED,1.0
claim:CLM00119,policy:POL0064,COVERED_BY,1.0
claim:CLM00119,vehicle:VEH0062,ASSOCIATED_WITH,1.0
claim:CLM00119,provider:PRV009,INVOLVES,1.0
claim:CLM00119,invoice:INV00137,HAS,1.0
claim:CLM00119,location:delhi,OCCURRED_AT,1.0
claimant:CLT0074,claim:CLM00120,FILED,1.0
claim:CLM00120,policy:POL0100,COVERED_BY,1.0
claim:CLM00120,vehicle:VEH0091,ASSOCIATED_WITH,1.0
claim:CLM00120,provider:PRV006,INVOLVES,1.0
claim:CLM00120,invoice:INV00046,HAS,1.0
claim:CLM00120,location:surat,OCCURRED_AT,1.0
claimant:CLT0091,claim:CLM00121,FILED,1.0
claim:CLM00121,policy:POL0091,COVERED_BY,1.0
claim:CLM00121,vehicle:VEH0037,ASSOCIATED_WITH,1.0
claim:CLM00121,provider:PRV019,INVOLVES,1.0
claim:CLM00121,invoice:INV00049,HAS,1.0
claim:CLM00121,location:mumbai,OCCURRED_AT,1.0
claimant:CLT0023,claim:CLM00122,FILED,1.0
claim:CLM00122,policy:POL0126,COVERED_BY,1.0
claim:CLM00122,vehicle:VEH0010,ASSOCIATED_WITH,1.0
claim:CLM00122,provider:PRV003,INVOLVES,1.0
claim:CLM00122,invoice:INV00015,HAS,1.0
claim:CLM00122,location:pune,OCCURRED_AT,1.0
claimant:CLT0001,claim:CLM00123,FILED,1.0
claim:CLM00123,policy:POL0085,COVERED_BY,1.0
claim:CLM00123,vehicle:VEH0052,ASSOCIATED_WITH,1.0
claim:CLM00123,provider:PRV005,INVOLVES,1.0
claim:CLM00123,invoice:INV00088,HAS,1.0
claim:CLM00123,location:mumbai,OCCURRED_AT,1.0
claimant:CLT0003,claim:CLM00124,FILED,1.0
claim:CLM00124,policy:POL0038,COVERED_BY,1.0
claim:CLM00124,vehicle:VEH0037,ASSOCIATED_WITH,1.0
claim:CLM00124,provider:PRV025,INVOLVES,1.0
claim:CLM00124,invoice:INV00029,HAS,1.0
claim:CLM00124,location:delhi,OCCURRED_AT,1.0
claimant:CLT0091,claim:CLM00125,FILED,1.0
claim:CLM00125,policy:POL0102,COVERED_BY,1.0
claim:CLM00125,vehicle:VEH0026,ASSOCIATED_WITH,1.0
claim:CLM00125,provider:PRV011,INVOLVES,1.0
claim:CLM00125,invoice:INV00078,HAS,1.0
claim:CLM00125,location:mumbai,OCCURRED_AT,1.0
claimant:CLT0084,claim:CLM00126,FILED,1.0
claim:CLM00126,policy:POL0082,COVERED_BY,1.0
claim:CLM00126,vehicle:VEH0045,ASSOCIATED_WITH,1.0
claim:CLM00126,provider:PRV023,INVOLVES,1.0
claim:CLM00126,invoice:INV00144,HAS,1.0
claim:CLM00126,location:ahmedabad,OCCURRED_AT,1.0
claimant:CLT0086,claim:CLM00127,FILED,1.0
claim:CLM00127,policy:POL0045,COVERED_BY,1.0
claim:CLM00127,vehicle:VEH0097,ASSOCIATED_WITH,1.0
claim:CLM00127,provider:PRV010,INVOLVES,1.0
claim:CLM00127,invoice:INV00188,HAS,1.0
claim:CLM00127,location:mumbai,OCCURRED_AT,1.0
claimant:CLT0109,claim:CLM00128,FILED,1.0
claim:CLM00128,policy:POL0009,COVERED_BY,1.0
claim:CLM00128,vehicle:VEH0047,ASSOCIATED_WITH,1.0
claim:CLM00128,provider:PRV020,INVOLVES,1.0
claim:CLM00128,invoice:INV00082,HAS,1.0
claim:CLM00128,location:surat,OCCURRED_AT,1.0
claimant:CLT0120,claim:CLM00129,FILED,1.0
claim:CLM00129,policy:POL0128,COVERED_BY,1.0
claim:CLM00129,vehicle:VEH0037,ASSOCIATED_WITH,1.0
claim:CLM00129,provider:PRV011,INVOLVES,1.0
claim:CLM00129,invoice:INV00191,HAS,1.0
claim:CLM00129,location:pune,OCCURRED_AT,1.0
claimant:CLT0082,claim:CLM00130,FILED,1.0
claim:CLM00130,policy:POL0023,COVERED_BY,1.0
claim:CLM00130,vehicle:VEH0086,ASSOCIATED_WITH,1.0
claim:CLM00130,provider:PRV015,INVOLVES,1.0
claim:CLM00130,invoice:INV00003,HAS,1.0
claim:CLM00130,location:mumbai,OCCURRED_AT,1.0
claimant:CLT0033,claim:CLM00131,FILED,1.0
claim:CLM00131,policy:POL0028,COVERED_BY,1.0
claim:CLM00131,vehicle:VEH0001,ASSOCIATED_WITH,1.0
claim:CLM00131,provider:PRV002,INVOLVES,1.0
claim:CLM00131,invoice:INV00099,HAS,1.0
claim:CLM00131,location:ahmedabad,OCCURRED_AT,1.0
claimant:CLT0064,claim:CLM00132,FILED,1.0
claim:CLM00132,policy:POL0097,COVERED_BY,1.0
claim:CLM00132,vehicle:VEH0090,ASSOCIATED_WITH,1.0
claim:CLM00132,provider:PRV018,INVOLVES,1.0
claim:CLM00132,invoice:INV00097,HAS,1.0
claim:CLM00132,location:ahmedabad,OCCURRED_AT,1.0
claimant:CLT0021,claim:CLM00133,FILED,1.0
claim:CLM00133,policy:POL0116,COVERED_BY,1.0
claim:CLM00133,vehicle:VEH0019,ASSOCIATED_WITH,1.0
claim:CLM00133,provider:PRV002,INVOLVES,1.0
claim:CLM00133,invoice:INV00076,HAS,1.0
claim:CLM00133,location:ahmedabad,OCCURRED_AT,1.0
claimant:CLT0044,claim:CLM00134,FILED,1.0
claim:CLM00134,policy:POL0044,COVERED_BY,1.0
claim:CLM00134,vehicle:VEH0097,ASSOCIATED_WITH,1.0
claim:CLM00134,provider:PRV006,INVOLVES,1.0
claim:CLM00134,invoice:INV00188,HAS,1.0
claim:CLM00134,location:pune,OCCURRED_AT,1.0
claimant:CLT0077,claim:CLM00135,FILED,1.0
claim:CLM00135,policy:POL0124,COVERED_BY,1.0
claim:CLM00135,vehicle:VEH0008,ASSOCIATED_WITH,1.0
claim:CLM00135,provider:PRV014,INVOLVES,1.0
claim:CLM00135,invoice:INV00168,HAS,1.0
claim:CLM00135,location:pune,OCCURRED_AT,1.0
claimant:CLT0013,claim:CLM00136,FILED,1.0
claim:CLM00136,policy:POL0085,COVERED_BY,1.0
claim:CLM00136,vehicle:VEH0053,ASSOCIATED_WITH,1.0
claim:CLM00136,provider:PRV007,INVOLVES,1.0
claim:CLM00136,invoice:INV00105,HAS,1.0
claim:CLM00136,location:delhi,OCCURRED_AT,1.0
claimant:CLT0085,claim:CLM00137,FILED,1.0
claim:CLM00137,policy:POL0073,COVERED_BY,1.0
claim:CLM00137,vehicle:VEH0077,ASSOCIATED_WITH,1.0
claim:CLM00137,provider:PRV008,INVOLVES,1.0
claim:CLM00137,invoice:INV00025,HAS,1.0
claim:CLM00137,location:mumbai,OCCURRED_AT,1.0
claimant:CLT0007,claim:CLM00138,FILED,1.0
claim:CLM00138,policy:POL0093,COVERED_BY,1.0
claim:CLM00138,vehicle:VEH0001,ASSOCIATED_WITH,1.0
claim:CLM00138,provider:PRV014,INVOLVES,1.0
claim:CLM00138,invoice:INV00023,HAS,1.0
claim:CLM00138,location:delhi,OCCURRED_AT,1.0
claimant:CLT0026,claim:CLM00139,FILED,1.0
claim:CLM00139,policy:POL0025,COVERED_BY,1.0
claim:CLM00139,vehicle:VEH0007,ASSOCIATED_WITH,1.0
claim:CLM00139,provider:PRV007,INVOLVES,1.0
claim:CLM00139,invoice:INV00044,HAS,1.0
claim:CLM00139,location:delhi,OCCURRED_AT,1.0
claimant:CLT0040,claim:CLM00140,FILED,1.0
claim:CLM00140,policy:POL0102,COVERED_BY,1.0
claim:CLM00140,vehicle:VEH0121,ASSOCIATED_WITH,1.0
claim:CLM00140,provider:PRV016,INVOLVES,1.0
claim:CLM00140,invoice:INV00170,HAS,1.0
claim:CLM00140,location:mumbai,OCCURRED_AT,1.0
claimant:CLT0048,claim:CLM00141,FILED,1.0
claim:CLM00141,policy:POL0098,COVERED_BY,1.0
claim:CLM00141,vehicle:VEH0095,ASSOCIATED_WITH,1.0
claim:CLM00141,provider:PRV006,INVOLVES,1.0
claim:CLM00141,invoice:INV00115,HAS,1.0
claim:CLM00141,location:mumbai,OCCURRED_AT,1.0
claimant:CLT0108,claim:CLM00142,FILED,1.0
claim:CLM00142,policy:POL0069,COVERED_BY,1.0
claim:CLM00142,vehicle:VEH0016,ASSOCIATED_WITH,1.0
claim:CLM00142,provider:PRV005,INVOLVES,1.0
claim:CLM00142,invoice:INV00193,HAS,1.0
claim:CLM00142,location:surat,OCCURRED_AT,1.0
claimant:CLT0097,claim:CLM00143,FILED,1.0
claim:CLM00143,policy:POL0059,COVERED_BY,1.0
claim:CLM00143,vehicle:VEH0016,ASSOCIATED_WITH,1.0
claim:CLM00143,provider:PRV013,INVOLVES,1.0
claim:CLM00143,invoice:INV00210,HAS,1.0
claim:CLM00143,location:pune,OCCURRED_AT,1.0
claimant:CLT0061,claim:CLM00144,FILED,1.0
claim:CLM00144,policy:POL0077,COVERED_BY,1.0
claim:CLM00144,vehicle:VEH0021,ASSOCIATED_WITH,1.0
claim:CLM00144,provider:PRV013,INVOLVES,1.0
claim:CLM00144,invoice:INV00219,HAS,1.0
claim:CLM00144,location:pune,OCCURRED_AT,1.0
claimant:CLT0016,claim:CLM00145,FILED,1.0
claim:CLM00145,policy:POL0115,COVERED_BY,1.0
claim:CLM00145,vehicle:VEH0045,ASSOCIATED_WITH,1.0
claim:CLM00145,provider:PRV006,INVOLVES,1.0
claim:CLM00145,invoice:INV00055,HAS,1.0
claim:CLM00145,location:mumbai,OCCURRED_AT,1.0
claimant:CLT0106,claim:CLM00146,FILED,1.0
claim:CLM00146,policy:POL0038,COVERED_BY,1.0
claim:CLM00146,vehicle:VEH0067,ASSOCIATED_WITH,1.0
claim:CLM00146,provider:PRV011,INVOLVES,1.0
claim:CLM00146,invoice:INV00187,HAS,1.0
claim:CLM00146,location:delhi,OCCURRED_AT,1.0
claimant:CLT0110,claim:CLM00147,FILED,1.0
claim:CLM00147,policy:POL0071,COVERED_BY,1.0
claim:CLM00147,vehicle:VEH0118,ASSOCIATED_WITH,1.0
claim:CLM00147,provider:PRV001,INVOLVES,1.0
claim:CLM00147,invoice:INV00202,HAS,1.0
claim:CLM00147,location:ahmedabad,OCCURRED_AT,1.0
claimant:CLT0054,claim:CLM00148,FILED,1.0
claim:CLM00148,policy:POL0039,COVERED_BY,1.0
claim:CLM00148,vehicle:VEH0038,ASSOCIATED_WITH,1.0
claim:CLM00148,provider:PRV019,INVOLVES,1.0
claim:CLM00148,invoice:INV00151,HAS,1.0
claim:CLM00148,location:surat,OCCURRED_AT,1.0
claimant:CLT0073,claim:CLM00149,FILED,1.0
claim:CLM00149,policy:POL0026,COVERED_BY,1.0
claim:CLM00149,vehicle:VEH0074,ASSOCIATED_WITH,1.0
claim:CLM00149,provider:PRV018,INVOLVES,1.0
claim:CLM00149,invoice:INV00089,HAS,1.0
claim:CLM00149,location:pune,OCCURRED_AT,1.0
claimant:CLT0005,claim:CLM00150,FILED,1.0
claim:CLM00150,policy:POL0045,COVERED_BY,1.0
claim:CLM00150,vehicle:VEH0071,ASSOCIATED_WITH,1.0
claim:CLM00150,provider:PRV013,INVOLVES,1.0
claim:CLM00150,invoice:INV00037,HAS,1.0
claim:CLM00150,location:delhi,OCCURRED_AT,1.0
claimant:CLT0051,claim:CLM00151,FILED,1.0
claim:CLM00151,policy:POL0085,COVERED_BY,1.0
claim:CLM00151,vehicle:VEH0061,ASSOCIATED_WITH,1.0
claim:CLM00151,provider:PRV002,INVOLVES,1.0
claim:CLM00151,invoice:INV00191,HAS,1.0
claim:CLM00151,location:delhi,OCCURRED_AT,1.0
claimant:CLT0044,claim:CLM00152,FILED,1.0
claim:CLM00152,policy:POL0078,COVERED_BY,1.0
claim:CLM00152,vehicle:VEH0080,ASSOCIATED_WITH,1.0
claim:CLM00152,provider:PRV009,INVOLVES,1.0
claim:CLM00152,invoice:INV00216,HAS,1.0
claim:CLM00152,location:pune,OCCURRED_AT,1.0
claimant:CLT0018,claim:CLM00153,FILED,1.0
claim:CLM00153,policy:POL0077,COVERED_BY,1.0
claim:CLM00153,vehicle:VEH0114,ASSOCIATED_WITH,1.0
claim:CLM00153,provider:PRV025,INVOLVES,1.0
claim:CLM00153,invoice:INV00212,HAS,1.0
claim:CLM00153,location:pune,OCCURRED_AT,1.0
claimant:CLT0025,claim:CLM00154,FILED,1.0
claim:CLM00154,policy:POL0114,COVERED_BY,1.0
claim:CLM00154,vehicle:VEH0055,ASSOCIATED_WITH,1.0
claim:CLM00154,provider:PRV014,INVOLVES,1.0
claim:CLM00154,invoice:INV00190,HAS,1.0
claim:CLM00154,location:ahmedabad,OCCURRED_AT,1.0
claimant:CLT0066,claim:CLM00155,FILED,1.0
claim:CLM00155,policy:POL0041,COVERED_BY,1.0
claim:CLM00155,vehicle:VEH0017,ASSOCIATED_WITH,1.0
claim:CLM00155,provider:PRV010,INVOLVES,1.0
claim:CLM00155,invoice:INV00182,HAS,1.0
claim:CLM00155,location:ahmedabad,OCCURRED_AT,1.0
claimant:CLT0023,claim:CLM00156,FILED,1.0
claim:CLM00156,policy:POL0050,COVERED_BY,1.0
claim:CLM00156,vehicle:VEH0052,ASSOCIATED_WITH,1.0
claim:CLM00156,provider:PRV002,INVOLVES,1.0
claim:CLM00156,invoice:INV00064,HAS,1.0
claim:CLM00156,location:pune,OCCURRED_AT,1.0
claimant:CLT0106,claim:CLM00157,FILED,1.0
claim:CLM00157,policy:POL0119,COVERED_BY,1.0
claim:CLM00157,vehicle:VEH0130,ASSOCIATED_WITH,1.0
claim:CLM00157,provider:PRV013,INVOLVES,1.0
claim:CLM00157,invoice:INV00163,HAS,1.0
claim:CLM00157,location:delhi,OCCURRED_AT,1.0
claimant:CLT0063,claim:CLM00158,FILED,1.0
claim:CLM00158,policy:POL0115,COVERED_BY,1.0
claim:CLM00158,vehicle:VEH0046,ASSOCIATED_WITH,1.0
claim:CLM00158,provider:PRV016,INVOLVES,1.0
claim:CLM00158,invoice:INV00151,HAS,1.0
claim:CLM00158,location:pune,OCCURRED_AT,1.0
claimant:CLT0037,claim:CLM00159,FILED,1.0
claim:CLM00159,policy:POL0008,COVERED_BY,1.0
claim:CLM00159,vehicle:VEH0099,ASSOCIATED_WITH,1.0
claim:CLM00159,provider:PRV002,INVOLVES,1.0
claim:CLM00159,invoice:INV00042,HAS,1.0
claim:CLM00159,location:pune,OCCURRED_AT,1.0
claimant:CLT0083,claim:CLM00160,FILED,1.0
claim:CLM00160,policy:POL0058,COVERED_BY,1.0
claim:CLM00160,vehicle:VEH0053,ASSOCIATED_WITH,1.0
claim:CLM00160,provider:PRV009,INVOLVES,1.0
claim:CLM00160,invoice:INV00167,HAS,1.0
claim:CLM00160,location:delhi,OCCURRED_AT,1.0
claimant:CLT0117,claim:CLM00161,FILED,1.0
claim:CLM00161,policy:POL0034,COVERED_BY,1.0
claim:CLM00161,vehicle:VEH0045,ASSOCIATED_WITH,1.0
claim:CLM00161,provider:PRV020,INVOLVES,1.0
claim:CLM00161,invoice:INV00206,HAS,1.0
claim:CLM00161,location:surat,OCCURRED_AT,1.0
claimant:CLT0055,claim:CLM00162,FILED,1.0
claim:CLM00162,policy:POL0097,COVERED_BY,1.0
claim:CLM00162,vehicle:VEH0090,ASSOCIATED_WITH,1.0
claim:CLM00162,provider:PRV015,INVOLVES,1.0
claim:CLM00162,invoice:INV00065,HAS,1.0
claim:CLM00162,location:mumbai,OCCURRED_AT,1.0
claimant:CLT0075,claim:CLM00163,FILED,1.0
claim:CLM00163,policy:POL0027,COVERED_BY,1.0
claim:CLM00163,vehicle:VEH0002,ASSOCIATED_WITH,1.0
claim:CLM00163,provider:PRV017,INVOLVES,1.0
claim:CLM00163,invoice:INV00170,HAS,1.0
claim:CLM00163,location:ahmedabad,OCCURRED_AT,1.0
claimant:CLT0039,claim:CLM00164,FILED,1.0
claim:CLM00164,policy:POL0028,COVERED_BY,1.0
claim:CLM00164,vehicle:VEH0124,ASSOCIATED_WITH,1.0
claim:CLM00164,provider:PRV003,INVOLVES,1.0
claim:CLM00164,invoice:INV00087,HAS,1.0
claim:CLM00164,location:pune,OCCURRED_AT,1.0
claimant:CLT0084,claim:CLM00165,FILED,1.0
claim:CLM00165,policy:POL0077,COVERED_BY,1.0
claim:CLM00165,vehicle:VEH0049,ASSOCIATED_WITH,1.0
claim:CLM00165,provider:PRV005,INVOLVES,1.0
claim:CLM00165,invoice:INV00133,HAS,1.0
claim:CLM00165,location:ahmedabad,OCCURRED_AT,1.0
claimant:CLT0085,claim:CLM00166,FILED,1.0
claim:CLM00166,policy:POL0082,COVERED_BY,1.0
claim:CLM00166,vehicle:VEH0036,ASSOCIATED_WITH,1.0
claim:CLM00166,provider:PRV024,INVOLVES,1.0
claim:CLM00166,invoice:INV00007,HAS,1.0
claim:CLM00166,location:mumbai,OCCURRED_AT,1.0
claimant:CLT0052,claim:CLM00167,FILED,1.0
claim:CLM00167,policy:POL0100,COVERED_BY,1.0
claim:CLM00167,vehicle:VEH0010,ASSOCIATED_WITH,1.0
claim:CLM00167,provider:PRV019,INVOLVES,1.0
claim:CLM00167,invoice:INV00182,HAS,1.0
claim:CLM00167,location:surat,OCCURRED_AT,1.0
claimant:CLT0117,claim:CLM00168,FILED,1.0
claim:CLM00168,policy:POL0092,COVERED_BY,1.0
claim:CLM00168,vehicle:VEH0130,ASSOCIATED_WITH,1.0
claim:CLM00168,provider:PRV010,INVOLVES,1.0
claim:CLM00168,invoice:INV00217,HAS,1.0
claim:CLM00168,location:surat,OCCURRED_AT,1.0
claimant:CLT0038,claim:CLM00169,FILED,1.0
claim:CLM00169,policy:POL0025,COVERED_BY,1.0
claim:CLM00169,vehicle:VEH0121,ASSOCIATED_WITH,1.0
claim:CLM00169,provider:PRV005,INVOLVES,1.0
claim:CLM00169,invoice:INV00190,HAS,1.0
claim:CLM00169,location:mumbai,OCCURRED_AT,1.0
claimant:CLT0084,claim:CLM00170,FILED,1.0
claim:CLM00170,policy:POL0023,COVERED_BY,1.0
claim:CLM00170,vehicle:VEH0057,ASSOCIATED_WITH,1.0
claim:CLM00170,provider:PRV012,INVOLVES,1.0
claim:CLM00170,invoice:INV00058,HAS,1.0
claim:CLM00170,location:ahmedabad,OCCURRED_AT,1.0
claimant:CLT0034,claim:CLM00171,FILED,1.0
claim:CLM00171,policy:POL0076,COVERED_BY,1.0
claim:CLM00171,vehicle:VEH0119,ASSOCIATED_WITH,1.0
claim:CLM00171,provider:PRV004,INVOLVES,1.0
claim:CLM00171,invoice:INV00121,HAS,1.0
claim:CLM00171,location:pune,OCCURRED_AT,1.0
claimant:CLT0061,claim:CLM00172,FILED,1.0
claim:CLM00172,policy:POL0050,COVERED_BY,1.0
claim:CLM00172,vehicle:VEH0129,ASSOCIATED_WITH,1.0
claim:CLM00172,provider:PRV004,INVOLVES,1.0
claim:CLM00172,invoice:INV00175,HAS,1.0
claim:CLM00172,location:pune,OCCURRED_AT,1.0
claimant:CLT0018,claim:CLM00173,FILED,1.0
claim:CLM00173,policy:POL0052,COVERED_BY,1.0
claim:CLM00173,vehicle:VEH0088,ASSOCIATED_WITH,1.0
claim:CLM00173,provider:PRV014,INVOLVES,1.0
claim:CLM00173,invoice:INV00146,HAS,1.0
claim:CLM00173,location:pune,OCCURRED_AT,1.0
claimant:CLT0111,claim:CLM00174,FILED,1.0
claim:CLM00174,policy:POL0047,COVERED_BY,1.0
claim:CLM00174,vehicle:VEH0021,ASSOCIATED_WITH,1.0
claim:CLM00174,provider:PRV016,INVOLVES,1.0
claim:CLM00174,invoice:INV00086,HAS,1.0
claim:CLM00174,location:ahmedabad,OCCURRED_AT,1.0
claimant:CLT0058,claim:CLM00175,FILED,1.0
claim:CLM00175,policy:POL0071,COVERED_BY,1.0
claim:CLM00175,vehicle:VEH0054,ASSOCIATED_WITH,1.0
claim:CLM00175,provider:PRV025,INVOLVES,1.0
claim:CLM00175,invoice:INV00199,HAS,1.0
claim:CLM00175,location:pune,OCCURRED_AT,1.0
claimant:CLT0017,claim:CLM00176,FILED,1.0
claim:CLM00176,policy:POL0112,COVERED_BY,1.0
claim:CLM00176,vehicle:VEH0110,ASSOCIATED_WITH,1.0
claim:CLM00176,provider:PRV013,INVOLVES,1.0
claim:CLM00176,invoice:INV00110,HAS,1.0
claim:CLM00176,location:ahmedabad,OCCURRED_AT,1.0
claimant:CLT0094,claim:CLM00177,FILED,1.0
claim:CLM00177,policy:POL0096,COVERED_BY,1.0
claim:CLM00177,vehicle:VEH0004,ASSOCIATED_WITH,1.0
claim:CLM00177,provider:PRV011,INVOLVES,1.0
claim:CLM00177,invoice:INV00194,HAS,1.0
claim:CLM00177,location:pune,OCCURRED_AT,1.0
claimant:CLT0029,claim:CLM00178,FILED,1.0
claim:CLM00178,policy:POL0089,COVERED_BY,1.0
claim:CLM00178,vehicle:VEH0080,ASSOCIATED_WITH,1.0
claim:CLM00178,provider:PRV005,INVOLVES,1.0
claim:CLM00178,invoice:INV00027,HAS,1.0
claim:CLM00178,location:mumbai,OCCURRED_AT,1.0
claimant:CLT0106,claim:CLM00179,FILED,1.0
claim:CLM00179,policy:POL0012,COVERED_BY,1.0
claim:CLM00179,vehicle:VEH0077,ASSOCIATED_WITH,1.0
claim:CLM00179,provider:PRV010,INVOLVES,1.0
claim:CLM00179,invoice:INV00117,HAS,1.0
claim:CLM00179,location:delhi,OCCURRED_AT,1.0
claimant:CLT0114,claim:CLM00180,FILED,1.0
claim:CLM00180,policy:POL0035,COVERED_BY,1.0
claim:CLM00180,vehicle:VEH0088,ASSOCIATED_WITH,1.0
claim:CLM00180,provider:PRV016,INVOLVES,1.0
claim:CLM00180,invoice:INV00092,HAS,1.0
claim:CLM00180,location:delhi,OCCURRED_AT,1.0
claimant:CLT0030,claim:CLM00181,FILED,1.0
claim:CLM00181,policy:POL0058,COVERED_BY,1.0
claim:CLM00181,vehicle:VEH0034,ASSOCIATED_WITH,1.0
claim:CLM00181,provider:PRV007,INVOLVES,1.0
claim:CLM00181,invoice:INV00188,HAS,1.0
claim:CLM00181,location:pune,OCCURRED_AT,1.0
claimant:CLT0092,claim:CLM00182,FILED,1.0
claim:CLM00182,policy:POL0010,COVERED_BY,1.0
claim:CLM00182,vehicle:VEH0097,ASSOCIATED_WITH,1.0
claim:CLM00182,provider:PRV021,INVOLVES,1.0
claim:CLM00182,invoice:INV00066,HAS,1.0
claim:CLM00182,location:ahmedabad,OCCURRED_AT,1.0
claimant:CLT0085,claim:CLM00183,FILED,1.0
claim:CLM00183,policy:POL0028,COVERED_BY,1.0
claim:CLM00183,vehicle:VEH0006,ASSOCIATED_WITH,1.0
claim:CLM00183,provider:PRV002,INVOLVES,1.0
claim:CLM00183,invoice:INV00177,HAS,1.0
claim:CLM00183,location:mumbai,OCCURRED_AT,1.0
claimant:CLT0061,claim:CLM00184,FILED,1.0
claim:CLM00184,policy:POL0040,COVERED_BY,1.0
claim:CLM00184,vehicle:VEH0053,ASSOCIATED_WITH,1.0
claim:CLM00184,provider:PRV023,INVOLVES,1.0
claim:CLM00184,invoice:INV00176,HAS,1.0
claim:CLM00184,location:pune,OCCURRED_AT,1.0
claimant:CLT0080,claim:CLM00185,FILED,1.0
claim:CLM00185,policy:POL0036,COVERED_BY,1.0
claim:CLM00185,vehicle:VEH0108,ASSOCIATED_WITH,1.0
claim:CLM00185,provider:PRV004,INVOLVES,1.0
claim:CLM00185,invoice:INV00131,HAS,1.0
claim:CLM00185,location:delhi,OCCURRED_AT,1.0
claimant:CLT0078,claim:CLM00186,FILED,1.0
claim:CLM00186,policy:POL0052,COVERED_BY,1.0
claim:CLM00186,vehicle:VEH0068,ASSOCIATED_WITH,1.0
claim:CLM00186,provider:PRV017,INVOLVES,1.0
claim:CLM00186,invoice:INV00052,HAS,1.0
claim:CLM00186,location:mumbai,OCCURRED_AT,1.0
claimant:CLT0071,claim:CLM00187,FILED,1.0
claim:CLM00187,policy:POL0128,COVERED_BY,1.0
claim:CLM00187,vehicle:VEH0054,ASSOCIATED_WITH,1.0
claim:CLM00187,provider:PRV023,INVOLVES,1.0
claim:CLM00187,invoice:INV00124,HAS,1.0
claim:CLM00187,location:mumbai,OCCURRED_AT,1.0
claimant:CLT0020,claim:CLM00188,FILED,1.0
claim:CLM00188,policy:POL0024,COVERED_BY,1.0
claim:CLM00188,vehicle:VEH0020,ASSOCIATED_WITH,1.0
claim:CLM00188,provider:PRV024,INVOLVES,1.0
claim:CLM00188,invoice:INV00186,HAS,1.0
claim:CLM00188,location:surat,OCCURRED_AT,1.0
claimant:CLT0038,claim:CLM00189,FILED,1.0
claim:CLM00189,policy:POL0068,COVERED_BY,1.0
claim:CLM00189,vehicle:VEH0119,ASSOCIATED_WITH,1.0
claim:CLM00189,provider:PRV002,INVOLVES,1.0
claim:CLM00189,invoice:INV00026,HAS,1.0
claim:CLM00189,location:mumbai,OCCURRED_AT,1.0
claimant:CLT0103,claim:CLM00190,FILED,1.0
claim:CLM00190,policy:POL0081,COVERED_BY,1.0
claim:CLM00190,vehicle:VEH0110,ASSOCIATED_WITH,1.0
claim:CLM00190,provider:PRV024,INVOLVES,1.0
claim:CLM00190,invoice:INV00030,HAS,1.0
claim:CLM00190,location:mumbai,OCCURRED_AT,1.0
claimant:CLT0110,claim:CLM00191,FILED,1.0
claim:CLM00191,policy:POL0036,COVERED_BY,1.0
claim:CLM00191,vehicle:VEH0044,ASSOCIATED_WITH,1.0
claim:CLM00191,provider:PRV011,INVOLVES,1.0
claim:CLM00191,invoice:INV00092,HAS,1.0
claim:CLM00191,location:ahmedabad,OCCURRED_AT,1.0
claimant:CLT0048,claim:CLM00192,FILED,1.0
claim:CLM00192,policy:POL0088,COVERED_BY,1.0
claim:CLM00192,vehicle:VEH0047,ASSOCIATED_WITH,1.0
claim:CLM00192,provider:PRV004,INVOLVES,1.0
claim:CLM00192,invoice:INV00103,HAS,1.0
claim:CLM00192,location:mumbai,OCCURRED_AT,1.0
claimant:CLT0103,claim:CLM00193,FILED,1.0
claim:CLM00193,policy:POL0108,COVERED_BY,1.0
claim:CLM00193,vehicle:VEH0043,ASSOCIATED_WITH,1.0
claim:CLM00193,provider:PRV004,INVOLVES,1.0
claim:CLM00193,invoice:INV00034,HAS,1.0
claim:CLM00193,location:mumbai,OCCURRED_AT,1.0
claimant:CLT0054,claim:CLM00194,FILED,1.0
claim:CLM00194,policy:POL0124,COVERED_BY,1.0
claim:CLM00194,vehicle:VEH0113,ASSOCIATED_WITH,1.0
claim:CLM00194,provider:PRV006,INVOLVES,1.0
claim:CLM00194,invoice:INV00157,HAS,1.0
claim:CLM00194,location:surat,OCCURRED_AT,1.0
claimant:CLT0062,claim:CLM00195,FILED,1.0
claim:CLM00195,policy:POL0125,COVERED_BY,1.0
claim:CLM00195,vehicle:VEH0029,ASSOCIATED_WITH,1.0
claim:CLM00195,provider:PRV014,INVOLVES,1.0
claim:CLM00195,invoice:INV00113,HAS,1.0
claim:CLM00195,location:surat,OCCURRED_AT,1.0
claimant:CLT0091,claim:CLM00196,FILED,1.0
claim:CLM00196,policy:POL0135,COVERED_BY,1.0
claim:CLM00196,vehicle:VEH0058,ASSOCIATED_WITH,1.0
claim:CLM00196,provider:PRV022,INVOLVES,1.0
claim:CLM00196,invoice:INV00087,HAS,1.0
claim:CLM00196,location:mumbai,OCCURRED_AT,1.0
claimant:CLT0056,claim:CLM00197,FILED,1.0
claim:CLM00197,policy:POL0064,COVERED_BY,1.0
claim:CLM00197,vehicle:VEH0124,ASSOCIATED_WITH,1.0
claim:CLM00197,provider:PRV012,INVOLVES,1.0
claim:CLM00197,invoice:INV00170,HAS,1.0
claim:CLM00197,location:ahmedabad,OCCURRED_AT,1.0
claimant:CLT0002,claim:CLM00198,FILED,1.0
claim:CLM00198,policy:POL0041,COVERED_BY,1.0
claim:CLM00198,vehicle:VEH0130,ASSOCIATED_WITH,1.0
claim:CLM00198,provider:PRV016,INVOLVES,1.0
claim:CLM00198,invoice:INV00219,HAS,1.0
claim:CLM00198,location:pune,OCCURRED_AT,1.0
claimant:CLT0043,claim:CLM00199,FILED,1.0
claim:CLM00199,policy:POL0072,COVERED_BY,1.0
claim:CLM00199,vehicle:VEH0013,ASSOCIATED_WITH,1.0
claim:CLM00199,provider:PRV017,INVOLVES,1.0
claim:CLM00199,invoice:INV00058,HAS,1.0
claim:CLM00199,location:delhi,OCCURRED_AT,1.0
claimant:CLT0059,claim:CLM00200,FILED,1.0
claim:CLM00200,policy:POL0114,COVERED_BY,1.0
claim:CLM00200,vehicle:VEH0115,ASSOCIATED_WITH,1.0
claim:CLM00200,provider:PRV003,INVOLVES,1.0
claim:CLM00200,invoice:INV00220,HAS,1.0
claim:CLM00200,location:mumbai,OCCURRED_AT,1.0
claimant:CLT0014,claim:CLM00201,FILED,1.0
claim:CLM00201,policy:POL0104,COVERED_BY,1.0
claim:CLM00201,vehicle:VEH0106,ASSOCIATED_WITH,1.0
claim:CLM00201,provider:PRV002,INVOLVES,1.0
claim:CLM00201,invoice:INV00143,HAS,1.0
claim:CLM00201,location:pune,OCCURRED_AT,1.0
claimant:CLT0114,claim:CLM00202,FILED,1.0
claim:CLM00202,policy:POL0131,COVERED_BY,1.0
claim:CLM00202,vehicle:VEH0053,ASSOCIATED_WITH,1.0
claim:CLM00202,provider:PRV021,INVOLVES,1.0
claim:CLM00202,invoice:INV00172,HAS,1.0
claim:CLM00202,location:delhi,OCCURRED_AT,1.0
claimant:CLT0109,claim:CLM00203,FILED,1.0
claim:CLM00203,policy:POL0117,COVERED_BY,1.0
claim:CLM00203,vehicle:VEH0085,ASSOCIATED_WITH,1.0
claim:CLM00203,provider:PRV018,INVOLVES,1.0
claim:CLM00203,invoice:INV00197,HAS,1.0
claim:CLM00203,location:surat,OCCURRED_AT,1.0
claimant:CLT0015,claim:CLM00204,FILED,1.0
claim:CLM00204,policy:POL0025,COVERED_BY,1.0
claim:CLM00204,vehicle:VEH0057,ASSOCIATED_WITH,1.0
claim:CLM00204,provider:PRV001,INVOLVES,1.0
claim:CLM00204,invoice:INV00088,HAS,1.0
claim:CLM00204,location:pune,OCCURRED_AT,1.0
claimant:CLT0090,claim:CLM00205,FILED,1.0
claim:CLM00205,policy:POL0028,COVERED_BY,1.0
claim:CLM00205,vehicle:VEH0012,ASSOCIATED_WITH,1.0
claim:CLM00205,provider:PRV006,INVOLVES,1.0
claim:CLM00205,invoice:INV00127,HAS,1.0
claim:CLM00205,location:delhi,OCCURRED_AT,1.0
claimant:CLT0033,claim:CLM00206,FILED,1.0
claim:CLM00206,policy:POL0051,COVERED_BY,1.0
claim:CLM00206,vehicle:VEH0049,ASSOCIATED_WITH,1.0
claim:CLM00206,provider:PRV004,INVOLVES,1.0
claim:CLM00206,invoice:INV00219,HAS,1.0
claim:CLM00206,location:ahmedabad,OCCURRED_AT,1.0
claimant:CLT0014,claim:CLM00207,FILED,1.0
claim:CLM00207,policy:POL0107,COVERED_BY,1.0
claim:CLM00207,vehicle:VEH0012,ASSOCIATED_WITH,1.0
claim:CLM00207,provider:PRV021,INVOLVES,1.0
claim:CLM00207,invoice:INV00215,HAS,1.0
claim:CLM00207,location:pune,OCCURRED_AT,1.0
claimant:CLT0064,claim:CLM00208,FILED,1.0
claim:CLM00208,policy:POL0002,COVERED_BY,1.0
claim:CLM00208,vehicle:VEH0013,ASSOCIATED_WITH,1.0
claim:CLM00208,provider:PRV018,INVOLVES,1.0
claim:CLM00208,invoice:INV00111,HAS,1.0
claim:CLM00208,location:ahmedabad,OCCURRED_AT,1.0
claimant:CLT0089,claim:CLM00209,FILED,1.0
claim:CLM00209,policy:POL0045,COVERED_BY,1.0
claim:CLM00209,vehicle:VEH0033,ASSOCIATED_WITH,1.0
claim:CLM00209,provider:PRV004,INVOLVES,1.0
claim:CLM00209,invoice:INV00100,HAS,1.0
claim:CLM00209,location:pune,OCCURRED_AT,1.0
claimant:CLT0054,claim:CLM00210,FILED,1.0
claim:CLM00210,policy:POL0064,COVERED_BY,1.0
claim:CLM00210,vehicle:VEH0071,ASSOCIATED_WITH,1.0
claim:CLM00210,provider:PRV013,INVOLVES,1.0
claim:CLM00210,invoice:INV00088,HAS,1.0
claim:CLM00210,location:surat,OCCURRED_AT,1.0
claimant:CLT0053,claim:CLM00211,FILED,1.0
claim:CLM00211,policy:POL0132,COVERED_BY,1.0
claim:CLM00211,vehicle:VEH0077,ASSOCIATED_WITH,1.0
claim:CLM00211,provider:PRV023,INVOLVES,1.0
claim:CLM00211,invoice:INV00141,HAS,1.0
claim:CLM00211,location:mumbai,OCCURRED_AT,1.0
claimant:CLT0026,claim:CLM00212,FILED,1.0
claim:CLM00212,policy:POL0054,COVERED_BY,1.0
claim:CLM00212,vehicle:VEH0075,ASSOCIATED_WITH,1.0
claim:CLM00212,provider:PRV022,INVOLVES,1.0
claim:CLM00212,invoice:INV00089,HAS,1.0
claim:CLM00212,location:delhi,OCCURRED_AT,1.0
claimant:CLT0091,claim:CLM00213,FILED,1.0
claim:CLM00213,policy:POL0030,COVERED_BY,1.0
claim:CLM00213,vehicle:VEH0091,ASSOCIATED_WITH,1.0
claim:CLM00213,provider:PRV018,INVOLVES,1.0
claim:CLM00213,invoice:INV00123,HAS,1.0
claim:CLM00213,location:mumbai,OCCURRED_AT,1.0
claimant:CLT0113,claim:CLM00214,FILED,1.0
claim:CLM00214,policy:POL0109,COVERED_BY,1.0
claim:CLM00214,vehicle:VEH0004,ASSOCIATED_WITH,1.0
claim:CLM00214,provider:PRV017,INVOLVES,1.0
claim:CLM00214,invoice:INV00028,HAS,1.0
claim:CLM00214,location:surat,OCCURRED_AT,1.0
claimant:CLT0097,claim:CLM00215,FILED,1.0
claim:CLM00215,policy:POL0042,COVERED_BY,1.0
claim:CLM00215,vehicle:VEH0074,ASSOCIATED_WITH,1.0
claim:CLM00215,provider:PRV022,INVOLVES,1.0
claim:CLM00215,invoice:INV00065,HAS,1.0
claim:CLM00215,location:pune,OCCURRED_AT,1.0
claimant:CLT0046,claim:CLM00216,FILED,1.0
claim:CLM00216,policy:POL0116,COVERED_BY,1.0
claim:CLM00216,vehicle:VEH0027,ASSOCIATED_WITH,1.0
claim:CLM00216,provider:PRV020,INVOLVES,1.0
claim:CLM00216,invoice:INV00173,HAS,1.0
claim:CLM00216,location:pune,OCCURRED_AT,1.0
claimant:CLT0031,claim:CLM00217,FILED,1.0
claim:CLM00217,policy:POL0131,COVERED_BY,1.0
claim:CLM00217,vehicle:VEH0074,ASSOCIATED_WITH,1.0
claim:CLM00217,provider:PRV023,INVOLVES,1.0
claim:CLM00217,invoice:INV00171,HAS,1.0
claim:CLM00217,location:surat,OCCURRED_AT,1.0
claimant:CLT0071,claim:CLM00218,FILED,1.0
claim:CLM00218,policy:POL0014,COVERED_BY,1.0
claim:CLM00218,vehicle:VEH0004,ASSOCIATED_WITH,1.0
claim:CLM00218,provider:PRV024,INVOLVES,1.0
claim:CLM00218,invoice:INV00065,HAS,1.0
claim:CLM00218,location:mumbai,OCCURRED_AT,1.0
claimant:CLT0117,claim:CLM00219,FILED,1.0
claim:CLM00219,policy:POL0095,COVERED_BY,1.0
claim:CLM00219,vehicle:VEH0051,ASSOCIATED_WITH,1.0
claim:CLM00219,provider:PRV025,INVOLVES,1.0
claim:CLM00219,invoice:INV00186,HAS,1.0
claim:CLM00219,location:surat,OCCURRED_AT,1.0
claimant:CLT0024,claim:CLM00220,FILED,1.0
claim:CLM00220,policy:POL0045,COVERED_BY,1.0
claim:CLM00220,vehicle:VEH0031,ASSOCIATED_WITH,1.0
claim:CLM00220,provider:PRV013,INVOLVES,1.0
claim:CLM00220,invoice:INV00011,HAS,1.0
claim:CLM00220,location:surat,OCCURRED_AT,1.0
claimant:CLT0075,claim:CLM00221,FILED,1.0
claim:CLM00221,policy:POL0066,COVERED_BY,1.0
claim:CLM00221,vehicle:VEH0002,ASSOCIATED_WITH,1.0
claim:CLM00221,provider:PRV011,INVOLVES,1.0
claim:CLM00221,invoice:INV00120,HAS,1.0
claim:CLM00221,location:ahmedabad,OCCURRED_AT,1.0
claimant:CLT0100,claim:CLM00222,FILED,1.0
claim:CLM00222,policy:POL0078,COVERED_BY,1.0
claim:CLM00222,vehicle:VEH0126,ASSOCIATED_WITH,1.0
claim:CLM00222,provider:PRV019,INVOLVES,1.0
claim:CLM00222,invoice:INV00141,HAS,1.0
claim:CLM00222,location:mumbai,OCCURRED_AT,1.0
claimant:CLT0024,claim:CLM00223,FILED,1.0
claim:CLM00223,policy:POL0134,COVERED_BY,1.0
claim:CLM00223,vehicle:VEH0018,ASSOCIATED_WITH,1.0
claim:CLM00223,provider:PRV017,INVOLVES,1.0
claim:CLM00223,invoice:INV00041,HAS,1.0
claim:CLM00223,location:surat,OCCURRED_AT,1.0
claimant:CLT0029,claim:CLM00224,FILED,1.0
claim:CLM00224,policy:POL0055,COVERED_BY,1.0
claim:CLM00224,vehicle:VEH0085,ASSOCIATED_WITH,1.0
claim:CLM00224,provider:PRV011,INVOLVES,1.0
claim:CLM00224,invoice:INV00093,HAS,1.0
claim:CLM00224,location:mumbai,OCCURRED_AT,1.0
claimant:CLT0072,claim:CLM00225,FILED,1.0
claim:CLM00225,policy:POL0003,COVERED_BY,1.0
claim:CLM00225,vehicle:VEH0030,ASSOCIATED_WITH,1.0
claim:CLM00225,provider:PRV022,INVOLVES,1.0
claim:CLM00225,invoice:INV00089,HAS,1.0
claim:CLM00225,location:mumbai,OCCURRED_AT,1.0
claimant:CLT0006,claim:CLM00226,FILED,1.0
claim:CLM00226,policy:POL0083,COVERED_BY,1.0
claim:CLM00226,vehicle:VEH0098,ASSOCIATED_WITH,1.0
claim:CLM00226,provider:PRV004,INVOLVES,1.0
claim:CLM00226,invoice:INV00099,HAS,1.0
claim:CLM00226,location:delhi,OCCURRED_AT,1.0
claimant:CLT0066,claim:CLM00227,FILED,1.0
claim:CLM00227,policy:POL0131,COVERED_BY,1.0
claim:CLM00227,vehicle:VEH0115,ASSOCIATED_WITH,1.0
claim:CLM00227,provider:PRV016,INVOLVES,1.0
claim:CLM00227,invoice:INV00012,HAS,1.0
claim:CLM00227,location:ahmedabad,OCCURRED_AT,1.0
claimant:CLT0013,claim:CLM00228,FILED,1.0
claim:CLM00228,policy:POL0043,COVERED_BY,1.0
claim:CLM00228,vehicle:VEH0002,ASSOCIATED_WITH,1.0
claim:CLM00228,provider:PRV021,INVOLVES,1.0
claim:CLM00228,invoice:INV00017,HAS,1.0
claim:CLM00228,location:delhi,OCCURRED_AT,1.0
claimant:CLT0107,claim:CLM00229,FILED,1.0
claim:CLM00229,policy:POL0027,COVERED_BY,1.0
claim:CLM00229,vehicle:VEH0053,ASSOCIATED_WITH,1.0
claim:CLM00229,provider:PRV018,INVOLVES,1.0
claim:CLM00229,invoice:INV00213,HAS,1.0
claim:CLM00229,location:pune,OCCURRED_AT,1.0
claimant:CLT0096,claim:CLM00230,FILED,1.0
claim:CLM00230,policy:POL0040,COVERED_BY,1.0
claim:CLM00230,vehicle:VEH0007,ASSOCIATED_WITH,1.0
claim:CLM00230,provider:PRV015,INVOLVES,1.0
claim:CLM00230,invoice:INV00184,HAS,1.0
claim:CLM00230,location:ahmedabad,OCCURRED_AT,1.0
claimant:CLT0074,claim:CLM00231,FILED,1.0
claim:CLM00231,policy:POL0059,COVERED_BY,1.0
claim:CLM00231,vehicle:VEH0067,ASSOCIATED_WITH,1.0
claim:CLM00231,provider:PRV014,INVOLVES,1.0
claim:CLM00231,invoice:INV00100,HAS,1.0
claim:CLM00231,location:surat,OCCURRED_AT,1.0
claimant:CLT0050,claim:CLM00232,FILED,1.0
claim:CLM00232,policy:POL0031,COVERED_BY,1.0
claim:CLM00232,vehicle:VEH0002,ASSOCIATED_WITH,1.0
claim:CLM00232,provider:PRV021,INVOLVES,1.0
claim:CLM00232,invoice:INV00185,HAS,1.0
claim:CLM00232,location:pune,OCCURRED_AT,1.0
claimant:CLT0090,claim:CLM00233,FILED,1.0
claim:CLM00233,policy:POL0019,COVERED_BY,1.0
claim:CLM00233,vehicle:VEH0092,ASSOCIATED_WITH,1.0
claim:CLM00233,provider:PRV017,INVOLVES,1.0
claim:CLM00233,invoice:INV00028,HAS,1.0
claim:CLM00233,location:delhi,OCCURRED_AT,1.0
claimant:CLT0037,claim:CLM00234,FILED,1.0
claim:CLM00234,policy:POL0113,COVERED_BY,1.0
claim:CLM00234,vehicle:VEH0098,ASSOCIATED_WITH,1.0
claim:CLM00234,provider:PRV013,INVOLVES,1.0
claim:CLM00234,invoice:INV00211,HAS,1.0
claim:CLM00234,location:pune,OCCURRED_AT,1.0
claimant:CLT0018,claim:CLM00235,FILED,1.0
claim:CLM00235,policy:POL0101,COVERED_BY,1.0
claim:CLM00235,vehicle:VEH0076,ASSOCIATED_WITH,1.0
claim:CLM00235,provider:PRV021,INVOLVES,1.0
claim:CLM00235,invoice:INV00037,HAS,1.0
claim:CLM00235,location:pune,OCCURRED_AT,1.0
claimant:CLT0071,claim:CLM00236,FILED,1.0
claim:CLM00236,policy:POL0037,COVERED_BY,1.0
claim:CLM00236,vehicle:VEH0032,ASSOCIATED_WITH,1.0
claim:CLM00236,provider:PRV002,INVOLVES,1.0
claim:CLM00236,invoice:INV00002,HAS,1.0
claim:CLM00236,location:mumbai,OCCURRED_AT,1.0
claimant:CLT0040,claim:CLM00237,FILED,1.0
claim:CLM00237,policy:POL0054,COVERED_BY,1.0
claim:CLM00237,vehicle:VEH0089,ASSOCIATED_WITH,1.0
claim:CLM00237,provider:PRV007,INVOLVES,1.0
claim:CLM00237,invoice:INV00106,HAS,1.0
claim:CLM00237,location:mumbai,OCCURRED_AT,1.0
claimant:CLT0024,claim:CLM00238,FILED,1.0
claim:CLM00238,policy:POL0057,COVERED_BY,1.0
claim:CLM00238,vehicle:VEH0065,ASSOCIATED_WITH,1.0
claim:CLM00238,provider:PRV007,INVOLVES,1.0
claim:CLM00238,invoice:INV00030,HAS,1.0
claim:CLM00238,location:surat,OCCURRED_AT,1.0
claimant:CLT0083,claim:CLM00239,FILED,1.0
claim:CLM00239,policy:POL0019,COVERED_BY,1.0
claim:CLM00239,vehicle:VEH0075,ASSOCIATED_WITH,1.0
claim:CLM00239,provider:PRV022,INVOLVES,1.0
claim:CLM00239,invoice:INV00018,HAS,1.0
claim:CLM00239,location:delhi,OCCURRED_AT,1.0
claimant:CLT0043,claim:CLM00240,FILED,1.0
claim:CLM00240,policy:POL0092,COVERED_BY,1.0
claim:CLM00240,vehicle:VEH0033,ASSOCIATED_WITH,1.0
claim:CLM00240,provider:PRV022,INVOLVES,1.0
claim:CLM00240,invoice:INV00168,HAS,1.0
claim:CLM00240,location:delhi,OCCURRED_AT,1.0
claimant:CLT0041,claim:CLM00241,FILED,1.0
claim:CLM00241,policy:POL0125,COVERED_BY,1.0
claim:CLM00241,vehicle:VEH0116,ASSOCIATED_WITH,1.0
claim:CLM00241,provider:PRV011,INVOLVES,1.0
claim:CLM00241,invoice:INV00158,HAS,1.0
claim:CLM00241,location:delhi,OCCURRED_AT,1.0
claimant:CLT0104,claim:CLM00242,FILED,1.0
claim:CLM00242,policy:POL0081,COVERED_BY,1.0
claim:CLM00242,vehicle:VEH0110,ASSOCIATED_WITH,1.0
claim:CLM00242,provider:PRV006,INVOLVES,1.0
claim:CLM00242,invoice:INV00002,HAS,1.0
claim:CLM00242,location:ahmedabad,OCCURRED_AT,1.0
claimant:CLT0108,claim:CLM00243,FILED,1.0
claim:CLM00243,policy:POL0093,COVERED_BY,1.0
claim:CLM00243,vehicle:VEH0035,ASSOCIATED_WITH,1.0
claim:CLM00243,provider:PRV022,INVOLVES,1.0
claim:CLM00243,invoice:INV00188,HAS,1.0
claim:CLM00243,location:surat,OCCURRED_AT,1.0
claimant:CLT0100,claim:CLM00244,FILED,1.0
claim:CLM00244,policy:POL0079,COVERED_BY,1.0
claim:CLM00244,vehicle:VEH0125,ASSOCIATED_WITH,1.0
claim:CLM00244,provider:PRV018,INVOLVES,1.0
claim:CLM00244,invoice:INV00028,HAS,1.0
claim:CLM00244,location:mumbai,OCCURRED_AT,1.0
claimant:CLT0115,claim:CLM00245,FILED,1.0
claim:CLM00245,policy:POL0138,COVERED_BY,1.0
claim:CLM00245,vehicle:VEH0051,ASSOCIATED_WITH,1.0
claim:CLM00245,provider:PRV009,INVOLVES,1.0
claim:CLM00245,invoice:INV00188,HAS,1.0
claim:CLM00245,location:pune,OCCURRED_AT,1.0
claimant:CLT0105,claim:CLM00246,FILED,1.0
claim:CLM00246,policy:POL0104,COVERED_BY,1.0
claim:CLM00246,vehicle:VEH0055,ASSOCIATED_WITH,1.0
claim:CLM00246,provider:PRV002,INVOLVES,1.0
claim:CLM00246,invoice:INV00142,HAS,1.0
claim:CLM00246,location:surat,OCCURRED_AT,1.0
claimant:CLT0084,claim:CLM00247,FILED,1.0
claim:CLM00247,policy:POL0039,COVERED_BY,1.0
claim:CLM00247,vehicle:VEH0094,ASSOCIATED_WITH,1.0
claim:CLM00247,provider:PRV013,INVOLVES,1.0
claim:CLM00247,invoice:INV00058,HAS,1.0
claim:CLM00247,location:ahmedabad,OCCURRED_AT,1.0
claimant:CLT0060,claim:CLM00248,FILED,1.0
claim:CLM00248,policy:POL0129,COVERED_BY,1.0
claim:CLM00248,vehicle:VEH0024,ASSOCIATED_WITH,1.0
claim:CLM00248,provider:PRV013,INVOLVES,1.0
claim:CLM00248,invoice:INV00094,HAS,1.0
claim:CLM00248,location:delhi,OCCURRED_AT,1.0
claimant:CLT0097,claim:CLM00249,FILED,1.0
claim:CLM00249,policy:POL0132,COVERED_BY,1.0
claim:CLM00249,vehicle:VEH0036,ASSOCIATED_WITH,1.0
claim:CLM00249,provider:PRV015,INVOLVES,1.0
claim:CLM00249,invoice:INV00041,HAS,1.0
claim:CLM00249,location:pune,OCCURRED_AT,1.0
claimant:CLT0046,claim:CLM00250,FILED,1.0
claim:CLM00250,policy:POL0011,COVERED_BY,1.0
claim:CLM00250,vehicle:VEH0057,ASSOCIATED_WITH,1.0
claim:CLM00250,provider:PRV025,INVOLVES,1.0
claim:CLM00250,invoice:INV00125,HAS,1.0
claim:CLM00250,location:pune,OCCURRED_AT,1.0
claimant:CLT0086,claim:CLM00251,FILED,1.0
claim:CLM00251,policy:POL0053,COVERED_BY,1.0
claim:CLM00251,vehicle:VEH0093,ASSOCIATED_WITH,1.0
claim:CLM00251,provider:PRV013,INVOLVES,1.0
claim:CLM00251,invoice:INV00121,HAS,1.0
claim:CLM00251,location:mumbai,OCCURRED_AT,1.0
claimant:CLT0014,claim:CLM00252,FILED,1.0
claim:CLM00252,policy:POL0134,COVERED_BY,1.0
claim:CLM00252,vehicle:VEH0071,ASSOCIATED_WITH,1.0
claim:CLM00252,provider:PRV024,INVOLVES,1.0
claim:CLM00252,invoice:INV00068,HAS,1.0
claim:CLM00252,location:pune,OCCURRED_AT,1.0
claimant:CLT0047,claim:CLM00253,FILED,1.0
claim:CLM00253,policy:POL0020,COVERED_BY,1.0
claim:CLM00253,vehicle:VEH0065,ASSOCIATED_WITH,1.0
claim:CLM00253,provider:PRV013,INVOLVES,1.0
claim:CLM00253,invoice:INV00058,HAS,1.0
claim:CLM00253,location:mumbai,OCCURRED_AT,1.0
claimant:CLT0102,claim:CLM00254,FILED,1.0
claim:CLM00254,policy:POL0124,COVERED_BY,1.0
claim:CLM00254,vehicle:VEH0002,ASSOCIATED_WITH,1.0
claim:CLM00254,provider:PRV017,INVOLVES,1.0
claim:CLM00254,invoice:INV00036,HAS,1.0
claim:CLM00254,location:delhi,OCCURRED_AT,1.0
claimant:CLT0028,claim:CLM00255,FILED,1.0
claim:CLM00255,policy:POL0039,COVERED_BY,1.0
claim:CLM00255,vehicle:VEH0048,ASSOCIATED_WITH,1.0
claim:CLM00255,provider:PRV006,INVOLVES,1.0
claim:CLM00255,invoice:INV00093,HAS,1.0
claim:CLM00255,location:delhi,OCCURRED_AT,1.0
claimant:CLT0104,claim:CLM00256,FILED,1.0
claim:CLM00256,policy:POL0085,COVERED_BY,1.0
claim:CLM00256,vehicle:VEH0030,ASSOCIATED_WITH,1.0
claim:CLM00256,provider:PRV016,INVOLVES,1.0
claim:CLM00256,invoice:INV00173,HAS,1.0
claim:CLM00256,location:ahmedabad,OCCURRED_AT,1.0
claimant:CLT0003,claim:CLM00257,FILED,1.0
claim:CLM00257,policy:POL0063,COVERED_BY,1.0
claim:CLM00257,vehicle:VEH0012,ASSOCIATED_WITH,1.0
claim:CLM00257,provider:PRV005,INVOLVES,1.0
claim:CLM00257,invoice:INV00147,HAS,1.0
claim:CLM00257,location:delhi,OCCURRED_AT,1.0
claimant:CLT0022,claim:CLM00258,FILED,1.0
claim:CLM00258,policy:POL0067,COVERED_BY,1.0
claim:CLM00258,vehicle:VEH0047,ASSOCIATED_WITH,1.0
claim:CLM00258,provider:PRV017,INVOLVES,1.0
claim:CLM00258,invoice:INV00104,HAS,1.0
claim:CLM00258,location:ahmedabad,OCCURRED_AT,1.0
claimant:CLT0028,claim:CLM00259,FILED,1.0
claim:CLM00259,policy:POL0115,COVERED_BY,1.0
claim:CLM00259,vehicle:VEH0121,ASSOCIATED_WITH,1.0
claim:CLM00259,provider:PRV016,INVOLVES,1.0
claim:CLM00259,invoice:INV00044,HAS,1.0
claim:CLM00259,location:delhi,OCCURRED_AT,1.0
claimant:CLT0080,claim:CLM00260,FILED,1.0
claim:CLM00260,policy:POL0131,COVERED_BY,1.0
claim:CLM00260,vehicle:VEH0068,ASSOCIATED_WITH,1.0
claim:CLM00260,provider:PRV006,INVOLVES,1.0
claim:CLM00260,invoice:INV00186,HAS,1.0
claim:CLM00260,location:delhi,OCCURRED_AT,1.0
claimant:CLT0030,claim:CLM00261,FILED,1.0
claim:CLM00261,policy:POL0097,COVERED_BY,1.0
claim:CLM00261,vehicle:VEH0099,ASSOCIATED_WITH,1.0
claim:CLM00261,provider:PRV005,INVOLVES,1.0
claim:CLM00261,invoice:INV00028,HAS,1.0
claim:CLM00261,location:pune,OCCURRED_AT,1.0
claimant:CLT0106,claim:CLM00262,FILED,1.0
claim:CLM00262,policy:POL0039,COVERED_BY,1.0
claim:CLM00262,vehicle:VEH0025,ASSOCIATED_WITH,1.0
claim:CLM00262,provider:PRV006,INVOLVES,1.0
claim:CLM00262,invoice:INV00122,HAS,1.0
claim:CLM00262,location:delhi,OCCURRED_AT,1.0
claimant:CLT0012,claim:CLM00263,FILED,1.0
claim:CLM00263,policy:POL0124,COVERED_BY,1.0
claim:CLM00263,vehicle:VEH0034,ASSOCIATED_WITH,1.0
claim:CLM00263,provider:PRV020,INVOLVES,1.0
claim:CLM00263,invoice:INV00139,HAS,1.0
claim:CLM00263,location:surat,OCCURRED_AT,1.0
claimant:CLT0048,claim:CLM00264,FILED,1.0
claim:CLM00264,policy:POL0012,COVERED_BY,1.0
claim:CLM00264,vehicle:VEH0110,ASSOCIATED_WITH,1.0
claim:CLM00264,provider:PRV008,INVOLVES,1.0
claim:CLM00264,invoice:INV00206,HAS,1.0
claim:CLM00264,location:mumbai,OCCURRED_AT,1.0
claimant:CLT0055,claim:CLM00265,FILED,1.0
claim:CLM00265,policy:POL0035,COVERED_BY,1.0
claim:CLM00265,vehicle:VEH0066,ASSOCIATED_WITH,1.0
claim:CLM00265,provider:PRV016,INVOLVES,1.0
claim:CLM00265,invoice:INV00197,HAS,1.0
claim:CLM00265,location:mumbai,OCCURRED_AT,1.0
claimant:CLT0033,claim:CLM00266,FILED,1.0
claim:CLM00266,policy:POL0049,COVERED_BY,1.0
claim:CLM00266,vehicle:VEH0002,ASSOCIATED_WITH,1.0
claim:CLM00266,provider:PRV023,INVOLVES,1.0
claim:CLM00266,invoice:INV00191,HAS,1.0
claim:CLM00266,location:ahmedabad,OCCURRED_AT,1.0
claimant:CLT0049,claim:CLM00267,FILED,1.0
claim:CLM00267,policy:POL0053,COVERED_BY,1.0
claim:CLM00267,vehicle:VEH0081,ASSOCIATED_WITH,1.0
claim:CLM00267,provider:PRV014,INVOLVES,1.0
claim:CLM00267,invoice:INV00093,HAS,1.0
claim:CLM00267,location:mumbai,OCCURRED_AT,1.0
claimant:CLT0034,claim:CLM00268,FILED,1.0
claim:CLM00268,policy:POL0138,COVERED_BY,1.0
claim:CLM00268,vehicle:VEH0109,ASSOCIATED_WITH,1.0
claim:CLM00268,provider:PRV019,INVOLVES,1.0
claim:CLM00268,invoice:INV00094,HAS,1.0
claim:CLM00268,location:pune,OCCURRED_AT,1.0
claimant:CLT0053,claim:CLM00269,FILED,1.0
claim:CLM00269,policy:POL0124,COVERED_BY,1.0
claim:CLM00269,vehicle:VEH0046,ASSOCIATED_WITH,1.0
claim:CLM00269,provider:PRV012,INVOLVES,1.0
claim:CLM00269,invoice:INV00144,HAS,1.0
claim:CLM00269,location:mumbai,OCCURRED_AT,1.0
claimant:CLT0100,claim:CLM00270,FILED,1.0
claim:CLM00270,policy:POL0102,COVERED_BY,1.0
claim:CLM00270,vehicle:VEH0036,ASSOCIATED_WITH,1.0
claim:CLM00270,provider:PRV022,INVOLVES,1.0
claim:CLM00270,invoice:INV00031,HAS,1.0
claim:CLM00270,location:mumbai,OCCURRED_AT,1.0
claimant:CLT0028,claim:CLM00271,FILED,1.0
claim:CLM00271,policy:POL0131,COVERED_BY,1.0
claim:CLM00271,vehicle:VEH0103,ASSOCIATED_WITH,1.0
claim:CLM00271,provider:PRV011,INVOLVES,1.0
claim:CLM00271,invoice:INV00206,HAS,1.0
claim:CLM00271,location:delhi,OCCURRED_AT,1.0
claimant:CLT0050,claim:CLM00272,FILED,1.0
claim:CLM00272,policy:POL0002,COVERED_BY,1.0
claim:CLM00272,vehicle:VEH0024,ASSOCIATED_WITH,1.0
claim:CLM00272,provider:PRV005,INVOLVES,1.0
claim:CLM00272,invoice:INV00121,HAS,1.0
claim:CLM00272,location:pune,OCCURRED_AT,1.0
claimant:CLT0029,claim:CLM00273,FILED,1.0
claim:CLM00273,policy:POL0095,COVERED_BY,1.0
claim:CLM00273,vehicle:VEH0021,ASSOCIATED_WITH,1.0
claim:CLM00273,provider:PRV020,INVOLVES,1.0
claim:CLM00273,invoice:INV00010,HAS,1.0
claim:CLM00273,location:mumbai,OCCURRED_AT,1.0
claimant:CLT0092,claim:CLM00274,FILED,1.0
claim:CLM00274,policy:POL0015,COVERED_BY,1.0
claim:CLM00274,vehicle:VEH0045,ASSOCIATED_WITH,1.0
claim:CLM00274,provider:PRV021,INVOLVES,1.0
claim:CLM00274,invoice:INV00127,HAS,1.0
claim:CLM00274,location:ahmedabad,OCCURRED_AT,1.0
claimant:CLT0025,claim:CLM00275,FILED,1.0
claim:CLM00275,policy:POL0009,COVERED_BY,1.0
claim:CLM00275,vehicle:VEH0060,ASSOCIATED_WITH,1.0
claim:CLM00275,provider:PRV020,INVOLVES,1.0
claim:CLM00275,invoice:INV00044,HAS,1.0
claim:CLM00275,location:ahmedabad,OCCURRED_AT,1.0
claimant:CLT0012,claim:CLM00276,FILED,1.0
claim:CLM00276,policy:POL0071,COVERED_BY,1.0
claim:CLM00276,vehicle:VEH0103,ASSOCIATED_WITH,1.0
claim:CLM00276,provider:PRV012,INVOLVES,1.0
claim:CLM00276,invoice:INV00172,HAS,1.0
claim:CLM00276,location:surat,OCCURRED_AT,1.0
claimant:CLT0095,claim:CLM00277,FILED,1.0
claim:CLM00277,policy:POL0018,COVERED_BY,1.0
claim:CLM00277,vehicle:VEH0024,ASSOCIATED_WITH,1.0
claim:CLM00277,provider:PRV018,INVOLVES,1.0
claim:CLM00277,invoice:INV00073,HAS,1.0
claim:CLM00277,location:surat,OCCURRED_AT,1.0
claimant:CLT0045,claim:CLM00278,FILED,1.0
claim:CLM00278,policy:POL0071,COVERED_BY,1.0
claim:CLM00278,vehicle:VEH0058,ASSOCIATED_WITH,1.0
claim:CLM00278,provider:PRV020,INVOLVES,1.0
claim:CLM00278,invoice:INV00050,HAS,1.0
claim:CLM00278,location:ahmedabad,OCCURRED_AT,1.0
claimant:CLT0023,claim:CLM00279,FILED,1.0
claim:CLM00279,policy:POL0105,COVERED_BY,1.0
claim:CLM00279,vehicle:VEH0130,ASSOCIATED_WITH,1.0
claim:CLM00279,provider:PRV004,INVOLVES,1.0
claim:CLM00279,invoice:INV00144,HAS,1.0
claim:CLM00279,location:pune,OCCURRED_AT,1.0
claimant:CLT0113,claim:CLM00280,FILED,1.0
claim:CLM00280,policy:POL0138,COVERED_BY,1.0
claim:CLM00280,vehicle:VEH0065,ASSOCIATED_WITH,1.0
claim:CLM00280,provider:PRV023,INVOLVES,1.0
claim:CLM00280,invoice:INV00114,HAS,1.0
claim:CLM00280,location:surat,OCCURRED_AT,1.0
claimant:CLT0100,claim:CLM00281,FILED,1.0
claim:CLM00281,policy:POL0118,COVERED_BY,1.0
claim:CLM00281,vehicle:VEH0118,ASSOCIATED_WITH,1.0
claim:CLM00281,provider:PRV019,INVOLVES,1.0
claim:CLM00281,invoice:INV00008,HAS,1.0
claim:CLM00281,location:mumbai,OCCURRED_AT,1.0
claimant:CLT0087,claim:CLM00282,FILED,1.0
claim:CLM00282,policy:POL0059,COVERED_BY,1.0
claim:CLM00282,vehicle:VEH0081,ASSOCIATED_WITH,1.0
claim:CLM00282,provider:PRV014,INVOLVES,1.0
claim:CLM00282,invoice:INV00091,HAS,1.0
claim:CLM00282,location:ahmedabad,OCCURRED_AT,1.0
claimant:CLT0012,claim:CLM00283,FILED,1.0
claim:CLM00283,policy:POL0103,COVERED_BY,1.0
claim:CLM00283,vehicle:VEH0088,ASSOCIATED_WITH,1.0
claim:CLM00283,provider:PRV003,INVOLVES,1.0
claim:CLM00283,invoice:INV00142,HAS,1.0
claim:CLM00283,location:surat,OCCURRED_AT,1.0
claimant:CLT0115,claim:CLM00284,FILED,1.0
claim:CLM00284,policy:POL0069,COVERED_BY,1.0
claim:CLM00284,vehicle:VEH0047,ASSOCIATED_WITH,1.0
claim:CLM00284,provider:PRV024,INVOLVES,1.0
claim:CLM00284,invoice:INV00175,HAS,1.0
claim:CLM00284,location:pune,OCCURRED_AT,1.0
claimant:CLT0095,claim:CLM00285,FILED,1.0
claim:CLM00285,policy:POL0062,COVERED_BY,1.0
claim:CLM00285,vehicle:VEH0068,ASSOCIATED_WITH,1.0
claim:CLM00285,provider:PRV007,INVOLVES,1.0
claim:CLM00285,invoice:INV00059,HAS,1.0
claim:CLM00285,location:surat,OCCURRED_AT,1.0
claimant:CLT0020,claim:CLM00286,FILED,1.0
claim:CLM00286,policy:POL0028,COVERED_BY,1.0
claim:CLM00286,vehicle:VEH0031,ASSOCIATED_WITH,1.0
claim:CLM00286,provider:PRV003,INVOLVES,1.0
claim:CLM00286,invoice:INV00174,HAS,1.0
claim:CLM00286,location:surat,OCCURRED_AT,1.0
claimant:CLT0109,claim:CLM00287,FILED,1.0
claim:CLM00287,policy:POL0124,COVERED_BY,1.0
claim:CLM00287,vehicle:VEH0096,ASSOCIATED_WITH,1.0
claim:CLM00287,provider:PRV020,INVOLVES,1.0
claim:CLM00287,invoice:INV00081,HAS,1.0
claim:CLM00287,location:surat,OCCURRED_AT,1.0
claimant:CLT0063,claim:CLM00288,FILED,1.0
claim:CLM00288,policy:POL0047,COVERED_BY,1.0
claim:CLM00288,vehicle:VEH0072,ASSOCIATED_WITH,1.0
claim:CLM00288,provider:PRV013,INVOLVES,1.0
claim:CLM00288,invoice:INV00057,HAS,1.0
claim:CLM00288,location:pune,OCCURRED_AT,1.0
claimant:CLT0065,claim:CLM00289,FILED,1.0
claim:CLM00289,policy:POL0089,COVERED_BY,1.0
claim:CLM00289,vehicle:VEH0101,ASSOCIATED_WITH,1.0
claim:CLM00289,provider:PRV022,INVOLVES,1.0
claim:CLM00289,invoice:INV00199,HAS,1.0
claim:CLM00289,location:delhi,OCCURRED_AT,1.0
claimant:CLT0041,claim:CLM00290,FILED,1.0
claim:CLM00290,policy:POL0003,COVERED_BY,1.0
claim:CLM00290,vehicle:VEH0004,ASSOCIATED_WITH,1.0
claim:CLM00290,provider:PRV022,INVOLVES,1.0
claim:CLM00290,invoice:INV00054,HAS,1.0
claim:CLM00290,location:delhi,OCCURRED_AT,1.0
claimant:CLT0031,claim:CLM00291,FILED,1.0
claim:CLM00291,policy:POL0069,COVERED_BY,1.0
claim:CLM00291,vehicle:VEH0121,ASSOCIATED_WITH,1.0
claim:CLM00291,provider:PRV020,INVOLVES,1.0
claim:CLM00291,invoice:INV00088,HAS,1.0
claim:CLM00291,location:surat,OCCURRED_AT,1.0
claimant:CLT0090,claim:CLM00292,FILED,1.0
claim:CLM00292,policy:POL0096,COVERED_BY,1.0
claim:CLM00292,vehicle:VEH0094,ASSOCIATED_WITH,1.0
claim:CLM00292,provider:PRV013,INVOLVES,1.0
claim:CLM00292,invoice:INV00072,HAS,1.0
claim:CLM00292,location:delhi,OCCURRED_AT,1.0
claimant:CLT0105,claim:CLM00293,FILED,1.0
claim:CLM00293,policy:POL0026,COVERED_BY,1.0
claim:CLM00293,vehicle:VEH0070,ASSOCIATED_WITH,1.0
claim:CLM00293,provider:PRV008,INVOLVES,1.0
claim:CLM00293,invoice:INV00143,HAS,1.0
claim:CLM00293,location:surat,OCCURRED_AT,1.0
claimant:CLT0061,claim:CLM00294,FILED,1.0
claim:CLM00294,policy:POL0003,COVERED_BY,1.0
claim:CLM00294,vehicle:VEH0046,ASSOCIATED_WITH,1.0
claim:CLM00294,provider:PRV014,INVOLVES,1.0
claim:CLM00294,invoice:INV00128,HAS,1.0
claim:CLM00294,location:pune,OCCURRED_AT,1.0
claimant:CLT0101,claim:CLM00295,FILED,1.0
claim:CLM00295,policy:POL0125,COVERED_BY,1.0
claim:CLM00295,vehicle:VEH0077,ASSOCIATED_WITH,1.0
claim:CLM00295,provider:PRV009,INVOLVES,1.0
claim:CLM00295,invoice:INV00144,HAS,1.0
claim:CLM00295,location:ahmedabad,OCCURRED_AT,1.0
claimant:CLT0105,claim:CLM00296,FILED,1.0
claim:CLM00296,policy:POL0066,COVERED_BY,1.0
claim:CLM00296,vehicle:VEH0122,ASSOCIATED_WITH,1.0
claim:CLM00296,provider:PRV021,INVOLVES,1.0
claim:CLM00296,invoice:INV00025,HAS,1.0
claim:CLM00296,location:surat,OCCURRED_AT,1.0
claimant:CLT0072,claim:CLM00297,FILED,1.0
claim:CLM00297,policy:POL0066,COVERED_BY,1.0
claim:CLM00297,vehicle:VEH0089,ASSOCIATED_WITH,1.0
claim:CLM00297,provider:PRV001,INVOLVES,1.0
claim:CLM00297,invoice:INV00106,HAS,1.0
claim:CLM00297,location:mumbai,OCCURRED_AT,1.0
claimant:CLT0074,claim:CLM00298,FILED,1.0
claim:CLM00298,policy:POL0138,COVERED_BY,1.0
claim:CLM00298,vehicle:VEH0045,ASSOCIATED_WITH,1.0
claim:CLM00298,provider:PRV025,INVOLVES,1.0
claim:CLM00298,invoice:INV00073,HAS,1.0
claim:CLM00298,location:surat,OCCURRED_AT,1.0
claimant:CLT0114,claim:CLM00299,FILED,1.0
claim:CLM00299,policy:POL0021,COVERED_BY,1.0
claim:CLM00299,vehicle:VEH0098,ASSOCIATED_WITH,1.0
claim:CLM00299,provider:PRV020,INVOLVES,1.0
claim:CLM00299,invoice:INV00074,HAS,1.0
claim:CLM00299,location:delhi,OCCURRED_AT,1.0
claimant:CLT0054,claim:CLM00300,FILED,1.0
claim:CLM00300,policy:POL0104,COVERED_BY,1.0
claim:CLM00300,vehicle:VEH0019,ASSOCIATED_WITH,1.0
claim:CLM00300,provider:PRV003,INVOLVES,1.0
claim:CLM00300,invoice:INV00042,HAS,1.0
claim:CLM00300,location:surat,OCCURRED_AT,1.0
claimant:CLT0078,claim:CLM00301,FILED,1.0
claim:CLM00301,policy:POL0102,COVERED_BY,1.0
claim:CLM00301,vehicle:VEH0070,ASSOCIATED_WITH,1.0
claim:CLM00301,provider:PRV015,INVOLVES,1.0
claim:CLM00301,invoice:INV00200,HAS,1.0
claim:CLM00301,location:mumbai,OCCURRED_AT,1.0
claimant:CLT0053,claim:CLM00302,FILED,1.0
claim:CLM00302,policy:POL0043,COVERED_BY,1.0
claim:CLM00302,vehicle:VEH0048,ASSOCIATED_WITH,1.0
claim:CLM00302,provider:PRV001,INVOLVES,1.0
claim:CLM00302,invoice:INV00033,HAS,1.0
claim:CLM00302,location:mumbai,OCCURRED_AT,1.0
claimant:CLT0022,claim:CLM00303,FILED,1.0
claim:CLM00303,policy:POL0102,COVERED_BY,1.0
claim:CLM00303,vehicle:VEH0027,ASSOCIATED_WITH,1.0
claim:CLM00303,provider:PRV004,INVOLVES,1.0
claim:CLM00303,invoice:INV00017,HAS,1.0
claim:CLM00303,location:ahmedabad,OCCURRED_AT,1.0
claimant:CLT0099,claim:CLM00304,FILED,1.0
claim:CLM00304,policy:POL0102,COVERED_BY,1.0
claim:CLM00304,vehicle:VEH0022,ASSOCIATED_WITH,1.0
claim:CLM00304,provider:PRV004,INVOLVES,1.0
claim:CLM00304,invoice:INV00068,HAS,1.0
claim:CLM00304,location:ahmedabad,OCCURRED_AT,1.0
claimant:CLT0030,claim:CLM00305,FILED,1.0
claim:CLM00305,policy:POL0064,COVERED_BY,1.0
claim:CLM00305,vehicle:VEH0073,ASSOCIATED_WITH,1.0
claim:CLM00305,provider:PRV015,INVOLVES,1.0
claim:CLM00305,invoice:INV00161,HAS,1.0
claim:CLM00305,location:pune,OCCURRED_AT,1.0
claimant:CLT0005,claim:CLM00306,FILED,1.0
claim:CLM00306,policy:POL0092,COVERED_BY,1.0
claim:CLM00306,vehicle:VEH0084,ASSOCIATED_WITH,1.0
claim:CLM00306,provider:PRV016,INVOLVES,1.0
claim:CLM00306,invoice:INV00120,HAS,1.0
claim:CLM00306,location:delhi,OCCURRED_AT,1.0
claimant:CLT0018,claim:CLM00307,FILED,1.0
claim:CLM00307,policy:POL0139,COVERED_BY,1.0
claim:CLM00307,vehicle:VEH0046,ASSOCIATED_WITH,1.0
claim:CLM00307,provider:PRV019,INVOLVES,1.0
claim:CLM00307,invoice:INV00153,HAS,1.0
claim:CLM00307,location:pune,OCCURRED_AT,1.0
claimant:CLT0068,claim:CLM00308,FILED,1.0
claim:CLM00308,policy:POL0137,COVERED_BY,1.0
claim:CLM00308,vehicle:VEH0080,ASSOCIATED_WITH,1.0
claim:CLM00308,provider:PRV012,INVOLVES,1.0
claim:CLM00308,invoice:INV00124,HAS,1.0
claim:CLM00308,location:mumbai,OCCURRED_AT,1.0
claimant:CLT0047,claim:CLM00309,FILED,1.0
claim:CLM00309,policy:POL0106,COVERED_BY,1.0
claim:CLM00309,vehicle:VEH0067,ASSOCIATED_WITH,1.0
claim:CLM00309,provider:PRV005,INVOLVES,1.0
claim:CLM00309,invoice:INV00078,HAS,1.0
claim:CLM00309,location:mumbai,OCCURRED_AT,1.0
claimant:CLT0037,claim:CLM00310,FILED,1.0
claim:CLM00310,policy:POL0121,COVERED_BY,1.0
claim:CLM00310,vehicle:VEH0003,ASSOCIATED_WITH,1.0
claim:CLM00310,provider:PRV023,INVOLVES,1.0
claim:CLM00310,invoice:INV00126,HAS,1.0
claim:CLM00310,location:pune,OCCURRED_AT,1.0
claimant:CLT0103,claim:CLM00311,FILED,1.0
claim:CLM00311,policy:POL0075,COVERED_BY,1.0
claim:CLM00311,vehicle:VEH0060,ASSOCIATED_WITH,1.0
claim:CLM00311,provider:PRV001,INVOLVES,1.0
claim:CLM00311,invoice:INV00141,HAS,1.0
claim:CLM00311,location:mumbai,OCCURRED_AT,1.0
claimant:CLT0051,claim:CLM00312,FILED,1.0
claim:CLM00312,policy:POL0064,COVERED_BY,1.0
claim:CLM00312,vehicle:VEH0042,ASSOCIATED_WITH,1.0
claim:CLM00312,provider:PRV023,INVOLVES,1.0
claim:CLM00312,invoice:INV00189,HAS,1.0
claim:CLM00312,location:delhi,OCCURRED_AT,1.0
claimant:CLT0011,claim:CLM00313,FILED,1.0
claim:CLM00313,policy:POL0109,COVERED_BY,1.0
claim:CLM00313,vehicle:VEH0062,ASSOCIATED_WITH,1.0
claim:CLM00313,provider:PRV017,INVOLVES,1.0
claim:CLM00313,invoice:INV00196,HAS,1.0
claim:CLM00313,location:ahmedabad,OCCURRED_AT,1.0
claimant:CLT0084,claim:CLM00314,FILED,1.0
claim:CLM00314,policy:POL0137,COVERED_BY,1.0
claim:CLM00314,vehicle:VEH0069,ASSOCIATED_WITH,1.0
claim:CLM00314,provider:PRV014,INVOLVES,1.0
claim:CLM00314,invoice:INV00049,HAS,1.0
claim:CLM00314,location:ahmedabad,OCCURRED_AT,1.0
claimant:CLT0082,claim:CLM00315,FILED,1.0
claim:CLM00315,policy:POL0117,COVERED_BY,1.0
claim:CLM00315,vehicle:VEH0116,ASSOCIATED_WITH,1.0
claim:CLM00315,provider:PRV009,INVOLVES,1.0
claim:CLM00315,invoice:INV00180,HAS,1.0
claim:CLM00315,location:mumbai,OCCURRED_AT,1.0
claimant:CLT0007,claim:CLM00316,FILED,1.0
claim:CLM00316,policy:POL0137,COVERED_BY,1.0
claim:CLM00316,vehicle:VEH0006,ASSOCIATED_WITH,1.0
claim:CLM00316,provider:PRV006,INVOLVES,1.0
claim:CLM00316,invoice:INV00027,HAS,1.0
claim:CLM00316,location:delhi,OCCURRED_AT,1.0
claimant:CLT0020,claim:CLM00317,FILED,1.0
claim:CLM00317,policy:POL0004,COVERED_BY,1.0
claim:CLM00317,vehicle:VEH0127,ASSOCIATED_WITH,1.0
claim:CLM00317,provider:PRV007,INVOLVES,1.0
claim:CLM00317,invoice:INV00088,HAS,1.0
claim:CLM00317,location:surat,OCCURRED_AT,1.0
claimant:CLT0060,claim:CLM00318,FILED,1.0
claim:CLM00318,policy:POL0009,COVERED_BY,1.0
claim:CLM00318,vehicle:VEH0085,ASSOCIATED_WITH,1.0
claim:CLM00318,provider:PRV003,INVOLVES,1.0
claim:CLM00318,invoice:INV00216,HAS,1.0
claim:CLM00318,location:delhi,OCCURRED_AT,1.0
claimant:CLT0024,claim:CLM00319,FILED,1.0
claim:CLM00319,policy:POL0050,COVERED_BY,1.0
claim:CLM00319,vehicle:VEH0065,ASSOCIATED_WITH,1.0
claim:CLM00319,provider:PRV013,INVOLVES,1.0
claim:CLM00319,invoice:INV00213,HAS,1.0
claim:CLM00319,location:surat,OCCURRED_AT,1.0
claimant:CLT0099,claim:CLM00320,FILED,1.0
claim:CLM00320,policy:POL0114,COVERED_BY,1.0
claim:CLM00320,vehicle:VEH0064,ASSOCIATED_WITH,1.0
claim:CLM00320,provider:PRV024,INVOLVES,1.0
claim:CLM00320,invoice:INV00009,HAS,1.0
claim:CLM00320,location:ahmedabad,OCCURRED_AT,1.0
