node_id,node_type,source_id,attributes
claim:CLM00001,Claim,CLM00001,"{""claim_amount"": 132760, ""claim_date"": ""2026-01-26"", ""claim_type"": ""Theft"", ""description"": ""Claim description 1"", ""fraud_label"": 1, ""status"": ""Open""}"
claim:CLM00002,Claim,CLM00002,"{""claim_amount"": 231421, ""claim_date"": ""2026-07-13"", ""claim_type"": ""Theft"", ""description"": ""Claim description 2"", ""fraud_label"": 0, ""status"": ""Approved""}"
claim:CLM00003,Claim,CLM00003,"{""claim_amount"": 42554, ""claim_date"": ""2026-08-13"", ""claim_type"": ""Glass Damage"", ""description"": ""Claim description 3"", ""fraud_label"": 0, ""status"": ""Under Review""}"
claim:CLM00004,Claim,CLM00004,"{""claim_amount"": 160101, ""claim_date"": ""2026-08-31"", ""claim_type"": ""Theft"", ""description"": ""Claim description 4"", ""fraud_label"": 0, ""status"": ""Rejected""}"
claim:CLM00005,Claim,CLM00005,"{""claim_amount"": 104917, ""claim_date"": ""2026-06-21"", ""claim_type"": ""Fire"", ""description"": ""Claim description 5"", ""fraud_label"": 0, ""status"": ""Rejected""}"
claim:CLM00006,Claim,CLM00006,"{""claim_amount"": 146014, ""claim_date"": ""2026-07-13"", ""claim_type"": ""Theft"", ""description"": ""Claim description 6"", ""fraud_label"": 0, ""status"": ""Approved""}"
claim:CLM00007,Claim,CLM00007,"{""claim_amount"": 114185, ""claim_date"": ""2026-04-16"", ""claim_type"": ""Theft"", ""description"": ""Claim description 7"", ""fraud_label"": 0, ""status"": ""Rejected""}"
claim:CLM00008,Claim,CLM00008,"{""claim_amount"": 246756, ""claim_date"": ""2026-01-21"", ""claim_type"": ""Fire"", ""description"": ""Claim description 8"", ""fraud_label"": 0, ""status"": ""Open""}"
claim:CLM00009,Claim,CLM00009,"{""claim_amount"": 163589, ""claim_date"": ""2026-06-22"", ""claim_type"": ""Accident"", ""description"": ""Claim description 9"", ""fraud_label"": 0, ""status"": ""Under Review""}"
claim:CLM00010,Claim,CLM00010,"{""claim_amount"": 243287, ""claim_date"": ""2026-03-19"", ""claim_type"": ""Accident"", ""description"": ""Claim description 10"", ""fraud_label"": 1, ""status"": ""Rejected""}"
claim:CLM00011,Claim,CLM00011,"{""claim_amount"": 89309, ""claim_date"": ""2026-05-22"", ""claim_type"": ""Natural Disaster"", ""description"": ""Claim description 11"", ""fraud_label"": 0, ""status"": ""Rejected""}"
claim:CLM00012,Claim,CLM00012,"{""claim_amount"": 236423, ""claim_date"": ""2026-05-12"", ""claim_type"": ""Accident"", ""description"": ""Claim description 12"", ""fraud_label"": 0, ""status"": ""Rejected""}"
claim:CLM00013,Claim,CLM00013,"{""claim_amount"": 16984, ""claim_date"": ""2026-04-16"", ""claim_type"": ""Theft"", ""description"": ""Claim description 13"", ""fraud_label"": 0, ""status"": ""Under Review""}"
claim:CLM00014,Claim,CLM00014,"{""claim_amount"": 91472, ""claim_date"": ""2026-02-20"", ""claim_type"": ""Glass Damage"", ""description"": ""Claim description 14"", ""fraud_label"": 0, ""status"": ""Under Review""}"
claim:CLM00015,Claim,CLM00015,"{""claim_amount"": 194676, ""claim_date"": ""2026-05-06"", ""claim_type"": ""Natural Disaster"", ""description"": ""Claim description 15"", ""fraud_label"": 0, ""status"": ""Rejected""}"
claim:CLM00016,Claim,CLM00016,"{""claim_amount"": 133009, ""claim_date"": ""2026-05-20"", ""claim_type"": ""Glass Damage"", ""description"": ""Claim description 16"", ""fraud_label"": 0, ""status"": ""Open""}"
claim:CLM00017,Claim,CLM00017,"{""claim_amount"": 6673, ""claim_date"": ""2026-07-15"", ""claim_type"": ""Theft"", ""description"": ""Claim description 17"", ""fraud_label"": 0, ""status"": ""Open""}"
claim:CLM00018,Claim,CLM00018,"{""claim_amount"": 102832, ""claim_date"": ""2026-04-27"", ""claim_type"": ""Glass Damage"", ""description"": ""Claim description 18"", ""fraud_label"": 1, ""status"": ""Rejected""}"
claim:CLM00019,Claim,CLM00019,"{""claim_amount"": 192021, ""claim_date"": ""2026-05-22"", ""claim_type"": ""Glass Damage"", ""description"": ""Claim description 19"", ""fraud_label"": 1, ""status"": ""Approved""}"
claim:CLM00020,Claim,CLM00020,"{""claim_amount"": 30248, ""claim_date"": ""2026-08-24"", ""claim_type"": ""Theft"", ""description"": ""Claim description 20"", ""fraud_label"": 0, ""status"": ""Under Review""}"
claim:CLM00021,Claim,CLM00021,"{""claim_amount"": 109044, ""claim_date"": ""2026-07-23"", ""claim_type"": ""Natural Disaster"", ""description"": ""Claim description 21"", ""fraud_label"": 1, ""status"": ""Under Review""}"
claim:CLM00022,Claim,CLM00022,"{""claim_amount"": 26133, ""claim_date"": ""2026-08-06"", ""claim_type"": ""Accident"", ""description"": ""Claim description 22"", ""fraud_label"": 0, ""status"": ""Open""}"
claim:CLM00023,Claim,CLM00023,"{""claim_amount"": 251034, ""claim_date"": ""2026-01-15"", ""claim_type"": ""Natural Disaster"", ""description"": ""Claim description 23"", ""fraud_label"": 1, ""status"": ""Approved""}"
claim:CLM00024,Claim,CLM00024,"{""claim_amount"": 232571, ""claim_date"": ""2026-08-19"", ""claim_type"": ""Glass Damage"", ""description"": ""Claim description 24"", ""fraud_label"": 0, ""status"": ""Rejected""}"
claim:CLM00025,Claim,CLM00025,"{""claim_amount"": 147352, ""claim_date"": ""2026-08-19"", ""claim_type"": ""Accident"", ""description"": ""Claim description 25"", ""fraud_label"": 0, ""status"": ""Under Review""}"
claim:CLM00026,Claim,CLM00026,"{""claim_amount"": 202198, ""claim_date"": ""2026-02-06"", ""claim_type"": ""Natural Disaster"", ""description"": ""Claim description 26"", ""fraud_label"": 0, ""status"": ""Open""}"
claim:CLM00027,Claim,CLM00027,"{""claim_amount"": 107015, ""claim_date"": ""2026-08-06"", ""claim_type"": ""Glass Damage"", ""description"": ""Claim description 27"", ""fraud_label"": 0, ""status"": ""Approved""}"
claim:CLM00028,Claim,CLM00028,"{""claim_amount"": 139927, ""claim_date"": ""2026-09-07"", ""claim_type"": ""Fire"", ""description"": ""Claim description 28"", ""fraud_label"": 1, ""status"": ""Rejected""}"
claim:CLM00029,Claim,CLM00029,"{""claim_amount"": 123109, ""claim_date"": ""2026-07-20"", ""claim_type"": ""Fire"", ""description"": ""Claim description 29"", ""fraud_label"": 0, ""status"": ""Rejected""}"
claim:CLM00030,Claim,CLM00030,"{""claim_amount"": 82431, ""claim_date"": ""2026-06-08"", ""claim_type"": ""Accident"", ""description"": ""Claim description 30"", ""fraud_label"": 0, ""status"": ""Open""}"
claim:CLM00031,Claim,CLM00031,"{""claim_amount"": 45442, ""claim_date"": ""2026-06-12"", ""claim_type"": ""Fire"", ""description"": ""Claim description 31"", ""fraud_label"": 0, ""status"": ""Approved""}"
claim:CLM00032,Claim,CLM00032,"{""claim_amount"": 204582, ""claim_date"": ""2026-04-03"", ""claim_type"": ""Theft"", ""description"": ""Claim description 32"", ""fraud_label"": 0, ""status"": ""Open""}"
claim:CLM00033,Claim,CLM00033,"{""claim_amount"": 265285, ""claim_date"": ""2026-05-12"", ""claim_type"": ""Accident"", ""description"": ""Claim description 33"", ""fraud_label"": 1, ""status"": ""Approved""}"
claim:CLM00034,Claim,CLM00034,"{""claim_amount"": 209254, ""claim_date"": ""2026-04-10"", ""claim_type"": ""Theft"", ""description"": ""Claim description 34"", ""fraud_label"": 1, ""status"": ""Under Review""}"
claim:CLM00035,Claim,CLM00035,"{""claim_amount"": 75361, ""claim_date"": ""2026-03-19"", ""claim_type"": ""Accident"", ""description"": ""Claim description 35"", ""fraud_label"": 0, ""status"": ""Under Review""}"
claim:CLM00036,Claim,CLM00036,"{""claim_amount"": 25164, ""claim_date"": ""2026-07-20"", ""claim_type"": ""Theft"", ""description"": ""Claim description 36"", ""fraud_label"": 0, ""status"": ""Rejected""}"
claim:CLM00037,Claim,CLM00037,"{""claim_amount"": 6774, ""claim_date"": ""2026-03-19"", ""claim_type"": ""Fire"", ""description"": ""Claim description 37"", ""fraud_label"": 0, ""status"": ""Rejected""}"
claim:CLM00038,Claim,CLM00038,"{""claim_amount"": 220884, ""claim_date"": ""2026-07-28"", ""claim_type"": ""Glass Damage"", ""description"": ""Claim description 38"", ""fraud_label"": 0, ""status"": ""Under Review""}"
claim:CLM00039,Claim,CLM00039,"{""claim_amount"": 109396, ""claim_date"": ""2026-02-15"", ""claim_type"": ""Fire"", ""description"": ""Claim description 39"", ""fraud_label"": 0, ""status"": ""Rejected""}"
claim:CLM00040,Claim,CLM00040,"{""claim_amount"": 211010, ""claim_date"": ""2026-07-29"", ""claim_type"": ""Accident"", ""description"": ""Claim description 40"", ""fraud_label"": 0, ""status"": ""Under Review""}"
claim:CLM00041,Claim,CLM00041,"{""claim_amount"": 12055, ""claim_date"": ""2026-05-21"", ""claim_type"": ""Natural Disaster"", ""description"": ""Claim description 41"", ""fraud_label"": 0, ""status"": ""Under Review""}"
claim:CLM00042,Claim,CLM00042,"{""claim_amount"": 41484, ""claim_date"": ""2026-05-08"", ""claim_type"": ""Theft"", ""description"": ""Claim description 42"", ""fraud_label"": 0, ""status"": ""Approved""}"
claim:CLM00043,Claim,CLM00043,"{""claim_amount"": 161744, ""claim_date"": ""2026-04-25"", ""claim_type"": ""Natural Disaster"", ""description"": ""Claim description 43"", ""fraud_label"": 0, ""status"": ""Rejected""}"
claim:CLM00044,Claim,CLM00044,"{""claim_amount"": 160666, ""claim_date"": ""2026-05-18"", ""claim_type"": ""Accident"", ""description"": ""Claim description 44"", ""fraud_label"": 0, ""status"": ""Open""}"
claim:CLM00045,Claim,CLM00045,"{""claim_amount"": 16612, ""claim_date"": ""2026-06-06"", ""claim_type"": ""Natural Disaster"", ""description"": ""Claim description 45"", ""fraud_label"": 0, ""status"": ""Approved""}"
claim:CLM00046,Claim,CLM00046,"{""claim_amount"": 63196, ""claim_date"": ""2026-03-08"", ""claim_type"": ""Glass Damage"", ""description"": ""Claim description 46"", ""fraud_label"": 0, ""status"": ""Under Review""}"
claim:CLM00047,Claim,CLM00047,"{""claim_amount"": 159295, ""claim_date"": ""2026-06-23"", ""claim_type"": ""Theft"", ""description"": ""Claim description 47"", ""fraud_label"": 0, ""status"": ""Approved""}"
claim:CLM00048,Claim,CLM00048,"{""claim_amount"": 27506, ""claim_date"": ""2026-08-24"", ""claim_type"": ""Theft"", ""description"": ""Claim description 48"", ""fraud_label"": 1, ""status"": ""Approved""}"
claim:CLM00049,Claim,CLM00049,"{""claim_amount"": 96304, ""claim_date"": ""2026-05-04"", ""claim_type"": ""Natural Disaster"", ""description"": ""Claim description 49"", ""fraud_label"": 0, ""status"": ""Rejected""}"
claim:CLM00050,Claim,CLM00050,"{""claim_amount"": 148668, ""claim_date"": ""2026-07-01"", ""claim_type"": ""Theft"", ""description"": ""Claim description 50"", ""fraud_label"": 1, ""status"": ""Under Review""}"
claim:CLM00051,Claim,CLM00051,"{""claim_amount"": 126124, ""claim_date"": ""2026-04-20"", ""claim_type"": ""Natural Disaster"", ""description"": ""Claim description 51"", ""fraud_label"": 0, ""status"": ""Under Review""}"
claim:CLM00052,Claim,CLM00052,"{""claim_amount"": 236498, ""claim_date"": ""2026-06-07"", ""claim_type"": ""Glass Damage"", ""description"": ""Claim description 52"", ""fraud_label"": 0, ""status"": ""Rejected""}"
claim:CLM00053,Claim,CLM00053,"{""claim_amount"": 189486, ""claim_date"": ""2026-07-12"", ""claim_type"": ""Accident"", ""description"": ""Claim description 53"", ""fraud_label"": 0, ""status"": ""Open""}"
claim:CLM00054,Claim,CLM00054,"{""claim_amount"": 124944, ""claim_date"": ""2026-02-20"", ""claim_type"": ""Natural Disaster"", ""description"": ""Claim description 54"", ""fraud_label"": 1, ""status"": ""Approved""}"
claim:CLM00055,Claim,CLM00055,"{""claim_amount"": 97270, ""claim_date"": ""2026-03-31"", ""claim_type"": ""Glass Damage"", ""description"": ""Claim description 55"", ""fraud_label"": 0, ""status"": ""Under Review""}"
claim:CLM00056,Claim,CLM00056,"{""claim_amount"": 35896, ""claim_date"": ""2026-03-22"", ""claim_type"": ""Accident"", ""description"": ""Claim description 56"", ""fraud_label"": 0, ""status"": ""Under Review""}"
claim:CLM00057,Claim,CLM00057,"{""claim_amount"": 155681, ""claim_date"": ""2026-02-05"", ""claim_type"": ""Theft"", ""description"": ""Claim description 57"", ""fraud_label"": 0, ""status"": ""Rejected""}"
claim:CLM00058,Claim,CLM00058,"{""claim_amount"": 238227, ""claim_date"": ""2026-05-06"", ""claim_type"": ""Glass Damage"", ""description"": ""Claim description 58"", ""fraud_label"": 1, ""status"": ""Open""}"
claim:CLM00059,Claim,CLM00059,"{""claim_amount"": 218703, ""claim_date"": ""2026-02-19"", ""claim_type"": ""Glass Damage"", ""description"": ""Claim description 59"", ""fraud_label"": 0, ""status"": ""Rejected""}"
claim:CLM00060,Claim,CLM00060,"{""claim_amount"": 177810, ""claim_date"": ""2026-04-24"", ""claim_type"": ""Fire"", ""description"": ""Claim description 60"", ""fraud_label"": 1, ""status"": ""Open""}"
claim:CLM00061,Claim,CLM00061,"{""claim_amount"": 153281, ""claim_date"": ""2026-04-28"", ""claim_type"": ""Natural Disaster"", ""description"": ""Claim description 61"", ""fraud_label"": 0, ""status"": ""Open""}"
claim:CLM00062,Claim,CLM00062,"{""claim_amount"": 101170, ""claim_date"": ""2026-07-30"", ""claim_type"": ""Accident"", ""description"": ""Claim description 62"", ""fraud_label"": 0, ""status"": ""Rejected""}"
claim:CLM00063,Claim,CLM00063,"{""claim_amount"": 176356, ""claim_date"": ""2026-08-01"", ""claim_type"": ""Fire"", ""description"": ""Claim description 63"", ""fraud_label"": 0, ""status"": ""Open""}"
claim:CLM00064,Claim,CLM00064,"{""claim_amount"": 35772, ""claim_date"": ""2026-08-10"", ""claim_type"": ""Theft"", ""description"": ""Claim description 64"", ""fraud_label"": 0, ""status"": ""Under Review""}"
claim:CLM00065,Claim,CLM00065,"{""claim_amount"": 210743, ""claim_date"": ""2026-02-05"", ""claim_type"": ""Theft"", ""description"": ""Claim description 65"", ""fraud_label"": 0, ""status"": ""Open""}"
claim:CLM00066,Claim,CLM00066,"{""claim_amount"": 89843, ""claim_date"": ""2026-02-13"", ""claim_type"": ""Fire"", ""description"": ""Claim description 66"", ""fraud_label"": 0, ""status"": ""Approved""}"
claim:CLM00067,Claim,CLM00067,"{""claim_amount"": 112897, ""claim_date"": ""2026-07-21"", ""claim_type"": ""Fire"", ""description"": ""Claim description 67"", ""fraud_label"": 0, ""status"": ""Under Review""}"
claim:CLM00068,Claim,CLM00068,"{""claim_amount"": 222181, ""claim_date"": ""2026-03-24"", ""claim_type"": ""Natural Disaster"", ""description"": ""Claim description 68"", ""fraud_label"": 0, ""status"": ""Rejected""}"
claim:CLM00069,Claim,CLM00069,"{""claim_amount"": 171101, ""claim_date"": ""2026-01-20"", ""claim_type"": ""Accident"", ""description"": ""Claim description 69"", ""fraud_label"": 0, ""status"": ""Rejected""}"
claim:CLM00070,Claim,CLM00070,"{""claim_amount"": 157556, ""claim_date"": ""2026-03-25"", ""claim_type"": ""Accident"", ""description"": ""Claim description 70"", ""fraud_label"": 1, ""status"": ""Rejected""}"
claim:CLM00071,Claim,CLM00071,"{""claim_amount"": 117628, ""claim_date"": ""2026-02-25"", ""claim_type"": ""Natural Disaster"", ""description"": ""Claim description 71"", ""fraud_label"": 0, ""status"": ""Approved""}"
claim:CLM00072,Claim,CLM00072,"{""claim_amount"": 153410, ""claim_date"": ""2026-02-03"", ""claim_type"": ""Fire"", ""description"": ""Claim description 72"", ""fraud_label"": 0, ""status"": ""Open""}"
claim:CLM00073,Claim,CLM00073,"{""claim_amount"": 232145, ""claim_date"": ""2026-08-26"", ""claim_type"": ""Theft"", ""description"": ""Claim description 73"", ""fraud_label"": 1, ""status"": ""Under Review""}"
claim:CLM00074,Claim,CLM00074,"{""claim_amount"": 99485, ""claim_date"": ""2026-06-17"", ""claim_type"": ""Fire"", ""description"": ""Claim description 74"", ""fraud_label"": 0, ""status"": ""Under Review""}"
claim:CLM00075,Claim,CLM00075,"{""claim_amount"": 66379, ""claim_date"": ""2026-07-13"", ""claim_type"": ""Accident"", ""description"": ""Claim description 75"", ""fraud_label"": 0, ""status"": ""Open""}"
claim:CLM00076,Claim,CLM00076,"{""claim_amount"": 64294, ""claim_date"": ""2026-06-01"", ""claim_type"": ""Natural Disaster"", ""description"": ""Claim description 76"", ""fraud_label"": 0, ""status"": ""Open""}"
claim:CLM00077,Claim,CLM00077,"{""claim_amount"": 146850, ""claim_date"": ""2026-02-03"", ""claim_type"": ""Accident"", ""description"": ""Claim description 77"", ""fraud_label"": 1, ""status"": ""Approved""}"
claim:CLM00078,Claim,CLM00078,"{""claim_amount"": 202435, ""claim_date"": ""2026-07-28"", ""claim_type"": ""Theft"", ""description"": ""Claim description 78"", ""fraud_label"": 0, ""status"": ""Open""}"
claim:CLM00079,Claim,CLM00079,"{""claim_amount"": 60851, ""claim_date"": ""2026-07-04"", ""claim_type"": ""Theft"", ""description"": ""Claim description 79"", ""fraud_label"": 0, ""status"": ""Rejected""}"
claim:CLM00080,Claim,CLM00080,"{""claim_amount"": 202249, ""claim_date"": ""2026-02-05"", ""claim_type"": ""Fire"", ""description"": ""Claim description 80"", ""fraud_label"": 1, ""status"": ""Rejected""}"
claim:CLM00081,Claim,CLM00081,"{""claim_amount"": 70055, ""claim_date"": ""2026-01-22"", ""claim_type"": ""Glass Damage"", ""description"": ""Claim description 81"", ""fraud_label"": 0, ""status"": ""Approved""}"
claim:CLM00082,Claim,CLM00082,"{""claim_amount"": 138568, ""claim_date"": ""2026-06-05"", ""claim_type"": ""Natural Disaster"", ""description"": ""Claim description 82"", ""fraud_label"": 0, ""status"": ""Approved""}"
claim:CLM00083,Claim,CLM00083,"{""claim_amount"": 68198, ""claim_date"": ""2026-01-29"", ""claim_type"": ""Glass Damage"", ""description"": ""Claim description 83"", ""fraud_label"": 0, ""status"": ""Open""}"
claim:CLM00084,Claim,CLM00084,"{""claim_amount"": 230657, ""claim_date"": ""2026-04-10"", ""claim_type"": ""Natural Disaster"", ""description"": ""Claim description 84"", ""fraud_label"": 0, ""status"": ""Approved""}"
claim:CLM00085,Claim,CLM00085,"{""claim_amount"": 130440, ""claim_date"": ""2026-01-05"", ""claim_type"": ""Accident"", ""description"": ""Claim description 85"", ""fraud_label"": 1, ""status"": ""Rejected""}"
claim:CLM00086,Claim,CLM00086,"{""claim_amount"": 188975, ""claim_date"": ""2026-04-19"", ""claim_type"": ""Glass Damage"", ""description"": ""Claim description 86"", ""fraud_label"": 0, ""status"": ""Under Review""}"
claim:CLM00087,Claim,CLM00087,"{""claim_amount"": 58267, ""claim_date"": ""2026-08-24"", ""claim_type"": ""Theft"", ""description"": ""Claim description 87"", ""fraud_label"": 0, ""status"": ""Approved""}"
claim:CLM00088,Claim,CLM00088,"{""claim_amount"": 226896, ""claim_date"": ""2026-07-06"", ""claim_type"": ""Theft"", ""description"": ""Claim description 88"", ""fraud_label"": 0, ""status"": ""Open""}"
claim:CLM00089,Claim,CLM00089,"{""claim_amount"": 19425, ""claim_date"": ""2026-06-05"", ""claim_type"": ""Theft"", ""description"": ""Claim description 89"", ""fraud_label"": 0, ""status"": ""Open""}"
claim:CLM00090,Claim,CLM00090,"{""claim_amount"": 95886, ""claim_date"": ""2026-09-01"", ""claim_type"": ""Fire"", ""description"": ""Claim description 90"", ""fraud_label"": 0, ""status"": ""Under Review""}"
claim:CLM00091,Claim,CLM00091,"{""claim_amount"": 240902, ""claim_date"": ""2026-07-17"", ""claim_type"": ""Fire"", ""description"": ""Claim description 91"", ""fraud_label"": 1, ""status"": ""Open""}"
claim:CLM00092,Claim,CLM00092,"{""claim_amount"": 19533, ""claim_date"": ""2026-04-03"", ""claim_type"": ""Glass Damage"", ""description"": ""Claim description 92"", ""fraud_label"": 0, ""status"": ""Under Review""}"
claim:CLM00093,Claim,CLM00093,"{""claim_amount"": 155447, ""claim_date"": ""2026-08-17"", ""claim_type"": ""Accident"", ""description"": ""Claim description 93"", ""fraud_label"": 0, ""status"": ""Under Review""}"
claim:CLM00094,Claim,CLM00094,"{""claim_amount"": 8221, ""claim_date"": ""2026-08-09"", ""claim_type"": ""Natural Disaster"", ""description"": ""Claim description 94"", ""fraud_label"": 0, ""status"": ""Approved""}"
claim:CLM00095,Claim,CLM00095,"{""claim_amount"": 244585, ""claim_date"": ""2026-07-25"", ""claim_type"": ""Natural Disaster"", ""description"": ""Claim description 95"", ""fraud_label"": 0, ""status"": ""Under Review""}"
claim:CLM00096,Claim,CLM00096,"{""claim_amount"": 251607, ""claim_date"": ""2026-03-11"", ""claim_type"": ""Accident"", ""description"": ""Claim description 96"", ""fraud_label"": 1, ""status"": ""Under Review""}"
claim:CLM00097,Claim,CLM00097,"{""claim_amount"": 126921, ""claim_date"": ""2026-08-13"", ""claim_type"": ""Fire"", ""description"": ""Claim description 97"", ""fraud_label"": 0, ""status"": ""Approved""}"
claim:CLM00098,Claim,CLM00098,"{""claim_amount"": 152798, ""claim_date"": ""2026-03-16"", ""claim_type"": ""Glass Damage"", ""description"": ""Claim description 98"", ""fraud_label"": 0, ""status"": ""Under Review""}"
claim:CLM00099,Claim,CLM00099,"{""claim_amount"": 197010, ""claim_date"": ""2026-02-20"", ""claim_type"": ""Theft"", ""description"": ""Claim description 99"", ""fraud_label"": 0, ""status"": ""Under Review""}"
claim:CLM00100,Claim,CLM00100,"{""claim_amount"": 171708, ""claim_date"": ""2026-03-30"", ""claim_type"": ""Accident"", ""description"": ""Claim description 100"", ""fraud_label"": 0, ""status"": ""Approved""}"
claim:CLM00101,Claim,CLM00101,"{""claim_amount"": 67434, ""claim_date"": ""2026-05-16"", ""claim_type"": ""Accident"", ""description"": ""Claim description 101"", ""fraud_label"": 0, ""status"": ""Under Review""}"
claim:CLM00102,Claim,CLM00102,"{""claim_amount"": 226643, ""claim_date"": ""2026-08-18"", ""claim_type"": ""Fire"", ""description"": ""Claim description 102"", ""fraud_label"": 0, ""status"": ""Rejected""}"
claim:CLM00103,Claim,CLM00103,"{""claim_amount"": 219948, ""claim_date"": ""2026-06-13"", ""claim_type"": ""Glass Damage"", ""description"": ""Claim description 103"", ""fraud_label"": 0, ""status"": ""Open""}"
claim:CLM00104,Claim,CLM00104,"{""claim_amount"": 87577, ""claim_date"": ""2026-08-06"", ""claim_type"": ""Natural Disaster"", ""description"": ""Claim description 104"", ""fraud_label"": 0, ""status"": ""Approved""}"
claim:CLM00105,Claim,CLM00105,"{""claim_amount"": 58139, ""claim_date"": ""2026-08-30"", ""claim_type"": ""Accident"", ""description"": ""Claim description 105"", ""fraud_label"": 1, ""status"": ""Under Review""}"
claim:CLM00106,Claim,CLM00106,"{""claim_amount"": 36650, ""claim_date"": ""2026-04-15"", ""claim_type"": ""Theft"", ""description"": ""Claim description 106"", ""fraud_label"": 0, ""status"": ""Rejected""}"
claim:CLM00107,Claim,CLM00107,"{""claim_amount"": 216706, ""claim_date"": ""2026-02-10"", ""claim_type"": ""Glass Damage"", ""description"": ""Claim description 107"", ""fraud_label"": 0, ""status"": ""Open""}"
claim:CLM00108,Claim,CLM00108,"{""claim_amount"": 98255, ""claim_date"": ""2026-03-05"", ""claim_type"": ""Accident"", ""description"": ""Claim description 108"", ""fraud_label"": 0, ""status"": ""Approved""}"
claim:CLM00109,Claim,CLM00109,"{""claim_amount"": 150739, ""claim_date"": ""2026-04-26"", ""claim_type"": ""Theft"", ""description"": ""Claim description 109"", ""fraud_label"": 0, ""status"": ""Open""}"
claim:CLM00110,Claim,CLM00110,"{""claim_amount"": 222677, ""claim_date"": ""2026-01-16"", ""claim_type"": ""Theft"", ""description"": ""Claim description 110"", ""fraud_label"": 0, ""status"": ""Under Review""}"
claim:CLM00111,Claim,CLM00111,"{""claim_amount"": 139657, ""claim_date"": ""2026-08-29"", ""claim_type"": ""Accident"", ""description"": ""Claim description 111"", ""fraud_label"": 1, ""status"": ""Open""}"
claim:CLM00112,Claim,CLM00112,"{""claim_amount"": 217044, ""claim_date"": ""2026-08-01"", ""claim_type"": ""Accident"", ""description"": ""Claim description 112"", ""fraud_label"": 0, ""status"": ""Rejected""}"
claim:CLM00113,Claim,CLM00113,"{""claim_amount"": 12728, ""claim_date"": ""2026-05-08"", ""claim_type"": ""Natural Disaster"", ""description"": ""Claim description 113"", ""fraud_label"": 0, ""status"": ""Under Review""}"
claim:CLM00114,Claim,CLM00114,"{""claim_amount"": 236584, ""claim_date"": ""2026-04-25"", ""claim_type"": ""Glass Damage"", ""description"": ""Claim description 114"", ""fraud_label"": 1, ""status"": ""Under Review""}"
claim:CLM00115,Claim,CLM00115,"{""claim_amount"": 229899, ""claim_date"": ""2026-05-03"", ""claim_type"": ""Theft"", ""description"": ""Claim description 115"", ""fraud_label"": 1, ""status"": ""Under Review""}"
claim:CLM00116,Claim,CLM00116,"{""claim_amount"": 99139, ""claim_date"": ""2026-07-02"", ""claim_type"": ""Natural Disaster"", ""description"": ""Claim description 116"", ""fraud_label"": 0, ""status"": ""Approved""}"
claim:CLM00117,Claim,CLM00117,"{""claim_amount"": 11832, ""claim_date"": ""2026-02-16"", ""claim_type"": ""Theft"", ""description"": ""Claim description 117"", ""fraud_label"": 0, ""status"": ""Open""}"
claim:CLM00118,Claim,CLM00118,"{""claim_amount"": 206023, ""claim_date"": ""2026-04-02"", ""claim_type"": ""Theft"", ""description"": ""Claim description 118"", ""fraud_label"": 0, ""status"": ""Under Review""}"
claim:CLM00119,Claim,CLM00119,"{""claim_amount"": 212418, ""claim_date"": ""2026-07-28"", ""claim_type"": ""Accident"", ""description"": ""Claim description 119"", ""fraud_label"": 0, ""status"": ""Under Review""}"
claim:CLM00120,Claim,CLM00120,"{""claim_amount"": 160325, ""claim_date"": ""2026-03-02"", ""claim_type"": ""Fire"", ""description"": ""Claim description 120"", ""fraud_label"": 0, ""status"": ""Open""}"
claim:CLM00121,Claim,CLM00121,"{""claim_amount"": 217441, ""claim_date"": ""2026-08-03"", ""claim_type"": ""Natural Disaster"", ""description"": ""Claim description 121"", ""fraud_label"": 0, ""status"": ""Approved""}"
claim:CLM00122,Claim,CLM00122,"{""claim_amount"": 162722, ""claim_date"": ""2026-03-01"", ""claim_type"": ""Glass Damage"", ""description"": ""Claim description 122"", ""fraud_label"": 0, ""status"": ""Rejected""}"
claim:CLM00123,Claim,CLM00123,"{""claim_amount"": 51520, ""claim_date"": ""2026-07-03"", ""claim_type"": ""Fire"", ""description"": ""Claim description 123"", ""fraud_label"": 0, ""status"": ""Open""}"
claim:CLM00124,Claim,CLM00124,"{""claim_amount"": 142965, ""claim_date"": ""2026-08-05"", ""claim_type"": ""Accident"", ""description"": ""Claim description 124"", ""fraud_label"": 0, ""status"": ""Approved""}"
claim:CLM00125,Claim,CLM00125,"{""claim_amount"": 40769, ""claim_date"": ""2026-03-24"", ""claim_type"": ""Natural Disaster"", ""description"": ""Claim description 125"", ""fraud_label"": 0, ""status"": ""Rejected""}"
claim:CLM00126,Claim,CLM00126,"{""claim_amount"": 238203, ""claim_date"": ""2026-06-27"", ""claim_type"": ""Fire"", ""description"": ""Claim description 126"", ""fraud_label"": 0, ""status"": ""Under Review""}"
claim:CLM00127,Claim,CLM00127,"{""claim_amount"": 82205, ""claim_date"": ""2026-06-26"", ""claim_type"": ""Glass Damage"", ""description"": ""Claim description 127"", ""fraud_label"": 1, ""status"": ""Rejected""}"
claim:CLM00128,Claim,CLM00128,"{""claim_amount"": 217023, ""claim_date"": ""2026-08-24"", ""claim_type"": ""Theft"", ""description"": ""Claim description 128"", ""fraud_label"": 0, ""status"": ""Open""}"
claim:CLM00129,Claim,CLM00129,"{""claim_amount"": 67389, ""claim_date"": ""2026-01-20"", ""claim_type"": ""Fire"", ""description"": ""Claim description 129"", ""fraud_label"": 0, ""status"": ""Under Review""}"
claim:CLM00130,Claim,CLM00130,"{""claim_amount"": 59967, ""claim_date"": ""2026-03-09"", ""claim_type"": ""Accident"", ""description"": ""Claim description 130"", ""fraud_label"": 0, ""status"": ""Approved""}"
claim:CLM00131,Claim,CLM00131,"{""claim_amount"": 197042, ""claim_date"": ""2026-04-23"", ""claim_type"": ""Theft"", ""description"": ""Claim description 131"", ""fraud_label"": 0, ""status"": ""Rejected""}"
claim:CLM00132,Claim,CLM00132,"{""claim_amount"": 222266, ""claim_date"": ""2026-01-26"", ""claim_type"": ""Glass Damage"", ""description"": ""Claim description 132"", ""fraud_label"": 0, ""status"": ""Under Review""}"
claim:CLM00133,Claim,CLM00133,"{""claim_amount"": 88549, ""claim_date"": ""2026-01-06"", ""claim_type"": ""Accident"", ""description"": ""Claim description 133"", ""fraud_label"": 0, ""status"": ""Open""}"
claim:CLM00134,Claim,CLM00134,"{""claim_amount"": 148404, ""claim_date"": ""2026-01-20"", ""claim_type"": ""Accident"", ""description"": ""Claim description 134"", ""fraud_label"": 0, ""status"": ""Approved""}"
claim:CLM00135,Claim,CLM00135,"{""claim_amount"": 164204, ""claim_date"": ""2026-02-12"", ""claim_type"": ""Theft"", ""description"": ""Claim description 135"", ""fraud_label"": 0, ""status"": ""Open""}"
claim:CLM00136,Claim,CLM00136,"{""claim_amount"": 150257, ""claim_date"": ""2026-06-28"", ""claim_type"": ""Glass Damage"", ""description"": ""Claim description 136"", ""fraud_label"": 0, ""status"": ""Approved""}"
claim:CLM00137,Claim,CLM00137,"{""claim_amount"": 107996, ""claim_date"": ""2026-01-13"", ""claim_type"": ""Natural Disaster"", ""description"": ""Claim description 137"", ""fraud_label"": 0, ""status"": ""Under Review""}"
claim:CLM00138,Claim,CLM00138,"{""claim_amount"": 220979, ""claim_date"": ""2026-03-17"", ""claim_type"": ""Glass Damage"", ""description"": ""Claim description 138"", ""fraud_label"": 0, ""status"": ""Rejected""}"
claim:CLM00139,Claim,CLM00139,"{""claim_amount"": 81496, ""claim_date"": ""2026-06-13"", ""claim_type"": ""Natural Disaster"", ""description"": ""Claim description 139"", ""fraud_label"": 0, ""status"": ""Open""}"
claim:CLM00140,Claim,CLM00140,"{""claim_amount"": 28890, ""claim_date"": ""2026-03-09"", ""claim_type"": ""Natural Disaster"", ""description"": ""Claim description 140"", ""fraud_label"": 0, ""status"": ""Under Review""}"
claim:CLM00141,Claim,CLM00141,"{""claim_amount"": 74021, ""claim_date"": ""2026-01-12"", ""claim_type"": ""Fire"", ""description"": ""Claim description 141"", ""fraud_label"": 0, ""status"": ""Under Review""}"
claim:CLM00142,Claim,CLM00142,"{""claim_amount"": 179972, ""claim_date"": ""2026-06-28"", ""claim_type"": ""Glass Damage"", ""description"": ""Claim description 142"", ""fraud_label"": 1, ""status"": ""Rejected""}"
claim:CLM00143,Claim,CLM00143,"{""claim_amount"": 114741, ""claim_date"": ""2026-05-14"", ""claim_type"": ""Natural Disaster"", ""description"": ""Claim description 143"", ""fraud_label"": 0, ""status"": ""Under Review""}"
claim:CLM00144,Claim,CLM00144,"{""claim_amount"": 14103, ""claim_date"": ""2026-07-02"", ""claim_type"": ""Glass Damage"", ""description"": ""Claim description 144"", ""fraud_label"": 0, ""status"": ""Under Review""}"
claim:CLM00145,Claim,CLM00145,"{""claim_amount"": 299077, ""claim_date"": ""2026-07-26"", ""claim_type"": ""Natural Disaster"", ""description"": ""Claim description 145"", ""fraud_label"": 1, ""status"": ""Under Review""}"
claim:CLM00146,Claim,CLM00146,"{""claim_amount"": 224164, ""claim_date"": ""2026-08-23"", ""claim_type"": ""Glass Damage"", ""description"": ""Claim description 146"", ""fraud_label"": 1, ""status"": ""Approved""}"
claim:CLM00147,Claim,CLM00147,"{""claim_amount"": 168330, ""claim_date"": ""2026-06-29"", ""claim_type"": ""Natural Disaster"", ""description"": ""Claim description 147"", ""fraud_label"": 0, ""status"": ""Open""}"
claim:CLM00148,Claim,CLM00148,"{""claim_amount"": 203804, ""claim_date"": ""2026-05-30"", ""claim_type"": ""Accident"", ""description"": ""Claim description 148"", ""fraud_label"": 0, ""status"": ""Open""}"
claim:CLM00149,Claim,CLM00149,"{""claim_amount"": 112712, ""claim_date"": ""2026-08-13"", ""claim_type"": ""Natural Disaster"", ""description"": ""Claim description 149"", ""fraud_label"": 0, ""status"": ""Rejected""}"
claim:CLM00150,Claim,CLM00150,"{""claim_amount"": 164555, ""claim_date"": ""2026-06-08"", ""claim_type"": ""Natural Disaster"", ""description"": ""Claim description 150"", ""fraud_label"": 0, ""status"": ""Open""}"
claim:CLM00151,Claim,CLM00151,"{""claim_amount"": 246391, ""claim_date"": ""2026-05-02"", ""claim_type"": ""Fire"", ""description"": ""Claim description 151"", ""fraud_label"": 0, ""status"": ""Open""}"
claim:CLM00152,Claim,CLM00152,"{""claim_amount"": 229981, ""claim_date"": ""2026-05-06"", ""claim_type"": ""Accident"", ""description"": ""Claim description 152"", ""fraud_label"": 0, ""status"": ""Under Review""}"
claim:CLM00153,Claim,CLM00153,"{""claim_amount"": 75626, ""claim_date"": ""2026-03-24"", ""claim_type"": ""Glass Damage"", ""description"": ""Claim description 153"", ""fraud_label"": 0, ""status"": ""Open""}"
claim:CLM00154,Claim,CLM00154,"{""claim_amount"": 204096, ""claim_date"": ""2026-05-05"", ""claim_type"": ""Fire"", ""description"": ""Claim description 154"", ""fraud_label"": 0, ""status"": ""Open""}"
claim:CLM00155,Claim,CLM00155,"{""claim_amount"": 110744, ""claim_date"": ""2026-05-10"", ""claim_type"": ""Glass Damage"", ""description"": ""Claim description 155"", ""fraud_label"": 1, ""status"": ""Open""}"
claim:CLM00156,Claim,CLM00156,"{""claim_amount"": 172195, ""claim_date"": ""2026-01-09"", ""claim_type"": ""Fire"", ""description"": ""Claim description 156"", ""fraud_label"": 1, ""status"": ""Approved""}"
claim:CLM00157,Claim,CLM00157,"{""claim_amount"": 37472, ""claim_date"": ""2026-08-25"", ""claim_type"": ""Theft"", ""description"": ""Claim description 157"", ""fraud_label"": 0, ""status"": ""Approved""}"
claim:CLM00158,Claim,CLM00158,"{""claim_amount"": 96687, ""claim_date"": ""2026-05-22"", ""claim_type"": ""Fire"", ""description"": ""Claim description 158"", ""fraud_label"": 0, ""status"": ""Open""}"
claim:CLM00159,Claim,CLM00159,"{""claim_amount"": 155014, ""claim_date"": ""2026-08-07"", ""claim_type"": ""Theft"", ""description"": ""Claim description 159"", ""fraud_label"": 0, ""status"": ""Under Review""}"
claim:CLM00160,Claim,CLM00160,"{""claim_amount"": 139553, ""claim_date"": ""2026-04-15"", ""claim_type"": ""Accident"", ""description"": ""Claim description 160"", ""fraud_label"": 1, ""status"": ""Rejected""}"
claim:CLM00161,Claim,CLM00161,"{""claim_amount"": 63659, ""claim_date"": ""2026-01-03"", ""claim_type"": ""Fire"", ""description"": ""Claim description 161"", ""fraud_label"": 0, ""status"": ""Approved""}"
claim:CLM00162,Claim,CLM00162,"{""claim_amount"": 127342, ""claim_date"": ""2026-02-25"", ""claim_type"": ""Glass Damage"", ""description"": ""Claim description 162"", ""fraud_label"": 0, ""status"": ""Rejected""}"
claim:CLM00163,Claim,CLM00163,"{""claim_amount"": 226061, ""claim_date"": ""2026-09-05"", ""claim_type"": ""Glass Damage"", ""description"": ""Claim description 163"", ""fraud_label"": 0, ""status"": ""Approved""}"
claim:CLM00164,Claim,CLM00164,"{""claim_amount"": 172928, ""claim_date"": ""2026-03-12"", ""claim_type"": ""Fire"", ""description"": ""Claim description 164"", ""fraud_label"": 0, ""status"": ""Approved""}"
claim:CLM00165,Claim,CLM00165,"{""claim_amount"": 67993, ""claim_date"": ""2026-07-15"", ""claim_type"": ""Glass Damage"", ""description"": ""Claim description 165"", ""fraud_label"": 0, ""status"": ""Rejected""}"
claim:CLM00166,Claim,CLM00166,"{""claim_amount"": 135383, ""claim_date"": ""2026-06-17"", ""claim_type"": ""Fire"", ""description"": ""Claim description 166"", ""fraud_label"": 0, ""status"": ""Rejected""}"
claim:CLM00167,Claim,CLM00167,"{""claim_amount"": 218913, ""claim_date"": ""2026-05-27"", ""claim_type"": ""Theft"", ""description"": ""Claim description 167"", ""fraud_label"": 0, ""status"": ""Rejected""}"
claim:CLM00168,Claim,CLM00168,"{""claim_amount"": 225368, ""claim_date"": ""2026-02-13"", ""claim_type"": ""Glass Damage"", ""description"": ""Claim description 168"", ""fraud_label"": 0, ""status"": ""Under Review""}"
claim:CLM00169,Claim,CLM00169,"{""claim_amount"": 195103, ""claim_date"": ""2026-03-08"", ""claim_type"": ""Theft"", ""description"": ""Claim description 169"", ""fraud_label"": 0, ""status"": ""Approved""}"
claim:CLM00170,Claim,CLM00170,"{""claim_amount"": 233440, ""claim_date"": ""2026-07-10"", ""claim_type"": ""Fire"", ""description"": ""Claim description 170"", ""fraud_label"": 0, ""status"": ""Approved""}"
claim:CLM00171,Claim,CLM00171,"{""claim_amount"": 232119, ""claim_date"": ""2026-01-14"", ""claim_type"": ""Glass Damage"", ""description"": ""Claim description 171"", ""fraud_label"": 0, ""status"": ""Open""}"
claim:CLM00172,Claim,CLM00172,"{""claim_amount"": 143893, ""claim_date"": ""2026-04-08"", ""claim_type"": ""Accident"", ""description"": ""Claim description 172"", ""fraud_label"": 0, ""status"": ""Under Review""}"
claim:CLM00173,Claim,CLM00173,"{""claim_amount"": 242665, ""claim_date"": ""2026-08-17"", ""claim_type"": ""Theft"", ""description"": ""Claim description 173"", ""fraud_label"": 0, ""status"": ""Approved""}"
claim:CLM00174,Claim,CLM00174,"{""claim_amount"": 51353, ""claim_date"": ""2026-06-11"", ""claim_type"": ""Accident"", ""description"": ""Claim description 174"", ""fraud_label"": 0, ""status"": ""Open""}"
claim:CLM00175,Claim,CLM00175,"{""claim_amount"": 156068, ""claim_date"": ""2026-02-13"", ""claim_type"": ""Natural Disaster"", ""description"": ""Claim description 175"", ""fraud_label"": 0, ""status"": ""Open""}"
claim:CLM00176,Claim,CLM00176,"{""claim_amount"": 130147, ""claim_date"": ""2026-09-05"", ""claim_type"": ""Accident"", ""description"": ""Claim description 176"", ""fraud_label"": 0, ""status"": ""Under Review""}"
claim:CLM00177,Claim,CLM00177,"{""claim_amount"": 144207, ""claim_date"": ""2026-08-02"", ""claim_type"": ""Accident"", ""description"": ""Claim description 177"", ""fraud_label"": 0, ""status"": ""Under Review""}"
claim:CLM00178,Claim,CLM00178,"{""claim_amount"": 136946, ""claim_date"": ""2026-04-09"", ""claim_type"": ""Theft"", ""description"": ""Claim description 178"", ""fraud_label"": 0, ""status"": ""Open""}"
claim:CLM00179,Claim,CLM00179,"{""claim_amount"": 141390, ""claim_date"": ""2026-07-06"", ""claim_type"": ""Fire"", ""description"": ""Claim description 179"", ""fraud_label"": 0, ""status"": ""Rejected""}"
claim:CLM00180,Claim,CLM00180,"{""claim_amount"": 54394, ""claim_date"": ""2026-07-12"", ""claim_type"": ""Natural Disaster"", ""description"": ""Claim description 180"", ""fraud_label"": 1, ""status"": ""Open""}"
claim:CLM00181,Claim,CLM00181,"{""claim_amount"": 159584, ""claim_date"": ""2026-01-06"", ""claim_type"": ""Accident"", ""description"": ""Claim description 181"", ""fraud_label"": 0, ""status"": ""Approved""}"
claim:CLM00182,Claim,CLM00182,"{""claim_amount"": 145177, ""claim_date"": ""2026-07-17"", ""claim_type"": ""Glass Damage"", ""description"": ""Claim description 182"", ""fraud_label"": 0, ""status"": ""Open""}"
claim:CLM00183,Claim,CLM00183,"{""claim_amount"": 114255, ""claim_date"": ""2026-01-30"", ""claim_type"": ""Accident"", ""description"": ""Claim description 183"", ""fraud_label"": 0, ""status"": ""Approved""}"
claim:CLM00184,Claim,CLM00184,"{""claim_amount"": 7439, ""claim_date"": ""2026-06-11"", ""claim_type"": ""Accident"", ""description"": ""Claim description 184"", ""fraud_label"": 0, ""status"": ""Approved""}"
claim:CLM00185,Claim,CLM00185,"{""claim_amount"": 147856, ""claim_date"": ""2026-07-04"", ""claim_type"": ""Natural Disaster"", ""description"": ""Claim description 185"", ""fraud_label"": 1, ""status"": ""Under Review""}"
claim:CLM00186,Claim,CLM00186,"{""claim_amount"": 189401, ""claim_date"": ""2026-04-02"", ""claim_type"": ""Theft"", ""description"": ""Claim description 186"", ""fraud_label"": 0, ""status"": ""Open""}"
claim:CLM00187,Claim,CLM00187,"{""claim_amount"": 66474, ""claim_date"": ""2026-03-26"", ""claim_type"": ""Accident"", ""description"": ""Claim description 187"", ""fraud_label"": 1, ""status"": ""Rejected""}"
claim:CLM00188,Claim,CLM00188,"{""claim_amount"": 242182, ""claim_date"": ""2026-01-26"", ""claim_type"": ""Theft"", ""description"": ""Claim description 188"", ""fraud_label"": 0, ""status"": ""Rejected""}"
claim:CLM00189,Claim,CLM00189,"{""claim_amount"": 50797, ""claim_date"": ""2026-07-28"", ""claim_type"": ""Fire"", ""description"": ""Claim description 189"", ""fraud_label"": 0, ""status"": ""Approved""}"
claim:CLM00190,Claim,CLM00190,"{""claim_amount"": 228149, ""claim_date"": ""2026-01-25"", ""claim_type"": ""Accident"", ""description"": ""Claim description 190"", ""fraud_label"": 0, ""status"": ""Open""}"
claim:CLM00191,Claim,CLM00191,"{""claim_amount"": 119744, ""claim_date"": ""2026-08-17"", ""claim_type"": ""Fire"", ""description"": ""Claim description 191"", ""fraud_label"": 0, ""status"": ""Open""}"
claim:CLM00192,Claim,CLM00192,"{""claim_amount"": 124678, ""claim_date"": ""2026-04-13"", ""claim_type"": ""Natural Disaster"", ""description"": ""Claim description 192"", ""fraud_label"": 0, ""status"": ""Rejected""}"
claim:CLM00193,Claim,CLM00193,"{""claim_amount"": 195424, ""claim_date"": ""2026-06-28"", ""claim_type"": ""Theft"", ""description"": ""Claim description 193"", ""fraud_label"": 1, ""status"": ""Open""}"
claim:CLM00194,Claim,CLM00194,"{""claim_amount"": 209253, ""claim_date"": ""2026-04-08"", ""claim_type"": ""Accident"", ""description"": ""Claim description 194"", ""fraud_label"": 0, ""status"": ""Under Review""}"
claim:CLM00195,Claim,CLM00195,"{""claim_amount"": 21603, ""claim_date"": ""2026-01-12"", ""claim_type"": ""Fire"", ""description"": ""Claim description 195"", ""fraud_label"": 0, ""status"": ""Open""}"
claim:CLM00196,Claim,CLM00196,"{""claim_amount"": 142128, ""claim_date"": ""2026-05-13"", ""claim_type"": ""Glass Damage"", ""description"": ""Claim description 196"", ""fraud_label"": 0, ""status"": ""Open""}"
claim:CLM00197,Claim,CLM00197,"{""claim_amount"": 173140, ""claim_date"": ""2026-06-23"", ""claim_type"": ""Glass Damage"", ""description"": ""Claim description 197"", ""fraud_label"": 0, ""status"": ""Open""}"
claim:CLM00198,Claim,CLM00198,"{""claim_amount"": 232912, ""claim_date"": ""2026-05-07"", ""claim_type"": ""Fire"", ""description"": ""Claim description 198"", ""fraud_label"": 1, ""status"": ""Under Review""}"
claim:CLM00199,Claim,CLM00199,"{""claim_amount"": 173641, ""claim_date"": ""2026-05-21"", ""claim_type"": ""Theft"", ""description"": ""Claim description 199"", ""fraud_label"": 0, ""status"": ""Open""}"
claim:CLM00200,Claim,CLM00200,"{""claim_amount"": 122196, ""claim_date"": ""2026-05-08"", ""claim_type"": ""Natural Disaster"", ""description"": ""Claim description 200"", ""fraud_label"": 0, ""status"": ""Open""}"
claim:CLM00201,Claim,CLM00201,"{""claim_amount"": 5044, ""claim_date"": ""2026-05-21"", ""claim_type"": ""Glass Damage"", ""description"": ""Claim description 201"", ""fraud_label"": 0, ""status"": ""Approved""}"
claim:CLM00202,Claim,CLM00202,"{""claim_amount"": 94352, ""claim_date"": ""2026-04-27"", ""claim_type"": ""Accident"", ""description"": ""Claim description 202"", ""fraud_label"": 0, ""status"": ""Under Review""}"
claim:CLM00203,Claim,CLM00203,"{""claim_amount"": 162273, ""claim_date"": ""2026-06-08"", ""claim_type"": ""Fire"", ""description"": ""Claim description 203"", ""fraud_label"": 0, ""status"": ""Rejected""}"
claim:CLM00204,Claim,CLM00204,"{""claim_amount"": 222549, ""claim_date"": ""2026-04-01"", ""claim_type"": ""Fire"", ""description"": ""Claim description 204"", ""fraud_label"": 0, ""status"": ""Approved""}"
claim:CLM00205,Claim,CLM00205,"{""claim_amount"": 220440, ""claim_date"": ""2026-02-05"", ""claim_type"": ""Natural Disaster"", ""description"": ""Claim description 205"", ""fraud_label"": 0, ""status"": ""Open""}"
claim:CLM00206,Claim,CLM00206,"{""claim_amount"": 61515, ""claim_date"": ""2026-04-11"", ""claim_type"": ""Theft"", ""description"": ""Claim description 206"", ""fraud_label"": 0, ""status"": ""Approved""}"
claim:CLM00207,Claim,CLM00207,"{""claim_amount"": 159353, ""claim_date"": ""2026-06-22"", ""claim_type"": ""Natural Disaster"", ""description"": ""Claim description 207"", ""fraud_label"": 1, ""status"": ""Under Review""}"
claim:CLM00208,Claim,CLM00208,"{""claim_amount"": 158385, ""claim_date"": ""2026-08-03"", ""claim_type"": ""Glass Damage"", ""description"": ""Claim description 208"", ""fraud_label"": 0, ""status"": ""Under Review""}"
claim:CLM00209,Claim,CLM00209,"{""claim_amount"": 162429, ""claim_date"": ""2026-06-18"", ""claim_type"": ""Fire"", ""description"": ""Claim description 209"", ""fraud_label"": 0, ""status"": ""Rejected""}"
claim:CLM00210,Claim,CLM00210,"{""claim_amount"": 82115, ""claim_date"": ""2026-09-06"", ""claim_type"": ""Theft"", ""description"": ""Claim description 210"", ""fraud_label"": 0, ""status"": ""Under Review""}"
claim:CLM00211,Claim,CLM00211,"{""claim_amount"": 87289, ""claim_date"": ""2026-08-09"", ""claim_type"": ""Glass Damage"", ""description"": ""Claim description 211"", ""fraud_label"": 0, ""status"": ""Under Review""}"
claim:CLM00212,Claim,CLM00212,"{""claim_amount"": 181258, ""claim_date"": ""2026-08-24"", ""claim_type"": ""Theft"", ""description"": ""Claim description 212"", ""fraud_label"": 1, ""status"": ""Approved""}"
claim:CLM00213,Claim,CLM00213,"{""claim_amount"": 154589, ""claim_date"": ""2026-05-30"", ""claim_type"": ""Natural Disaster"", ""description"": ""Claim description 213"", ""fraud_label"": 0, ""status"": ""Approved""}"
claim:CLM00214,Claim,CLM00214,"{""claim_amount"": 104842, ""claim_date"": ""2026-01-07"", ""claim_type"": ""Theft"", ""description"": ""Claim description 214"", ""fraud_label"": 1, ""status"": ""Approved""}"
claim:CLM00215,Claim,CLM00215,"{""claim_amount"": 225038, ""claim_date"": ""2026-02-07"", ""claim_type"": ""Theft"", ""description"": ""Claim description 215"", ""fraud_label"": 1, ""status"": ""Open""}"
claim:CLM00216,Claim,CLM00216,"{""claim_amount"": 152294, ""claim_date"": ""2026-07-09"", ""claim_type"": ""Glass Damage"", ""description"": ""Claim description 216"", ""fraud_label"": 0, ""status"": ""Rejected""}"
claim:CLM00217,Claim,CLM00217,"{""claim_amount"": 247872, ""claim_date"": ""2026-01-13"", ""claim_type"": ""Natural Disaster"", ""description"": ""Claim description 217"", ""fraud_label"": 0, ""status"": ""Approved""}"
claim:CLM00218,Claim,CLM00218,"{""claim_amount"": 167676, ""claim_date"": ""2026-02-21"", ""claim_type"": ""Natural Disaster"", ""description"": ""Claim description 218"", ""fraud_label"": 0, ""status"": ""Under Review""}"
claim:CLM00219,Claim,CLM00219,"{""claim_amount"": 55724, ""claim_date"": ""2026-09-04"", ""claim_type"": ""Theft"", ""description"": ""Claim description 219"", ""fraud_label"": 0, ""status"": ""Open""}"
claim:CLM00220,Claim,CLM00220,"{""claim_amount"": 78167, ""claim_date"": ""2026-04-20"", ""claim_type"": ""Theft"", ""description"": ""Claim description 220"", ""fraud_label"": 0, ""status"": ""Under Review""}"
claim:CLM00221,Claim,CLM00221,"{""claim_amount"": 45581, ""claim_date"": ""2026-07-01"", ""claim_type"": ""Glass Damage"", ""description"": ""Claim description 221"", ""fraud_label"": 1, ""status"": ""Open""}"
claim:CLM00222,Claim,CLM00222,"{""claim_amount"": 24105, ""claim_date"": ""2026-04-02"", ""claim_type"": ""Fire"", ""description"": ""Claim description 222"", ""fraud_label"": 0, ""status"": ""Under Review""}"
claim:CLM00223,Claim,CLM00223,"{""claim_amount"": 147365, ""claim_date"": ""2026-04-17"", ""claim_type"": ""Accident"", ""description"": ""Claim description 223"", ""fraud_label"": 0, ""status"": ""Approved""}"
claim:CLM00224,Claim,CLM00224,"{""claim_amount"": 62264, ""claim_date"": ""2026-03-17"", ""claim_type"": ""Glass Damage"", ""description"": ""Claim description 224"", ""fraud_label"": 0, ""status"": ""Rejected""}"
claim:CLM00225,Claim,CLM00225,"{""claim_amount"": 68005, ""claim_date"": ""2026-04-25"", ""claim_type"": ""Glass Damage"", ""description"": ""Claim description 225"", ""fraud_label"": 0, ""status"": ""Under Review""}"
claim:CLM00226,Claim,CLM00226,"{""claim_amount"": 146619, ""claim_date"": ""2026-03-07"", ""claim_type"": ""Accident"", ""description"": ""Claim description 226"", ""fraud_label"": 0, ""status"": ""Approved""}"
claim:CLM00227,Claim,CLM00227,"{""claim_amount"": 240479, ""claim_date"": ""2026-03-17"", ""claim_type"": ""Fire"", ""description"": ""Claim description 227"", ""fraud_label"": 0, ""status"": ""Open""}"
claim:CLM00228,Claim,CLM00228,"{""claim_amount"": 180724, ""claim_date"": ""2026-02-23"", ""claim_type"": ""Theft"", ""description"": ""Claim description 228"", ""fraud_label"": 0, ""status"": ""Rejected""}"
claim:CLM00229,Claim,CLM00229,"{""claim_amount"": 235329, ""claim_date"": ""2026-06-29"", ""claim_type"": ""Natural Disaster"", ""description"": ""Claim description 229"", ""fraud_label"": 0, ""status"": ""Open""}"
claim:CLM00230,Claim,CLM00230,"{""claim_amount"": 186036, ""claim_date"": ""2026-03-26"", ""claim_type"": ""Glass Damage"", ""description"": ""Claim description 230"", ""fraud_label"": 1, ""status"": ""Open""}"
claim:CLM00231,Claim,CLM00231,"{""claim_amount"": 170207, ""claim_date"": ""2026-04-26"", ""claim_type"": ""Fire"", ""description"": ""Claim description 231"", ""fraud_label"": 0, ""status"": ""Open""}"
claim:CLM00232,Claim,CLM00232,"{""claim_amount"": 21577, ""claim_date"": ""2026-06-08"", ""claim_type"": ""Glass Damage"", ""description"": ""Claim description 232"", ""fraud_label"": 0, ""status"": ""Open""}"
claim:CLM00233,Claim,CLM00233,"{""claim_amount"": 211278, ""claim_date"": ""2026-03-16"", ""claim_type"": ""Glass Damage"", ""description"": ""Claim description 233"", ""fraud_label"": 0, ""status"": ""Open""}"
claim:CLM00234,Claim,CLM00234,"{""claim_amount"": 13079, ""claim_date"": ""2026-06-19"", ""claim_type"": ""Glass Damage"", ""description"": ""Claim description 234"", ""fraud_label"": 0, ""status"": ""Under Review""}"
claim:CLM00235,Claim,CLM00235,"{""claim_amount"": 182547, ""claim_date"": ""2026-03-18"", ""claim_type"": ""Fire"", ""description"": ""Claim description 235"", ""fraud_label"": 0, ""status"": ""Open""}"
claim:CLM00236,Claim,CLM00236,"{""claim_amount"": 161409, ""claim_date"": ""2026-05-27"", ""claim_type"": ""Glass Damage"", ""description"": ""Claim description 236"", ""fraud_label"": 0, ""status"": ""Open""}"
claim:CLM00237,Claim,CLM00237,"{""claim_amount"": 174327, ""claim_date"": ""2026-08-20"", ""claim_type"": ""Theft"", ""description"": ""Claim description 237"", ""fraud_label"": 0, ""status"": ""Under Review""}"
claim:CLM00238,Claim,CLM00238,"{""claim_amount"": 180892, ""claim_date"": ""2026-02-16"", ""claim_type"": ""Accident"", ""description"": ""Claim description 238"", ""fraud_label"": 0, ""status"": ""Rejected""}"
claim:CLM00239,Claim,CLM00239,"{""claim_amount"": 30743, ""claim_date"": ""2026-03-06"", ""claim_type"": ""Glass Damage"", ""description"": ""Claim description 239"", ""fraud_label"": 0, ""status"": ""Rejected""}"
claim:CLM00240,Claim,CLM00240,"{""claim_amount"": 31226, ""claim_date"": ""2026-03-02"", ""claim_type"": ""Accident"", ""description"": ""Claim description 240"", ""fraud_label"": 0, ""status"": ""Under Review""}"
claim:CLM00241,Claim,CLM00241,"{""claim_amount"": 85130, ""claim_date"": ""2026-06-18"", ""claim_type"": ""Theft"", ""description"": ""Claim description 241"", ""fraud_label"": 0, ""status"": ""Approved""}"
claim:CLM00242,Claim,CLM00242,"{""claim_amount"": 69533, ""claim_date"": ""2026-03-22"", ""claim_type"": ""Natural Disaster"", ""description"": ""Claim description 242"", ""fraud_label"": 0, ""status"": ""Approved""}"
claim:CLM00243,Claim,CLM00243,"{""claim_amount"": 235132, ""claim_date"": ""2026-03-26"", ""claim_type"": ""Natural Disaster"", ""description"": ""Claim description 243"", ""fraud_label"": 0, ""status"": ""Approved""}"
claim:CLM00244,Claim,CLM00244,"{""claim_amount"": 174227, ""claim_date"": ""2026-02-14"", ""claim_type"": ""Fire"", ""description"": ""Claim description 244"", ""fraud_label"": 0, ""status"": ""Under Review""}"
claim:CLM00245,Claim,CLM00245,"{""claim_amount"": 124883, ""claim_date"": ""2026-08-15"", ""claim_type"": ""Glass Damage"", ""description"": ""Claim description 245"", ""fraud_label"": 1, ""status"": ""Open""}"
claim:CLM00246,Claim,CLM00246,"{""claim_amount"": 147467, ""claim_date"": ""2026-03-08"", ""claim_type"": ""Glass Damage"", ""description"": ""Claim description 246"", ""fraud_label"": 0, ""status"": ""Rejected""}"
claim:CLM00247,Claim,CLM00247,"{""claim_amount"": 207413, ""claim_date"": ""2026-08-17"", ""claim_type"": ""Fire"", ""description"": ""Claim description 247"", ""fraud_label"": 0, ""status"": ""Under Review""}"
claim:CLM00248,Claim,CLM00248,"{""claim_amount"": 7776, ""claim_date"": ""2026-05-09"", ""claim_type"": ""Glass Damage"", ""description"": ""Claim description 248"", ""fraud_label"": 0, ""status"": ""Under Review""}"
claim:CLM00249,Claim,CLM00249,"{""claim_amount"": 153467, ""claim_date"": ""2026-02-15"", ""claim_type"": ""Theft"", ""description"": ""Claim description 249"", ""fraud_label"": 0, ""status"": ""Rejected""}"
claim:CLM00250,Claim,CLM00250,"{""claim_amount"": 21478, ""claim_date"": ""2026-03-01"", ""claim_type"": ""Theft"", ""description"": ""Claim description 250"", ""fraud_label"": 0, ""status"": ""Open""}"
claim:CLM00251,Claim,CLM00251,"{""claim_amount"": 124182, ""claim_date"": ""2026-08-23"", ""claim_type"": ""Accident"", ""description"": ""Claim description 251"", ""fraud_label"": 0, ""status"": ""Approved""}"
claim:CLM00252,Claim,CLM00252,"{""claim_amount"": 147698, ""claim_date"": ""2026-05-29"", ""claim_type"": ""Natural Disaster"", ""description"": ""Claim description 252"", ""fraud_label"": 0, ""status"": ""Rejected""}"
claim:CLM00253,Claim,CLM00253,"{""claim_amount"": 111389, ""claim_date"": ""2026-05-13"", ""claim_type"": ""Fire"", ""description"": ""Claim description 253"", ""fraud_label"": 0, ""status"": ""Rejected""}"
claim:CLM00254,Claim,CLM00254,"{""claim_amount"": 48412, ""claim_date"": ""2026-04-23"", ""claim_type"": ""Glass Damage"", ""description"": ""Claim description 254"", ""fraud_label"": 0, ""status"": ""Approved""}"
claim:CLM00255,Claim,CLM00255,"{""claim_amount"": 193036, ""claim_date"": ""2026-06-04"", ""claim_type"": ""Theft"", ""description"": ""Claim description 255"", ""fraud_label"": 0, ""status"": ""Rejected""}"
claim:CLM00256,Claim,CLM00256,"{""claim_amount"": 130572, ""claim_date"": ""2026-05-03"", ""claim_type"": ""Theft"", ""description"": ""Claim description 256"", ""fraud_label"": 0, ""status"": ""Rejected""}"
claim:CLM00257,Claim,CLM00257,"{""claim_amount"": 270016, ""claim_date"": ""2026-06-01"", ""claim_type"": ""Theft"", ""description"": ""Claim description 257"", ""fraud_label"": 1, ""status"": ""Open""}"
claim:CLM00258,Claim,CLM00258,"{""claim_amount"": 152745, ""claim_date"": ""2026-06-03"", ""claim_type"": ""Fire"", ""description"": ""Claim description 258"", ""fraud_label"": 0, ""status"": ""Open""}"
claim:CLM00259,Claim,CLM00259,"{""claim_amount"": 222674, ""claim_date"": ""2026-02-26"", ""claim_type"": ""Theft"", ""description"": ""Claim description 259"", ""fraud_label"": 0, ""status"": ""Under Review""}"
claim:CLM00260,Claim,CLM00260,"{""claim_amount"": 94829, ""claim_date"": ""2026-06-25"", ""claim_type"": ""Glass Damage"", ""description"": ""Claim description 260"", ""fraud_label"": 0, ""status"": ""Open""}"
claim:CLM00261,Claim,CLM00261,"{""claim_amount"": 58044, ""claim_date"": ""2026-01-05"", ""claim_type"": ""Glass Damage"", ""description"": ""Claim description 261"", ""fraud_label"": 0, ""status"": ""Rejected""}"
claim:CLM00262,Claim,CLM00262,"{""claim_amount"": 166152, ""claim_date"": ""2026-08-19"", ""claim_type"": ""Glass Damage"", ""description"": ""Claim description 262"", ""fraud_label"": 0, ""status"": ""Open""}"
claim:CLM00263,Claim,CLM00263,"{""claim_amount"": 5314, ""claim_date"": ""2026-07-31"", ""claim_type"": ""Natural Disaster"", ""description"": ""Claim description 263"", ""fraud_label"": 0, ""status"": ""Rejected""}"
claim:CLM00264,Claim,CLM00264,"{""claim_amount"": 211977, ""claim_date"": ""2026-05-04"", ""claim_type"": ""Fire"", ""description"": ""Claim description 264"", ""fraud_label"": 0, ""status"": ""Open""}"
claim:CLM00265,Claim,CLM00265,"{""claim_amount"": 243573, ""claim_date"": ""2026-03-01"", ""claim_type"": ""Fire"", ""description"": ""Claim description 265"", ""fraud_label"": 0, ""status"": ""Rejected""}"
claim:CLM00266,Claim,CLM00266,"{""claim_amount"": 6864, ""claim_date"": ""2026-07-22"", ""claim_type"": ""Accident"", ""description"": ""Claim description 266"", ""fraud_label"": 0, ""status"": ""Open""}"
claim:CLM00267,Claim,CLM00267,"{""claim_amount"": 45574, ""claim_date"": ""2026-01-28"", ""claim_type"": ""Glass Damage"", ""description"": ""Claim description 267"", ""fraud_label"": 0, ""status"": ""Approved""}"
claim:CLM00268,Claim,CLM00268,"{""claim_amount"": 77236, ""claim_date"": ""2026-06-06"", ""claim_type"": ""Natural Disaster"", ""description"": ""Claim description 268"", ""fraud_label"": 0, ""status"": ""Under Review""}"
claim:CLM00269,Claim,CLM00269,"{""claim_amount"": 131814, ""claim_date"": ""2026-05-23"", ""claim_type"": ""Fire"", ""description"": ""Claim description 269"", ""fraud_label"": 0, ""status"": ""Approved""}"
claim:CLM00270,Claim,CLM00270,"{""claim_amount"": 65233, ""claim_date"": ""2026-07-11"", ""claim_type"": ""Theft"", ""description"": ""Claim description 270"", ""fraud_label"": 0, ""status"": ""Open""}"
claim:CLM00271,Claim,CLM00271,"{""claim_amount"": 165963, ""claim_date"": ""2026-05-21"", ""claim_type"": ""Accident"", ""description"": ""Claim description 271"", ""fraud_label"": 0, ""status"": ""Under Review""}"
claim:CLM00272,Claim,CLM00272,"{""claim_amount"": 162350, ""claim_date"": ""2026-08-26"", ""claim_type"": ""Accident"", ""description"": ""Claim description 272"", ""fraud_label"": 0, ""status"": ""Approved""}"
claim:CLM00273,Claim,CLM00273,"{""claim_amount"": 105748, ""claim_date"": ""2026-07-05"", ""claim_type"": ""Natural Disaster"", ""description"": ""Claim description 273"", ""fraud_label"": 0, ""status"": ""Approved""}"
claim:CLM00274,Claim,CLM00274,"{""claim_amount"": 7807, ""claim_date"": ""2026-04-23"", ""claim_type"": ""Glass Damage"", ""description"": ""Claim description 274"", ""fraud_label"": 0, ""status"": ""Approved""}"
claim:CLM00275,Claim,CLM00275,"{""claim_amount"": 14453, ""claim_date"": ""2026-06-22"", ""claim_type"": ""Accident"", ""description"": ""Claim description 275"", ""fraud_label"": 0, ""status"": ""Under Review""}"
claim:CLM00276,Claim,CLM00276,"{""claim_amount"": 111286, ""claim_date"": ""2026-04-12"", ""claim_type"": ""Glass Damage"", ""description"": ""Claim description 276"", ""fraud_label"": 0, ""status"": ""Open""}"
claim:CLM00277,Claim,CLM00277,"{""claim_amount"": 222517, ""claim_date"": ""2026-07-05"", ""claim_type"": ""Glass Damage"", ""description"": ""Claim description 277"", ""fraud_label"": 0, ""status"": ""Approved""}"
claim:CLM00278,Claim,CLM00278,"{""claim_amount"": 248718, ""claim_date"": ""2026-04-27"", ""claim_type"": ""Accident"", ""description"": ""Claim description 278"", ""fraud_label"": 0, ""status"": ""Approved""}"
claim:CLM00279,Claim,CLM00279,"{""claim_amount"": 136902, ""claim_date"": ""2026-01-19"", ""claim_type"": ""Accident"", ""description"": ""Claim description 279"", ""fraud_label"": 0, ""status"": ""Approved""}"
claim:CLM00280,Claim,CLM00280,"{""claim_amount"": 103849, ""claim_date"": ""2026-09-05"", ""claim_type"": ""Theft"", ""description"": ""Claim description 280"", ""fraud_label"": 0, ""status"": ""Approved""}"
claim:CLM00281,Claim,CLM00281,"{""claim_amount"": 35479, ""claim_date"": ""2026-05-04"", ""claim_type"": ""Natural Disaster"", ""description"": ""Claim description 281"", ""fraud_label"": 0, ""status"": ""Under Review""}"
claim:CLM00282,Claim,CLM00282,"{""claim_amount"": 145417, ""claim_date"": ""2026-05-13"", ""claim_type"": ""Theft"", ""description"": ""Claim description 282"", ""fraud_label"": 1, ""status"": ""Approved""}"
claim:CLM00283,Claim,CLM00283,"{""claim_amount"": 51788, ""claim_date"": ""2026-08-27"", ""claim_type"": ""Fire"", ""description"": ""Claim description 283"", ""fraud_label"": 0, ""status"": ""Under Review""}"
claim:CLM00284,Claim,CLM00284,"{""claim_amount"": 243532, ""claim_date"": ""2026-08-27"", ""claim_type"": ""Theft"", ""description"": ""Claim description 284"", ""fraud_label"": 0, ""status"": ""Under Review""}"
claim:CLM00285,Claim,CLM00285,"{""claim_amount"": 223874, ""claim_date"": ""2026-02-21"", ""claim_type"": ""Glass Damage"", ""description"": ""Claim description 285"", ""fraud_label"": 0, ""status"": ""Approved""}"
claim:CLM00286,Claim,CLM00286,"{""claim_amount"": 178912, ""claim_date"": ""2026-09-02"", ""claim_type"": ""Accident"", ""description"": ""Claim description 286"", ""fraud_label"": 0, ""status"": ""Open""}"
claim:CLM00287,Claim,CLM00287,"{""claim_amount"": 240437, ""claim_date"": ""2026-05-07"", ""claim_type"": ""Glass Damage"", ""description"": ""Claim description 287"", ""fraud_label"": 0, ""status"": ""Approved""}"
claim:CLM00288,Claim,CLM00288,"{""claim_amount"": 230933, ""claim_date"": ""2026-07-12"", ""claim_type"": ""Natural Disaster"", ""description"": ""Claim description 288"", ""fraud_label"": 1, ""status"": ""Open""}"
claim:CLM00289,Claim,CLM00289,"{""claim_amount"": 124851, ""claim_date"": ""2026-02-14"", ""claim_type"": ""Glass Damage"", ""description"": ""Claim description 289"", ""fraud_label"": 0, ""status"": ""Rejected""}"
claim:CLM00290,Claim,CLM00290,"{""claim_amount"": 188078, ""claim_date"": ""2026-04-08"", ""claim_type"": ""Theft"", ""description"": ""Claim description 290"", ""fraud_label"": 1, ""status"": ""Approved""}"
claim:CLM00291,Claim,CLM00291,"{""claim_amount"": 53211, ""claim_date"": ""2026-04-04"", ""claim_type"": ""Theft"", ""description"": ""Claim description 291"", ""fraud_label"": 0, ""status"": ""Rejected""}"
claim:CLM00292,Claim,CLM00292,"{""claim_amount"": 52156, ""claim_date"": ""2026-04-26"", ""claim_type"": ""Glass Damage"", ""description"": ""Claim description 292"", ""fraud_label"": 0, ""status"": ""Under Review""}"
claim:CLM00293,Claim,CLM00293,"{""claim_amount"": 229476, ""claim_date"": ""2026-04-21"", ""claim_type"": ""Theft"", ""description"": ""Claim description 293"", ""fraud_label"": 0, ""status"": ""Under Review""}"
claim:CLM00294,Claim,CLM00294,"{""claim_amount"": 239165, ""claim_date"": ""2026-02-04"", ""claim_type"": ""Glass Damage"", ""description"": ""Claim description 294"", ""fraud_label"": 0, ""status"": ""Approved""}"
claim:CLM00295,Claim,CLM00295,"{""claim_amount"": 162819, ""claim_date"": ""2026-08-08"", ""claim_type"": ""Accident"", ""description"": ""Claim description 295"", ""fraud_label"": 1, ""status"": ""Under Review""}"
claim:CLM00296,Claim,CLM00296,"{""claim_amount"": 200190, ""claim_date"": ""2026-04-26"", ""claim_type"": ""Fire"", ""description"": ""Claim description 296"", ""fraud_label"": 0, ""status"": ""Approved""}"
claim:CLM00297,Claim,CLM00297,"{""claim_amount"": 97036, ""claim_date"": ""2026-02-01"", ""claim_type"": ""Glass Damage"", ""description"": ""Claim description 297"", ""fraud_label"": 0, ""status"": ""Under Review""}"
claim:CLM00298,Claim,CLM00298,"{""claim_amount"": 90220, ""claim_date"": ""2026-04-01"", ""claim_type"": ""Natural Disaster"", ""description"": ""Claim description 298"", ""fraud_label"": 0, ""status"": ""Rejected""}"
claim:CLM00299,Claim,CLM00299,"{""claim_amount"": 170599, ""claim_date"": ""2026-04-29"", ""claim_type"": ""Theft"", ""description"": ""Claim description 299"", ""fraud_label"": 0, ""status"": ""Approved""}"
claim:CLM00300,Claim,CLM00300,"{""claim_amount"": 64825, ""claim_date"": ""2026-03-29"", ""claim_type"": ""Fire"", ""description"": ""Claim description 300"", ""fraud_label"": 0, ""status"": ""Approved""}"
claim:CLM00301,Claim,CLM00301,"{""claim_amount"": 100201, ""claim_date"": ""2026-08-09"", ""claim_type"": ""Glass Damage"", ""description"": ""Claim description 301"", ""fraud_label"": 0, ""status"": ""Rejected""}"
claim:CLM00302,Claim,CLM00302,"{""claim_amount"": 66506, ""claim_date"": ""2026-07-06"", ""claim_type"": ""Accident"", ""description"": ""Claim description 302"", ""fraud_label"": 0, ""status"": ""Under Review""}"
claim:CLM00303,Claim,CLM00303,"{""claim_amount"": 235343, ""claim_date"": ""2026-08-28"", ""claim_type"": ""Accident"", ""description"": ""Claim description 303"", ""fraud_label"": 0, ""status"": ""Open""}"
claim:CLM00304,Claim,CLM00304,"{""claim_amount"": 45704, ""claim_date"": ""2026-06-08"", ""claim_type"": ""Natural Disaster"", ""description"": ""Claim description 304"", ""fraud_label"": 1, ""status"": ""Approved""}"
claim:CLM00305,Claim,CLM00305,"{""claim_amount"": 39413, ""claim_date"": ""2026-02-02"", ""claim_type"": ""Theft"", ""description"": ""Claim description 305"", ""fraud_label"": 0, ""status"": ""Open""}"
claim:CLM00306,Claim,CLM00306,"{""claim_amount"": 233300, ""claim_date"": ""2026-09-07"", ""claim_type"": ""Fire"", ""description"": ""Claim description 306"", ""fraud_label"": 0, ""status"": ""Rejected""}"
claim:CLM00307,Claim,CLM00307,"{""claim_amount"": 170425, ""claim_date"": ""2026-04-27"", ""claim_type"": ""Glass Damage"", ""description"": ""Claim description 307"", ""fraud_label"": 0, ""status"": ""Rejected""}"
claim:CLM00308,Claim,CLM00308,"{""claim_amount"": 64540, ""claim_date"": ""2026-05-19"", ""claim_type"": ""Natural Disaster"", ""description"": ""Claim description 308"", ""fraud_label"": 0, ""status"": ""Approved""}"
claim:CLM00309,Claim,CLM00309,"{""claim_amount"": 5024, ""claim_date"": ""2026-01-03"", ""claim_type"": ""Theft"", ""description"": ""Claim description 309"", ""fraud_label"": 0, ""status"": ""Approved""}"
claim:CLM00310,Claim,CLM00310,"{""claim_amount"": 203042, ""claim_date"": ""2026-08-31"", ""claim_type"": ""Accident"", ""description"": ""Claim description 310"", ""fraud_label"": 0, ""status"": ""Rejected""}"
claim:CLM00311,Claim,CLM00311,"{""claim_amount"": 54432, ""claim_date"": ""2026-04-06"", ""claim_type"": ""Glass Damage"", ""description"": ""Claim description 311"", ""fraud_label"": 0, ""status"": ""Rejected""}"
claim:CLM00312,Claim,CLM00312,"{""claim_amount"": 107163, ""claim_date"": ""2026-06-15"", ""claim_type"": ""Theft"", ""description"": ""Claim description 312"", ""fraud_label"": 0, ""status"": ""Approved""}"
claim:CLM00313,Claim,CLM00313,"{""claim_amount"": 243539, ""claim_date"": ""2026-07-24"", ""claim_type"": ""Fire"", ""description"": ""Claim description 313"", ""fraud_label"": 0, ""status"": ""Approved""}"
claim:CLM00314,Claim,CLM00314,"{""claim_amount"": 22947, ""claim_date"": ""2026-08-07"", ""claim_type"": ""Fire"", ""description"": ""Claim description 314"", ""fraud_label"": 0, ""status"": ""Open""}"
claim:CLM00315,Claim,CLM00315,"{""claim_amount"": 133973, ""claim_date"": ""2026-06-09"", ""claim_type"": ""Accident"", ""description"": ""Claim description 315"", ""fraud_label"": 0, ""status"": ""Under Review""}"
claim:CLM00316,Claim,CLM00316,"{""claim_amount"": 122150, ""claim_date"": ""2026-03-14"", ""claim_type"": ""Theft"", ""description"": ""Claim description 316"", ""fraud_label"": 1, ""status"": ""Open""}"
claim:CLM00317,Claim,CLM00317,"{""claim_amount"": 86677, ""claim_date"": ""2026-04-18"", ""claim_type"": ""Natural Disaster"", ""description"": ""Claim description 317"", ""fraud_label"": 0, ""status"": ""Approved""}"
claim:CLM00318,Claim,CLM00318,"{""claim_amount"": 43296, ""claim_date"": ""2026-07-12"", ""claim_type"": ""Accident"", ""description"": ""Claim description 318"", ""fraud_label"": 1, ""status"": ""Rejected""}"
claim:CLM00319,Claim,CLM00319,"{""claim_amount"": 36971, ""claim_date"": ""2026-01-04"", ""claim_type"": ""Theft"", ""description"": ""Claim description 319"", ""fraud_label"": 0, ""status"": ""Rejected""}"
claim:CLM00320,Claim,CLM00320,"{""claim_amount"": 125805, ""claim_date"": ""2026-02-20"", ""claim_type"": ""Accident"", ""description"": ""Claim description 320"", ""fraud_label"": 0, ""status"": ""Under Review""}"
claimant:CLT0001,Claimant,CLT0001,"{""age"": 61.0, ""city"": ""Mumbai"", ""gender"": ""M"", ""marital_status"": ""Married"", ""name"": ""Customer 0001""}"
claimant:CLT0002,Claimant,CLT0002,"{""age"": 36.0, ""city"": ""Pune"", ""gender"": ""M"", ""marital_status"": ""Single"", ""name"": ""Customer 0002""}"
claimant:CLT0003,Claimant,CLT0003,"{""age"": 64.0, ""city"": ""Delhi"", ""gender"": ""M"", ""marital_status"": ""Married"", ""name"": ""Customer 0003""}"
claimant:CLT0004,Claimant,CLT0004,"{""age"": 23.0, ""city"": ""Mumbai"", ""gender"": ""M"", ""marital_status"": ""Single"", ""name"": ""Customer 0004""}"
claimant:CLT0005,Claimant,CLT0005,"{""age"": 35.0, ""city"": ""Delhi"", ""gender"": ""M"", ""marital_status"": ""Single"", ""name"": ""Customer 0005""}"
claimant:CLT0006,Claimant,CLT0006,"{""age"": 66.0, ""city"": ""Delhi"", ""gender"": ""F"", ""marital_status"": ""Single"", ""name"": ""Customer 0006""}"
claimant:CLT0007,Claimant,CLT0007,"{""age"": 49.0, ""city"": ""Delhi"", ""gender"": ""F"", ""marital_status"": ""Single"", ""name"": ""Customer 0007""}"
claimant:CLT0008,Claimant,CLT0008,"{""age"": 69.0, ""city"": ""Pune"", ""gender"": ""F"", ""marital_status"": ""Married"", ""name"": ""Customer 0008""}"
claimant:CLT0009,Claimant,CLT0009,"{""age"": 38.0, ""city"": ""Pune"", ""gender"": ""M"", ""marital_status"": ""Married"", ""name"": ""Customer 0009""}"
claimant:CLT0010,Claimant,CLT0010,"{""age"": 27.0, ""city"": ""Mumbai"", ""gender"": ""F"", ""marital_status"": ""Single"", ""name"": ""Customer 0010""}"
claimant:CLT0011,Claimant,CLT0011,"{""age"": 43.0, ""city"": ""Ahmedabad"", ""gender"": ""F"", ""marital_status"": ""Single"", ""name"": ""Customer 0011""}"
claimant:CLT0012,Claimant,CLT0012,"{""age"": 67.0, ""city"": ""Surat"", ""gender"": ""M"", ""marital_status"": ""Married"", ""name"": ""Customer 0012""}"
claimant:CLT0013,Claimant,CLT0013,"{""age"": 26.0, ""city"": ""Delhi"", ""gender"": ""F"", ""marital_status"": ""Married"", ""name"": ""Customer 0013""}"
claimant:CLT0014,Claimant,CLT0014,"{""age"": 57.0, ""city"": ""Pune"", ""gender"": ""M"", ""marital_status"": ""Single"", ""name"": ""Customer 0014""}"
claimant:CLT0015,Claimant,CLT0015,"{""age"": 63.0, ""city"": ""Pune"", ""gender"": ""F"", ""marital_status"": ""Single"", ""name"": ""Customer 0015""}"
claimant:CLT0016,Claimant,CLT0016,"{""age"": 35.0, ""city"": ""Mumbai"", ""gender"": ""F"", ""marital_status"": ""Married"", ""name"": ""Customer 0016""}"
claimant:CLT0017,Claimant,CLT0017,"{""age"": 50.0, ""city"": ""Ahmedabad"", ""gender"": ""M"", ""marital_status"": ""Married"", ""name"": ""Customer 0017""}"
claimant:CLT0018,Claimant,CLT0018,"{""age"": 43.0, ""city"": ""Pune"", ""gender"": ""F"", ""marital_status"": ""Single"", ""name"": ""Customer 0018""}"
claimant:CLT0019,Claimant,CLT0019,"{""age"": 59.0, ""city"": ""Pune"", ""gender"": ""M"", ""marital_status"": ""Single"", ""name"": ""Customer 0019""}"
claimant:CLT0020,Claimant,CLT0020,"{""age"": 50.0, ""city"": ""Surat"", ""gender"": ""F"", ""marital_status"": ""Single"", ""name"": ""Customer 0020""}"
claimant:CLT0021,Claimant,CLT0021,"{""age"": 64.0, ""city"": ""Ahmedabad"", ""gender"": ""M"", ""marital_status"": ""Single"", ""name"": ""Customer 0021""}"
claimant:CLT0022,Claimant,CLT0022,"{""age"": 23.0, ""city"": ""Ahmedabad"", ""gender"": ""F"", ""marital_status"": ""Married"", ""name"": ""Customer 0022""}"
claimant:CLT0023,Claimant,CLT0023,"{""age"": 25.0, ""city"": ""Pune"", ""gender"": ""F"", ""marital_status"": ""Single"", ""name"": ""Customer 0023""}"
claimant:CLT0024,Claimant,CLT0024,"{""age"": 62.0, ""city"": ""Surat"", ""gender"": ""F"", ""marital_status"": ""Married"", ""name"": ""Customer 0024""}"
claimant:CLT0025,Claimant,CLT0025,"{""age"": 30.0, ""city"": ""Ahmedabad"", ""gender"": ""M"", ""marital_status"": ""Single"", ""name"": ""Customer 0025""}"
claimant:CLT0026,Claimant,CLT0026,"{""age"": 68.0, ""city"": ""Delhi"", ""gender"": ""F"", ""marital_status"": ""Married"", ""name"": ""Customer 0026""}"
claimant:CLT0027,Claimant,CLT0027,"{""age"": 58.0, ""city"": ""Surat"", ""gender"": ""F"", ""marital_status"": ""Single"", ""name"": ""Customer 0027""}"
claimant:CLT0028,Claimant,CLT0028,"{""age"": 29.0, ""city"": ""Delhi"", ""gender"": ""F"", ""marital_status"": ""Single"", ""name"": ""Customer 0028""}"
claimant:CLT0029,Claimant,CLT0029,"{""age"": 69.0, ""city"": ""Mumbai"", ""gender"": ""M"", ""marital_status"": ""Single"", ""name"": ""Customer 0029""}"
claimant:CLT0030,Claimant,CLT0030,"{""age"": 61.0, ""city"": ""Pune"", ""gender"": ""F"", ""marital_status"": ""Single"", ""name"": ""Customer 0030""}"
claimant:CLT0031,Claimant,CLT0031,"{""age"": 45.0, ""city"": ""Surat"", ""gender"": ""F"", ""marital_status"": ""Married"", ""name"": ""Customer 0031""}"
claimant:CLT0032,Claimant,CLT0032,"{""age"": 56.0, ""city"": ""Mumbai"", ""gender"": ""M"", ""marital_status"": ""Married"", ""name"": ""Customer 0032""}"
claimant:CLT0033,Claimant,CLT0033,"{""age"": 70.0, ""city"": ""Ahmedabad"", ""gender"": ""M"", ""marital_status"": ""Married"", ""name"": ""Customer 0033""}"
claimant:CLT0034,Claimant,CLT0034,"{""age"": 48.0, ""city"": ""Pune"", ""gender"": ""F"", ""marital_status"": ""Single"", ""name"": ""Customer 0034""}"
claimant:CLT0035,Claimant,CLT0035,"{""age"": 67.0, ""city"": ""Ahmedabad"", ""gender"": ""M"", ""marital_status"": ""Single"", ""name"": ""Customer 0035""}"
claimant:CLT0036,Claimant,CLT0036,"{""age"": 61.0, ""city"": ""Ahmedabad"", ""gender"": ""M"", ""marital_status"": ""Single"", ""name"": ""Customer 0036""}"
claimant:CLT0037,Claimant,CLT0037,"{""age"": 44.0, ""city"": ""Pune"", ""gender"": ""M"", ""marital_status"": ""Married"", ""name"": ""Customer 0037""}"
claimant:CLT0038,Claimant,CLT0038,"{""age"": 52.0, ""city"": ""Mumbai"", ""gender"": ""M"", ""marital_status"": ""Married"", ""name"": ""Customer 0038""}"
claimant:CLT0039,Claimant,CLT0039,"{""age"": 40.0, ""city"": ""Pune"", ""gender"": ""M"", ""marital_status"": ""Single"", ""name"": ""Customer 0039""}"
claimant:CLT0040,Claimant,CLT0040,"{""age"": 57.0, ""city"": ""Mumbai"", ""gender"": ""M"", ""marital_status"": ""Married"", ""name"": ""Customer 0040""}"
claimant:CLT0041,Claimant,CLT0041,"{""age"": 25.0, ""city"": ""Delhi"", ""gender"": ""M"", ""marital_status"": ""Single"", ""name"": ""Customer 0041""}"
claimant:CLT0042,Claimant,CLT0042,"{""age"": 63.0, ""city"": ""Surat"", ""gender"": ""M"", ""marital_status"": ""Married"", ""name"": ""Customer 0042""}"
claimant:CLT0043,Claimant,CLT0043,"{""age"": 54.0, ""city"": ""Delhi"", ""gender"": ""F"", ""marital_status"": ""Single"", ""name"": ""Customer 0043""}"
claimant:CLT0044,Claimant,CLT0044,"{""age"": 55.0, ""city"": ""Pune"", ""gender"": ""F"", ""marital_status"": ""Married"", ""name"": ""Customer 0044""}"
claimant:CLT0045,Claimant,CLT0045,"{""age"": 63.0, ""city"": ""Ahmedabad"", ""gender"": ""F"", ""marital_status"": ""Married"", ""name"": ""Customer 0045""}"
claimant:CLT0046,Claimant,CLT0046,"{""age"": 28.0, ""city"": ""Pune"", ""gender"": ""M"", ""marital_status"": ""Single"", ""name"": ""Customer 0046""}"
claimant:CLT0047,Claimant,CLT0047,"{""age"": 42.0, ""city"": ""Mumbai"", ""gender"": ""M"", ""marital_status"": ""Single"", ""name"": ""Customer 0047""}"
claimant:CLT0048,Claimant,CLT0048,"{""age"": 21.0, ""city"": ""Mumbai"", ""gender"": ""M"", ""marital_status"": ""Single"", ""name"": ""Customer 0048""}"
claimant:CLT0049,Claimant,CLT0049,"{""age"": 25.0, ""city"": ""Mumbai"", ""gender"": ""F"", ""marital_status"": ""Single"", ""name"": ""Customer 0049""}"
claimant:CLT0050,Claimant,CLT0050,"{""age"": 53.0, ""city"": ""Pune"", ""gender"": ""F"", ""marital_status"": ""Married"", ""name"": ""Customer 0050""}"
claimant:CLT0051,Claimant,CLT0051,"{""age"": 34.0, ""city"": ""Delhi"", ""gender"": ""M"", ""marital_status"": ""Married"", ""name"": ""Customer 0051""}"
claimant:CLT0052,Claimant,CLT0052,"{""age"": 36.0, ""city"": ""Surat"", ""gender"": ""F"", ""marital_status"": ""Single"", ""name"": ""Customer 0052""}"
claimant:CLT0053,Claimant,CLT0053,"{""age"": 27.0, ""city"": ""Mumbai"", ""gender"": ""F"", ""marital_status"": ""Married"", ""name"": ""Customer 0053""}"
claimant:CLT0054,Claimant,CLT0054,"{""age"": 48.0, ""city"": ""Surat"", ""gender"": ""F"", ""marital_status"": ""Single"", ""name"": ""Customer 0054""}"
claimant:CLT0055,Claimant,CLT0055,"{""age"": 64.0, ""city"": ""Mumbai"", ""gender"": ""M"", ""marital_status"": ""Married"", ""name"": ""Customer 0055""}"
claimant:CLT0056,Claimant,CLT0056,"{""age"": 67.0, ""city"": ""Ahmedabad"", ""gender"": ""M"", ""marital_status"": ""Single"", ""name"": ""Customer 0056""}"
claimant:CLT0057,Claimant,CLT0057,"{""age"": 33.0, ""city"": ""Pune"", ""gender"": ""F"", ""marital_status"": ""Single"", ""name"": ""Customer 0057""}"
claimant:CLT0058,Claimant,CLT0058,"{""age"": 48.0, ""city"": ""Pune"", ""gender"": ""F"", ""marital_status"": ""Married"", ""name"": ""Customer 0058""}"
claimant:CLT0059,Claimant,CLT0059,"{""age"": 36.0, ""city"": ""Mumbai"", ""gender"": ""F"", ""marital_status"": ""Single"", ""name"": ""Customer 0059""}"
claimant:CLT0060,Claimant,CLT0060,"{""age"": 24.0, ""city"": ""Delhi"", ""gender"": ""M"", ""marital_status"": ""Single"", ""name"": ""Customer 0060""}"
claimant:CLT0061,Claimant,CLT0061,"{""age"": 69.0, ""city"": ""Pune"", ""gender"": ""M"", ""marital_status"": ""Married"", ""name"": ""Customer 0061""}"
claimant:CLT0062,Claimant,CLT0062,"{""age"": 52.0, ""city"": ""Surat"", ""gender"": ""M"", ""marital_status"": ""Married"", ""name"": ""Customer 0062""}"
claimant:CLT0063,Claimant,CLT0063,"{""age"": 24.0, ""city"": ""Pune"", ""gender"": ""F"", ""marital_status"": ""Single"", ""name"": ""Customer 0063""}"
claimant:CLT0064,Claimant,CLT0064,"{""age"": 45.0, ""city"": ""Ahmedabad"", ""gender"": ""F"", ""marital_status"": ""Married"", ""name"": ""Customer 0064""}"
claimant:CLT0065,Claimant,CLT0065,"{""age"": 48.0, ""city"": ""Delhi"", ""gender"": ""F"", ""marital_status"": ""Single"", ""name"": ""Customer 0065""}"
claimant:CLT0066,Claimant,CLT0066,"{""age"": 33.0, ""city"": ""Ahmedabad"", ""gender"": ""M"", ""marital_status"": ""Single"", ""name"": ""Customer 0066""}"
claimant:CLT0067,Claimant,CLT0067,"{""age"": 58.0, ""city"": ""Delhi"", ""gender"": ""M"", ""marital_status"": ""Married"", ""name"": ""Customer 0067""}"
claimant:CLT0068,Claimant,CLT0068,"{""age"": 24.0, ""city"": ""Mumbai"", ""gender"": ""F"", ""marital_status"": ""Single"", ""name"": ""Customer 0068""}"
claimant:CLT0069,Claimant,CLT0069,"{""age"": 24.0, ""city"": ""Delhi"", ""gender"": ""M"", ""marital_status"": ""Single"", ""name"": ""Customer 0069""}"
claimant:CLT0070,Claimant,CLT0070,"{""age"": 25.0, ""city"": ""Delhi"", ""gender"": ""M"", ""marital_status"": ""Single"", ""name"": ""Customer 0070""}"
claimant:CLT0071,Claimant,CLT0071,"{""age"": 46.0, ""city"": ""Mumbai"", ""gender"": ""M"", ""marital_status"": ""Single"", ""name"": ""Customer 0071""}"
claimant:CLT0072,Claimant,CLT0072,"{""age"": 60.0, ""city"": ""Mumbai"", ""gender"": ""F"", ""marital_status"": ""Married"", ""name"": ""Customer 0072""}"
claimant:CLT0073,Claimant,CLT0073,"{""age"": 37.0, ""city"": ""Pune"", ""gender"": ""F"", ""marital_status"": ""Single"", ""name"": ""Customer 0073""}"
claimant:CLT0074,Claimant,CLT0074,"{""age"": 37.0, ""city"": ""Surat"", ""gender"": ""M"", ""marital_status"": ""Married"", ""name"": ""Customer 0074""}"
claimant:CLT0075,Claimant,CLT0075,"{""age"": 50.0, ""city"": ""Ahmedabad"", ""gender"": ""M"", ""marital_status"": ""Single"", ""name"": ""Customer 0075""}"
claimant:CLT0076,Claimant,CLT0076,"{""age"": 50.0, ""city"": ""Delhi"", ""gender"": ""M"", ""marital_status"": ""Single"", ""name"": ""Customer 0076""}"
claimant:CLT0077,Claimant,CLT0077,"{""age"": 55.0, ""city"": ""Pune"", ""gender"": ""F"", ""marital_status"": ""Single"", ""name"": ""Customer 0077""}"
claimant:CLT0078,Claimant,CLT0078,"{""age"": 43.0, ""city"": ""Mumbai"", ""gender"": ""M"", ""marital_status"": ""Married"", ""name"": ""Customer 0078""}"
claimant:CLT0079,Claimant,CLT0079,"{""age"": 39.0, ""city"": ""Pune"", ""gender"": ""F"", ""marital_status"": ""Married"", ""name"": ""Customer 0079""}"
claimant:CLT0080,Claimant,CLT0080,"{""age"": 60.0, ""city"": ""Delhi"", ""gender"": ""M"", ""marital_status"": ""Married"", ""name"": ""Customer 0080""}"
claimant:CLT0081,Claimant,CLT0081,"{""age"": 63.0, ""city"": ""Mumbai"", ""gender"": ""M"", ""marital_status"": ""Married"", ""name"": ""Customer 0081""}"
claimant:CLT0082,Claimant,CLT0082,"{""age"": 28.0, ""city"": ""Mumbai"", ""gender"": ""M"", ""marital_status"": ""Married"", ""name"": ""Customer 0082""}"
claimant:CLT0083,Claimant,CLT0083,"{""age"": 39.0, ""city"": ""Delhi"", ""gender"": ""M"", ""marital_status"": ""Married"", ""name"": ""Customer 0083""}"
claimant:CLT0084,Claimant,CLT0084,"{""age"": 34.0, ""city"": ""Ahmedabad"", ""gender"": ""F"", ""marital_status"": ""Married"", ""name"": ""Customer 0084""}"
claimant:CLT0085,Claimant,CLT0085,"{""age"": 24.0, ""city"": ""Mumbai"", ""gender"": ""F"", ""marital_status"": ""Married"", ""name"": ""Customer 0085""}"
claimant:CLT0086,Claimant,CLT0086,"{""age"": 23.0, ""city"": ""Mumbai"", ""gender"": ""F"", ""marital_status"": ""Single"", ""name"": ""Customer 0086""}"
claimant:CLT0087,Claimant,CLT0087,"{""age"": 61.0, ""city"": ""Ahmedabad"", ""gender"": ""M"", ""marital_status"": ""Married"", ""name"": ""Customer 0087""}"
claimant:CLT0088,Claimant,CLT0088,"{""age"": 56.0, ""city"": ""Surat"", ""gender"": ""M"", ""marital_status"": ""Single"", ""name"": ""Customer 0088""}"
claimant:CLT0089,Claimant,CLT0089,"{""age"": 25.0, ""city"": ""Pune"", ""gender"": ""M"", ""marital_status"": ""Married"", ""name"": ""Customer 0089""}"
claimant:CLT0090,Claimant,CLT0090,"{""age"": 58.0, ""city"": ""Delhi"", ""gender"": ""M"", ""marital_status"": ""Married"", ""name"": ""Customer 0090""}"
claimant:CLT0091,Claimant,CLT0091,"{""age"": 29.0, ""city"": ""Mumbai"", ""gender"": ""F"", ""marital_status"": ""Married"", ""name"": ""Customer 0091""}"
claimant:CLT0092,Claimant,CLT0092,"{""age"": 23.0, ""city"": ""Ahmedabad"", ""gender"": ""M"", ""marital_status"": ""Single"", ""name"": ""Customer 0092""}"
claimant:CLT0093,Claimant,CLT0093,"{""age"": 63.0, ""city"": ""Mumbai"", ""gender"": ""F"", ""marital_status"": ""Married"", ""name"": ""Customer 0093""}"
claimant:CLT0094,Claimant,CLT0094,"{""age"": 60.0, ""city"": ""Pune"", ""gender"": ""M"", ""marital_status"": ""Single"", ""name"": ""Customer 0094""}"
claimant:CLT0095,Claimant,CLT0095,"{""age"": 32.0, ""city"": ""Surat"", ""gender"": ""M"", ""marital_status"": ""Single"", ""name"": ""Customer 0095""}"
claimant:CLT0096,Claimant,CLT0096,"{""age"": 68.0, ""city"": ""Ahmedabad"", ""gender"": ""F"", ""marital_status"": ""Single"", ""name"": ""Customer 0096""}"
claimant:CLT0097,Claimant,CLT0097,"{""age"": 38.0, ""city"": ""Pune"", ""gender"": ""M"", ""marital_status"": ""Married"", ""name"": ""Customer 0097""}"
claimant:CLT0098,Claimant,CLT0098,"{""age"": 23.0, ""city"": ""Surat"", ""gender"": ""M"", ""marital_status"": ""Single"", ""name"": ""Customer 0098""}"
claimant:CLT0099,Claimant,CLT0099,"{""age"": 50.0, ""city"": ""Ahmedabad"", ""gender"": ""F"", ""marital_status"": ""Single"", ""name"": ""Customer 0099""}"
claimant:CLT0100,Claimant,CLT0100,"{""age"": 35.0, ""city"": ""Mumbai"", ""gender"": ""M"", ""marital_status"": ""Married"", ""name"": ""Customer 0100""}"
claimant:CLT0101,Claimant,CLT0101,"{""age"": 42.0, ""city"": ""Ahmedabad"", ""gender"": ""M"", ""marital_status"": ""Married"", ""name"": ""Customer 0101""}"
claimant:CLT0102,Claimant,CLT0102,"{""age"": 43.0, ""city"": ""Delhi"", ""gender"": ""F"", ""marital_status"": ""Married"", ""name"": ""Customer 0102""}"
claimant:CLT0103,Claimant,CLT0103,"{""age"": 22.0, ""city"": ""Mumbai"", ""gender"": ""F"", ""marital_status"": ""Single"", ""name"": ""Customer 0103""}"
claimant:CLT0104,Claimant,CLT0104,"{""age"": 58.0, ""city"": ""Ahmedabad"", ""gender"": ""M"", ""marital_status"": ""Single"", ""name"": ""Customer 0104""}"
claimant:CLT0105,Claimant,CLT0105,"{""age"": 59.0, ""city"": ""Surat"", ""gender"": ""F"", ""marital_status"": ""Married"", ""name"": ""Customer 0105""}"
claimant:CLT0106,Claimant,CLT0106,"{""age"": 48.0, ""city"": ""Delhi"", ""gender"": ""M"", ""marital_status"": ""Married"", ""name"": ""Customer 0106""}"
claimant:CLT0107,Claimant,CLT0107,"{""age"": 57.0, ""city"": ""Pune"", ""gender"": ""F"", ""marital_status"": ""Single"", ""name"": ""Customer 0107""}"
claimant:CLT0108,Claimant,CLT0108,"{""age"": 66.0, ""city"": ""Surat"", ""gender"": ""M"", ""marital_status"": ""Single"", ""name"": ""Customer 0108""}"
claimant:CLT0109,Claimant,CLT0109,"{""age"": 44.0, ""city"": ""Surat"", ""gender"": ""M"", ""marital_status"": ""Married"", ""name"": ""Customer 0109""}"
claimant:CLT0110,Claimant,CLT0110,"{""age"": 60.0, ""city"": ""Ahmedabad"", ""gender"": ""M"", ""marital_status"": ""Married"", ""name"": ""Customer 0110""}"
claimant:CLT0111,Claimant,CLT0111,"{""age"": 53.0, ""city"": ""Ahmedabad"", ""gender"": ""F"", ""marital_status"": ""Married"", ""name"": ""Customer 0111""}"
claimant:CLT0112,Claimant,CLT0112,"{""age"": 46.0, ""city"": ""Ahmedabad"", ""gender"": ""M"", ""marital_status"": ""Single"", ""name"": ""Customer 0112""}"
claimant:CLT0113,Claimant,CLT0113,"{""age"": 47.0, ""city"": ""Surat"", ""gender"": ""M"", ""marital_status"": ""Married"", ""name"": ""Customer 0113""}"
claimant:CLT0114,Claimant,CLT0114,"{""age"": 46.0, ""city"": ""Delhi"", ""gender"": ""M"", ""marital_status"": ""Married"", ""name"": ""Customer 0114""}"
claimant:CLT0115,Claimant,CLT0115,"{""age"": 39.0, ""city"": ""Pune"", ""gender"": ""F"", ""marital_status"": ""Married"", ""name"": ""Customer 0115""}"
claimant:CLT0116,Claimant,CLT0116,"{""age"": 50.0, ""city"": ""Surat"", ""gender"": ""F"", ""marital_status"": ""Single"", ""name"": ""Customer 0116""}"
claimant:CLT0117,Claimant,CLT0117,"{""age"": 53.0, ""city"": ""Surat"", ""gender"": ""M"", ""marital_status"": ""Single"", ""name"": ""Customer 0117""}"
claimant:CLT0118,Claimant,CLT0118,"{""age"": 39.0, ""city"": ""Delhi"", ""gender"": ""F"", ""marital_status"": ""Single"", ""name"": ""Customer 0118""}"
claimant:CLT0119,Claimant,CLT0119,"{""age"": 69.0, ""city"": ""Pune"", ""gender"": ""F"", ""marital_status"": ""Single"", ""name"": ""Customer 0119""}"
claimant:CLT0120,Claimant,CLT0120,"{""age"": 33.0, ""city"": ""Pune"", ""gender"": ""M"", ""marital_status"": ""Single"", ""name"": ""Customer 0120""}"
policy:POL0001,Policy,POL0001,"{""date_order_invalid"": false, ""end_date"": ""2026-11-09"", ""policy_type"": ""Comprehensive"", ""premium"": 74692, ""start_date"": ""2025-09-01""}"
policy:POL0002,Policy,POL0002,"{""date_order_invalid"": false, ""end_date"": ""2026-11-19"", ""policy_type"": ""Zero Dep"", ""premium"": 40485, ""start_date"": ""2026-03-30""}"
policy:POL0003,Policy,POL0003,"{""date_order_invalid"": false, ""end_date"": ""2026-07-16"", ""policy_type"": ""Third Party"", ""premium"": 67383, ""start_date"": ""2025-12-23""}"
policy:POL0004,Policy,POL0004,"{""date_order_invalid"": false, ""end_date"": ""2026-12-02"", ""policy_type"": ""Zero Dep"", ""premium"": 15726, ""start_date"": ""2025-03-17""}"
policy:POL0005,Policy,POL0005,"{""date_order_invalid"": false, ""end_date"": ""2027-03-17"", ""policy_type"": ""Comprehensive"", ""premium"": 70724, ""start_date"": ""2026-01-20""}"
policy:POL0006,Policy,POL0006,"{""date_order_invalid"": false, ""end_date"": ""2027-02-16"", ""policy_type"": ""Zero Dep"", ""premium"": 82889, ""start_date"": ""2025-04-01""}"
policy:POL0007,Policy,POL0007,"{""date_order_invalid"": false, ""end_date"": ""2026-10-13"", ""policy_type"": ""Comprehensive"", ""premium"": 30906, ""start_date"": ""2025-01-26""}"
policy:POL0008,Policy,POL0008,"{""date_order_invalid"": false, ""end_date"": ""2027-02-15"", ""policy_type"": ""Third Party"", ""premium"": 84616, ""start_date"": ""2025-03-10""}"
policy:POL0009,Policy,POL0009,"{""date_order_invalid"": false, ""end_date"": ""2026-06-12"", ""policy_type"": ""Third Party"", ""premium"": 81162, ""start_date"": ""2025-11-01""}"
policy:POL0010,Policy,POL0010,"{""date_order_invalid"": false, ""end_date"": ""2027-04-10"", ""policy_type"": ""Zero Dep"", ""premium"": 73446, ""start_date"": ""2026-03-02""}"
policy:POL0011,Policy,POL0011,"{""date_order_invalid"": false, ""end_date"": ""2027-01-16"", ""policy_type"": ""Third Party"", ""premium"": 73991, ""start_date"": ""2025-03-23""}"
policy:POL0012,Policy,POL0012,"{""date_order_invalid"": false, ""end_date"": ""2026-05-07"", ""policy_type"": ""Zero Dep"", ""premium"": 51347, ""start_date"": ""2026-01-20""}"
policy:POL0013,Policy,POL0013,"{""date_order_invalid"": false, ""end_date"": ""2026-09-24"", ""policy_type"": ""Third Party"", ""premium"": 46358, ""start_date"": ""2026-02-03""}"
policy:POL0014,Policy,POL0014,"{""date_order_invalid"": false, ""end_date"": ""2026-02-09"", ""policy_type"": ""Zero Dep"", ""premium"": 52450, ""start_date"": ""2025-08-14""}"
policy:POL0015,Policy,POL0015,"{""date_order_invalid"": false, ""end_date"": ""2026-06-21"", ""policy_type"": ""Third Party"", ""premium"": 85798, ""start_date"": ""2025-05-20""}"
policy:POL0016,Policy,POL0016,"{""date_order_invalid"": false, ""end_date"": ""2026-03-19"", ""policy_type"": ""Comprehensive"", ""premium"": 65205, ""start_date"": ""2025-03-12""}"
policy:POL0017,Policy,POL0017,"{""date_order_invalid"": false, ""end_date"": ""2026-12-28"", ""policy_type"": ""Comprehensive"", ""premium"": 23418, ""start_date"": ""2025-03-20""}"
policy:POL0018,Policy,POL0018,"{""date_order_invalid"": false, ""end_date"": ""2026-06-19"", ""policy_type"": ""Zero Dep"", ""premium"": 76069, ""start_date"": ""2025-07-28""}"
policy:POL0019,Policy,POL0019,"{""date_order_invalid"": false, ""end_date"": ""2026-04-16"", ""policy_type"": ""Third Party"", ""premium"": 66049, ""start_date"": ""2025-02-01""}"
policy:POL0020,Policy,POL0020,"{""date_order_invalid"": false, ""end_date"": ""2026-10-27"", ""policy_type"": ""Zero Dep"", ""premium"": 17560, ""start_date"": ""2026-01-30""}"
policy:POL0021,Policy,POL0021,"{""date_order_invalid"": false, ""end_date"": ""2027-01-27"", ""policy_type"": ""Zero Dep"", ""premium"": 64857, ""start_date"": ""2026-03-27""}"
policy:POL0022,Policy,POL0022,"{""date_order_invalid"": false, ""end_date"": ""2027-04-28"", ""policy_type"": ""Third Party"", ""premium"": 54139, ""start_date"": ""2025-01-04""}"
policy:POL0023,Policy,POL0023,"{""date_order_invalid"": false, ""end_date"": ""2027-03-13"", ""policy_type"": ""Third Party"", ""premium"": 85545, ""start_date"": ""2025-07-19""}"
policy:POL0024,Policy,POL0024,"{""date_order_invalid"": false, ""end_date"": ""2026-10-07"", ""policy_type"": ""Zero Dep"", ""premium"": 43906, ""start_date"": ""2026-01-12""}"
policy:POL0025,Policy,POL0025,"{""date_order_invalid"": false, ""end_date"": ""2026-05-20"", ""policy_type"": ""Third Party"", ""premium"": 78654, ""start_date"": ""2025-04-23""}"
policy:POL0026,Policy,POL0026,"{""date_order_invalid"": false, ""end_date"": ""2026-06-22"", ""policy_type"": ""Zero Dep"", ""premium"": 67994, ""start_date"": ""2025-07-19""}"
policy:POL0027,Policy,POL0027,"{""date_order_invalid"": false, ""end_date"": ""2027-03-07"", ""policy_type"": ""Third Party"", ""premium"": 31728, ""start_date"": ""2025-03-26""}"
policy:POL0028,Policy,POL0028,"{""date_order_invalid"": false, ""end_date"": ""2026-01-14"", ""policy_type"": ""Third Party"", ""premium"": 88975, ""start_date"": ""2025-10-01""}"
policy:POL0029,Policy,POL0029,"{""date_order_invalid"": false, ""end_date"": ""2026-02-12"", ""policy_type"": ""Zero Dep"", ""premium"": 71179, ""start_date"": ""2025-01-14""}"
policy:POL0030,Policy,POL0030,"{""date_order_invalid"": false, ""end_date"": ""2026-08-25"", ""policy_type"": ""Comprehensive"", ""premium"": 21590, ""start_date"": ""2026-03-20""}"
policy:POL0031,Policy,POL0031,"{""date_order_invalid"": false, ""end_date"": ""2026-06-17"", ""policy_type"": ""Comprehensive"", ""premium"": 74598, ""start_date"": ""2025-07-14""}"
policy:POL0032,Policy,POL0032,"{""date_order_invalid"": false, ""end_date"": ""2027-01-25"", ""policy_type"": ""Third Party"", ""premium"": 51471, ""start_date"": ""2025-06-22""}"
policy:POL0033,Policy,POL0033,"{""date_order_invalid"": false, ""end_date"": ""2027-03-02"", ""policy_type"": ""Third Party"", ""premium"": 48065, ""start_date"": ""2026-05-03""}"
policy:POL0034,Policy,POL0034,"{""date_order_invalid"": false, ""end_date"": ""2026-08-29"", ""policy_type"": ""Comprehensive"", ""premium"": 85702, ""start_date"": ""2025-02-11""}"
policy:POL0035,Policy,POL0035,"{""date_order_invalid"": false, ""end_date"": ""2026-06-29"", ""policy_type"": ""Comprehensive"", ""premium"": 23993, ""start_date"": ""2026-05-03""}"
policy:POL0036,Policy,POL0036,"{""date_order_invalid"": false, ""end_date"": ""2026-11-30"", ""policy_type"": ""Comprehensive"", ""premium"": 19067, ""start_date"": ""2026-05-06""}"
policy:POL0037,Policy,POL0037,"{""date_order_invalid"": false, ""end_date"": ""2027-03-06"", ""policy_type"": ""Comprehensive"", ""premium"": 34973, ""start_date"": ""2025-04-13""}"
policy:POL0038,Policy,POL0038,"{""date_order_invalid"": false, ""end_date"": ""2026-08-31"", ""policy_type"": ""Zero Dep"", ""premium"": 29993, ""start_date"": ""2025-03-06""}"
policy:POL0039,Policy,POL0039,"{""date_order_invalid"": true, ""end_date"": ""2026-04-22"", ""policy_type"": ""Third Party"", ""premium"": 48586, ""start_date"": ""2026-05-01""}"
policy:POL0040,Policy,POL0040,"{""date_order_invalid"": false, ""end_date"": ""2026-03-27"", ""policy_type"": ""Zero Dep"", ""premium"": 30012, ""start_date"": ""2025-07-08""}"
policy:POL0041,Policy,POL0041,"{""date_order_invalid"": false, ""end_date"": ""2026-03-25"", ""policy_type"": ""Third Party"", ""premium"": 29168, ""start_date"": ""2026-02-24""}"
policy:POL0042,Policy,POL0042,"{""date_order_invalid"": false, ""end_date"": ""2027-04-21"", ""policy_type"": ""Third Party"", ""premium"": 64192, ""start_date"": ""2025-01-14""}"
policy:POL0043,Policy,POL0043,"{""date_order_invalid"": false, ""end_date"": ""2027-01-02"", ""policy_type"": ""Comprehensive"", ""premium"": 24961, ""start_date"": ""2026-04-28""}"
policy:POL0044,Policy,POL0044,"{""date_order_invalid"": false, ""end_date"": ""2027-03-02"", ""policy_type"": ""Zero Dep"", ""premium"": 46830, ""start_date"": ""2025-12-20""}"
policy:POL0045,Policy,POL0045,"{""date_order_invalid"": false, ""end_date"": ""2027-01-31"", ""policy_type"": ""Third Party"", ""premium"": 30866, ""start_date"": ""2025-12-23""}"
policy:POL0046,Policy,POL0046,"{""date_order_invalid"": false, ""end_date"": ""2027-02-05"", ""policy_type"": ""Comprehensive"", ""premium"": 60508, ""start_date"": ""2025-10-17""}"
policy:POL0047,Policy,POL0047,"{""date_order_invalid"": false, ""end_date"": ""2026-12-05"", ""policy_type"": ""Third Party"", ""premium"": 24038, ""start_date"": ""2025-08-08""}"
policy:POL0048,Policy,POL0048,"{""date_order_invalid"": false, ""end_date"": ""2026-06-24"", ""policy_type"": ""Comprehensive"", ""premium"": 70057, ""start_date"": ""2025-11-28""}"
policy:POL0049,Policy,POL0049,"{""date_order_invalid"": false, ""end_date"": ""2026-02-24"", ""policy_type"": ""Third Party"", ""premium"": 62472, ""start_date"": ""2025-09-08""}"
policy:POL0050,Policy,POL0050,"{""date_order_invalid"": false, ""end_date"": ""2027-03-01"", ""policy_type"": ""Third Party"", ""premium"": 35052, ""start_date"": ""2026-04-02""}"
policy:POL0051,Policy,POL0051,"{""date_order_invalid"": false, ""end_date"": ""2027-01-11"", ""policy_type"": ""Zero Dep"", ""premium"": 50400, ""start_date"": ""2025-04-01""}"
policy:POL0052,Policy,POL0052,"{""date_order_invalid"": false, ""end_date"": ""2027-04-16"", ""policy_type"": ""Zero Dep"", ""premium"": 78372, ""start_date"": ""2026-02-18""}"
policy:POL0053,Policy,POL0053,"{""date_order_invalid"": false, ""end_date"": ""2027-02-27"", ""policy_type"": ""Zero Dep"", ""premium"": 50179, ""start_date"": ""2025-08-12""}"
policy:POL0054,Policy,POL0054,"{""date_order_invalid"": false, ""end_date"": ""2026-05-06"", ""policy_type"": ""Comprehensive"", ""premium"": 51559, ""start_date"": ""2026-03-13""}"
policy:POL0055,Policy,POL0055,"{""date_order_invalid"": false, ""end_date"": ""2026-05-05"", ""policy_type"": ""Third Party"", ""premium"": 89691, ""start_date"": ""2025-08-19""}"
policy:POL0056,Policy,POL0056,"{""date_order_invalid"": false, ""end_date"": ""2026-07-14"", ""policy_type"": ""Third Party"", ""premium"": 18761, ""start_date"": ""2025-12-09""}"
policy:POL0057,Policy,POL0057,"{""date_order_invalid"": false, ""end_date"": ""2026-06-16"", ""policy_type"": ""Comprehensive"", ""premium"": 78904, ""start_date"": ""2026-03-12""}"
policy:POL0058,Policy,POL0058,"{""date_order_invalid"": false, ""end_date"": ""2027-02-13"", ""policy_type"": ""Third Party"", ""premium"": 59608, ""start_date"": ""2025-07-01""}"
policy:POL0059,Policy,POL0059,"{""date_order_invalid"": false, ""end_date"": ""2026-11-02"", ""policy_type"": ""Zero Dep"", ""premium"": 51211, ""start_date"": ""2026-03-27""}"
policy:POL0060,Policy,POL0060,"{""date_order_invalid"": false, ""end_date"": ""2026-09-22"", ""policy_type"": ""Comprehensive"", ""premium"": 26221, ""start_date"": ""2025-01-06""}"
policy:POL0061,Policy,POL0061,"{""date_order_invalid"": false, ""end_date"": ""2026-07-28"", ""policy_type"": ""Third Party"", ""premium"": 87768, ""start_date"": ""2026-01-04""}"
policy:POL0062,Policy,POL0062,"{""date_order_invalid"": false, ""end_date"": ""2026-12-20"", ""policy_type"": ""Third Party"", ""premium"": 79332, ""start_date"": ""2025-05-04""}"
policy:POL0063,Policy,POL0063,"{""date_order_invalid"": true, ""end_date"": ""2026-01-09"", ""policy_type"": ""Comprehensive"", ""premium"": 53566, ""start_date"": ""2026-02-10""}"
policy:POL0064,Policy,POL0064,"{""date_order_invalid"": false, ""end_date"": ""2026-12-21"", ""policy_type"": ""Comprehensive"", ""premium"": 55135, ""start_date"": ""2025-07-27""}"
policy:POL0065,Policy,POL0065,"{""date_order_invalid"": false, ""end_date"": ""2026-07-08"", ""policy_type"": ""Third Party"", ""premium"": 87544, ""start_date"": ""2025-10-25""}"
policy:POL0066,Policy,POL0066,"{""date_order_invalid"": false, ""end_date"": ""2026-08-06"", ""policy_type"": ""Zero Dep"", ""premium"": 87140, ""start_date"": ""2025-06-26""}"
policy:POL0067,Policy,POL0067,"{""date_order_invalid"": false, ""end_date"": ""2026-12-26"", ""policy_type"": ""Third Party"", ""premium"": 50509, ""start_date"": ""2025-06-30""}"
policy:POL0068,Policy,POL0068,"{""date_order_invalid"": false, ""end_date"": ""2026-04-29"", ""policy_type"": ""Comprehensive"", ""premium"": 40242, ""start_date"": ""2025-05-09""}"
policy:POL0069,Policy,POL0069,"{""date_order_invalid"": false, ""end_date"": ""2027-01-16"", ""policy_type"": ""Zero Dep"", ""premium"": 39267, ""start_date"": ""2025-03-03""}"
policy:POL0070,Policy,POL0070,"{""date_order_invalid"": false, ""end_date"": ""2027-01-14"", ""policy_type"": ""Third Party"", ""premium"": 51241, ""start_date"": ""2025-04-21""}"
policy:POL0071,Policy,POL0071,"{""date_order_invalid"": false, ""end_date"": ""2027-05-16"", ""policy_type"": ""Zero Dep"", ""premium"": 52093, ""start_date"": ""2025-10-29""}"
policy:POL0072,Policy,POL0072,"{""date_order_invalid"": false, ""end_date"": ""2026-04-10"", ""policy_type"": ""Third Party"", ""premium"": 44816, ""start_date"": ""2026-03-03""}"
policy:POL0073,Policy,POL0073,"{""date_order_invalid"": false, ""end_date"": ""2026-06-04"", ""policy_type"": ""Comprehensive"", ""premium"": 85010, ""start_date"": ""2025-04-02""}"
policy:POL0074,Policy,POL0074,"{""date_order_invalid"": false, ""end_date"": ""2026-01-24"", ""policy_type"": ""Comprehensive"", ""premium"": 87529, ""start_date"": ""2025-05-21""}"
policy:POL0075,Policy,POL0075,"{""date_order_invalid"": false, ""end_date"": ""2027-04-29"", ""policy_type"": ""Comprehensive"", ""premium"": 79340, ""start_date"": ""2025-12-24""}"
policy:POL0076,Policy,POL0076,"{""date_order_invalid"": true, ""end_date"": ""2026-01-07"", ""policy_type"": ""Zero Dep"", ""premium"": 52268, ""start_date"": ""2026-03-23""}"
policy:POL0077,Policy,POL0077,"{""date_order_invalid"": false, ""end_date"": ""2026-08-14"", ""policy_type"": ""Third Party"", ""premium"": 39164, ""start_date"": ""2025-09-03""}"
policy:POL0078,Policy,POL0078,"{""date_order_invalid"": false, ""end_date"": ""2027-04-27"", ""policy_type"": ""Third Party"", ""premium"": 29953, ""start_date"": ""2025-05-10""}"
policy:POL0079,Policy,POL0079,"{""date_order_invalid"": false, ""end_date"": ""2026-07-25"", ""policy_type"": ""Third Party"", ""premium"": 24710, ""start_date"": ""2025-02-03""}"
policy:POL0080,Policy,POL0080,"{""date_order_invalid"": false, ""end_date"": ""2026-12-18"", ""policy_type"": ""Comprehensive"", ""premium"": 34887, ""start_date"": ""2025-11-19""}"
policy:POL0081,Policy,POL0081,"{""date_order_invalid"": false, ""end_date"": ""2026-10-16"", ""policy_type"": ""Third Party"", ""premium"": 26164, ""start_date"": ""2026-02-20""}"
policy:POL0082,Policy,POL0082,"{""date_order_invalid"": false, ""end_date"": ""2026-10-13"", ""policy_type"": ""Third Party"", ""premium"": 44581, ""start_date"": ""2025-03-02""}"
policy:POL0083,Policy,POL0083,"{""date_order_invalid"": false, ""end_date"": ""2026-07-14"", ""policy_type"": ""Third Party"", ""premium"": 73028, ""start_date"": ""2025-09-25""}"
policy:POL0084,Policy,POL0084,"{""date_order_invalid"": false, ""end_date"": ""2026-10-29"", ""policy_type"": ""Third Party"", ""premium"": 55026, ""start_date"": ""2026-03-17""}"
policy:POL0085,Policy,POL0085,"{""date_order_invalid"": false, ""end_date"": ""2026-01-31"", ""policy_type"": ""Zero Dep"", ""premium"": 28006, ""start_date"": ""2025-11-14""}"
policy:POL0086,Policy,POL0086,"{""date_order_invalid"": false, ""end_date"": ""2026-11-17"", ""policy_type"": ""Comprehensive"", ""premium"": 49687, ""start_date"": ""2025-04-17""}"
policy:POL0087,Policy,POL0087,"{""date_order_invalid"": false, ""end_date"": ""2026-03-22"", ""policy_type"": ""Comprehensive"", ""premium"": 37782, ""start_date"": ""2025-02-11""}"
policy:POL0088,Policy,POL0088,"{""date_order_invalid"": false, ""end_date"": ""2026-03-22"", ""policy_type"": ""Comprehensive"", ""premium"": 68545, ""start_date"": ""2025-02-08""}"
policy:POL0089,Policy,POL0089,"{""date_order_invalid"": false, ""end_date"": ""2026-11-01"", ""policy_type"": ""Third Party"", ""premium"": 53175, ""start_date"": ""2025-12-19""}"
policy:POL0090,Policy,POL0090,"{""date_order_invalid"": false, ""end_date"": ""2026-05-28"", ""policy_type"": ""Zero Dep"", ""premium"": 52056, ""start_date"": ""2025-04-29""}"
policy:POL0091,Policy,POL0091,"{""date_order_invalid"": false, ""end_date"": ""2026-08-21"", ""policy_type"": ""Comprehensive"", ""premium"": 45595, ""start_date"": ""2026-03-17""}"
policy:POL0092,Policy,POL0092,"{""date_order_invalid"": false, ""end_date"": ""2027-02-08"", ""policy_type"": ""Zero Dep"", ""premium"": 40928, ""start_date"": ""2025-05-16""}"
policy:POL0093,Policy,POL0093,"{""date_order_invalid"": false, ""end_date"": ""2026-10-06"", ""policy_type"": ""Comprehensive"", ""premium"": 34528, ""start_date"": ""2025-02-28""}"
policy:POL0094,Policy,POL0094,"{""date_order_invalid"": false, ""end_date"": ""2027-02-28"", ""policy_type"": ""Comprehensive"", ""premium"": 24359, ""start_date"": ""2025-05-17""}"
policy:POL0095,Policy,POL0095,"{""date_order_invalid"": false, ""end_date"": ""2027-02-10"", ""policy_type"": ""Third Party"", ""premium"": 89607, ""start_date"": ""2025-03-26""}"
policy:POL0096,Policy,POL0096,"{""date_order_invalid"": false, ""end_date"": ""2026-08-13"", ""policy_type"": ""Comprehensive"", ""premium"": 76433, ""start_date"": ""2025-05-28""}"
policy:POL0097,Policy,POL0097,"{""date_order_invalid"": false, ""end_date"": ""2026-12-25"", ""policy_type"": ""Third Party"", ""premium"": 50683, ""start_date"": ""2025-06-05""}"
policy:POL0098,Policy,POL0098,"{""date_order_invalid"": false, ""end_date"": ""2026-09-10"", ""policy_type"": ""Third Party"", ""premium"": 25543, ""start_date"": ""2025-10-04""}"
policy:POL0099,Policy,POL0099,"{""date_order_invalid"": false, ""end_date"": ""2027-04-01"", ""policy_type"": ""Third Party"", ""premium"": 57247, ""start_date"": ""2025-01-21""}"
policy:POL0100,Policy,POL0100,"{""date_order_invalid"": false, ""end_date"": ""2026-01-14"", ""policy_type"": ""Comprehensive"", ""premium"": 45005, ""start_date"": ""2025-05-09""}"
policy:POL0101,Policy,POL0101,"{""date_order_invalid"": false, ""end_date"": ""2027-03-17"", ""policy_type"": ""Zero Dep"", ""premium"": 17719, ""start_date"": ""2026-03-05""}"
policy:POL0102,Policy,POL0102,"{""date_order_invalid"": false, ""end_date"": ""2027-02-25"", ""policy_type"": ""Third Party"", ""premium"": 20273, ""start_date"": ""2025-12-11""}"
policy:POL0103,Policy,POL0103,"{""date_order_invalid"": false, ""end_date"": ""2026-03-31"", ""policy_type"": ""Third Party"", ""premium"": 83021, ""start_date"": ""2026-01-23""}"
policy:POL0104,Policy,POL0104,"{""date_order_invalid"": false, ""end_date"": ""2027-04-15"", ""policy_type"": ""Third Party"", ""premium"": 38788, ""start_date"": ""2025-08-15""}"
policy:POL0105,Policy,POL0105,"{""date_order_invalid"": false, ""end_date"": ""2026-11-22"", ""policy_type"": ""Third Party"", ""premium"": 26959, ""start_date"": ""2025-08-12""}"
policy:POL0106,Policy,POL0106,"{""date_order_invalid"": false, ""end_date"": ""2026-07-29"", ""policy_type"": ""Third Party"", ""premium"": 57081, ""start_date"": ""2025-06-28""}"
policy:POL0107,Policy,POL0107,"{""date_order_invalid"": false, ""end_date"": ""2027-03-16"", ""policy_type"": ""Comprehensive"", ""premium"": 58228, ""start_date"": ""2025-02-23""}"
policy:POL0108,Policy,POL0108,"{""date_order_invalid"": false, ""end_date"": ""2026-09-11"", ""policy_type"": ""Third Party"", ""premium"": 67488, ""start_date"": ""2025-12-22""}"
policy:POL0109,Policy,POL0109,"{""date_order_invalid"": false, ""end_date"": ""2026-10-09"", ""policy_type"": ""Comprehensive"", ""premium"": 74614, ""start_date"": ""2026-01-25""}"
policy:POL0110,Policy,POL0110,"{""date_order_invalid"": false, ""end_date"": ""2026-05-10"", ""policy_type"": ""Third Party"", ""premium"": 30194, ""start_date"": ""2025-06-11""}"
policy:POL0111,Policy,POL0111,"{""date_order_invalid"": false, ""end_date"": ""2027-03-19"", ""policy_type"": ""Zero Dep"", ""premium"": 15150, ""start_date"": ""2025-07-26""}"
policy:POL0112,Policy,POL0112,"{""date_order_invalid"": false, ""end_date"": ""2026-10-05"", ""policy_type"": ""Third Party"", ""premium"": 69165, ""start_date"": ""2026-03-22""}"
policy:POL0113,Policy,POL0113,"{""date_order_invalid"": false, ""end_date"": ""2026-09-23"", ""policy_type"": ""Third Party"", ""premium"": 80338, ""start_date"": ""2025-04-07""}"
policy:POL0114,Policy,POL0114,"{""date_order_invalid"": false, ""end_date"": ""2027-01-25"", ""policy_type"": ""Comprehensive"", ""premium"": 41680, ""start_date"": ""2025-08-15""}"
policy:POL0115,Policy,POL0115,"{""date_order_invalid"": false, ""end_date"": ""2026-03-09"", ""policy_type"": ""Third Party"", ""premium"": 72424, ""start_date"": ""2025-10-09""}"
policy:POL0116,Policy,POL0116,"{""date_order_invalid"": false, ""end_date"": ""2026-09-06"", ""policy_type"": ""Comprehensive"", ""premium"": 18783, ""start_date"": ""2025-12-24""}"
policy:POL0117,Policy,POL0117,"{""date_order_invalid"": false, ""end_date"": ""2027-02-14"", ""policy_type"": ""Comprehensive"", ""premium"": 35758, ""start_date"": ""2025-11-08""}"
policy:POL0118,Policy,POL0118,"{""date_order_invalid"": false, ""end_date"": ""2026-01-08"", ""policy_type"": ""Zero Dep"", ""premium"": 68476, ""start_date"": ""2025-10-10""}"
policy:POL0119,Policy,POL0119,"{""date_order_invalid"": false, ""end_date"": ""2027-03-07"", ""policy_type"": ""Comprehensive"", ""premium"": 75482, ""start_date"": ""2025-04-26""}"
policy:POL0120,Policy,POL0120,"{""date_order_invalid"": false, ""end_date"": ""2027-03-03"", ""policy_type"": ""Comprehensive"", ""premium"": 80323, ""start_date"": ""2025-11-28""}"
policy:POL0121,Policy,POL0121,"{""date_order_invalid"": false, ""end_date"": ""2026-05-30"", ""policy_type"": ""Zero Dep"", ""premium"": 50838, ""start_date"": ""2026-01-02""}"
policy:POL0122,Policy,POL0122,"{""date_order_invalid"": false, ""end_date"": ""2026-09-05"", ""policy_type"": ""Third Party"", ""premium"": 46946, ""start_date"": ""2026-03-04""}"
policy:POL0123,Policy,POL0123,"{""date_order_invalid"": false, ""end_date"": ""2026-03-16"", ""policy_type"": ""Third Party"", ""premium"": 39983, ""start_date"": ""2025-10-10""}"
policy:POL0124,Policy,POL0124,"{""date_order_invalid"": false, ""end_date"": ""2026-09-18"", ""policy_type"": ""Zero Dep"", ""premium"": 32892, ""start_date"": ""2025-11-03""}"
policy:POL0125,Policy,POL0125,"{""date_order_invalid"": false, ""end_date"": ""2026-05-22"", ""policy_type"": ""Third Party"", ""premium"": 59548, ""start_date"": ""2025-02-05""}"
policy:POL0126,Policy,POL0126,"{""date_order_invalid"": false, ""end_date"": ""2026-09-17"", ""policy_type"": ""Third Party"", ""premium"": 15336, ""start_date"": ""2026-02-08""}"
policy:POL0127,Policy,POL0127,"{""date_order_invalid"": false, ""end_date"": ""2026-06-02"", ""policy_type"": ""Zero Dep"", ""premium"": 79178, ""start_date"": ""2026-01-07""}"
policy:POL0128,Policy,POL0128,"{""date_order_invalid"": false, ""end_date"": ""2026-08-17"", ""policy_type"": ""Zero Dep"", ""premium"": 78483, ""start_date"": ""2025-03-18""}"
policy:POL0129,Policy,POL0129,"{""date_order_invalid"": false, ""end_date"": ""2026-10-10"", ""policy_type"": ""Zero Dep"", ""premium"": 64441, ""start_date"": ""2025-06-20""}"
policy:POL0130,Policy,POL0130,"{""date_order_invalid"": false, ""end_date"": ""2026-06-14"", ""policy_type"": ""Comprehensive"", ""premium"": 46300, ""start_date"": ""2026-04-23""}"
policy:POL0131,Policy,POL0131,"{""date_order_invalid"": false, ""end_date"": ""2026-04-30"", ""policy_type"": ""Third Party"", ""premium"": 20720, ""start_date"": ""2025-07-16""}"
policy:POL0132,Policy,POL0132,"{""date_order_invalid"": false, ""end_date"": ""2026-08-31"", ""policy_type"": ""Zero Dep"", ""premium"": 64968, ""start_date"": ""2026-01-17""}"
policy:POL0133,Policy,POL0133,"{""date_order_invalid"": false, ""end_date"": ""2027-02-10"", ""policy_type"": ""Zero Dep"", ""premium"": 34936, ""start_date"": ""2025-12-06""}"
policy:POL0134,Policy,POL0134,"{""date_order_invalid"": true, ""end_date"": ""2026-01-19"", ""policy_type"": ""Comprehensive"", ""premium"": 80836, ""start_date"": ""2026-05-09""}"
policy:POL0135,Policy,POL0135,"{""date_order_invalid"": false, ""end_date"": ""2027-03-22"", ""policy_type"": ""Comprehensive"", ""premium"": 72711, ""start_date"": ""2025-06-19""}"
policy:POL0136,Policy,POL0136,"{""date_order_invalid"": false, ""end_date"": ""2027-04-12"", ""policy_type"": ""Third Party"", ""premium"": 17011, ""start_date"": ""2025-09-27""}"
policy:POL0137,Policy,POL0137,"{""date_order_invalid"": false, ""end_date"": ""2026-07-29"", ""policy_type"": ""Zero Dep"", ""premium"": 35232, ""start_date"": ""2025-03-15""}"
policy:POL0138,Policy,POL0138,"{""date_order_invalid"": false, ""end_date"": ""2027-02-05"", ""policy_type"": ""Third Party"", ""premium"": 59375, ""start_date"": ""2025-08-29""}"
policy:POL0139,Policy,POL0139,"{""date_order_invalid"": false, ""end_date"": ""2026-07-23"", ""policy_type"": ""Zero Dep"", ""premium"": 25527, ""start_date"": ""2025-12-21""}"
policy:POL0140,Policy,POL0140,"{""date_order_invalid"": false, ""end_date"": ""2027-03-13"", ""policy_type"": ""Zero Dep"", ""premium"": 84942, ""start_date"": ""2025-06-18""}"
vehicle:VEH0001,Vehicle,VEH0001,"{""make"": ""Tata"", ""model_year"": 2019.0, ""registration_no"": ""MH351588"", ""vehicle_type"": ""MUV""}"
vehicle:VEH0002,Vehicle,VEH0002,"{""make"": ""Tata"", ""model_year"": 2024.0, ""registration_no"": ""MH482480"", ""vehicle_type"": ""Sedan""}"
vehicle:VEH0003,Vehicle,VEH0003,"{""make"": ""Maruti"", ""model_year"": 2018.0, ""registration_no"": ""MH115906"", ""vehicle_type"": ""MUV""}"
vehicle:VEH0004,Vehicle,VEH0004,"{""make"": ""Tata"", ""model_year"": 2023.0, ""registration_no"": ""MH196873"", ""vehicle_type"": ""Hatchback""}"
vehicle:VEH0005,Vehicle,VEH0005,"{""make"": ""Hyundai"", ""model_year"": 2020.0, ""registration_no"": ""MH347751"", ""vehicle_type"": ""Sedan""}"
vehicle:VEH0006,Vehicle,VEH0006,"{""make"": ""Hyundai"", ""model_year"": 2021.0, ""registration_no"": ""MH407267"", ""vehicle_type"": ""Hatchback""}"
vehicle:VEH0007,Vehicle,VEH0007,"{""make"": ""Mahindra"", ""model_year"": 2022.0, ""registration_no"": ""MH158555"", ""vehicle_type"": ""Sedan""}"
vehicle:VEH0008,Vehicle,VEH0008,"{""make"": ""Tata"", ""model_year"": 2022.0, ""registration_no"": ""MH528622"", ""vehicle_type"": ""Hatchback""}"
vehicle:VEH0009,Vehicle,VEH0009,"{""make"": ""Mahindra"", ""model_year"": 2023.0, ""registration_no"": ""MH058237"", ""vehicle_type"": ""Sedan""}"
vehicle:VEH0010,Vehicle,VEH0010,"{""make"": ""Tata"", ""model_year"": 2025.0, ""registration_no"": ""MH455097"", ""vehicle_type"": ""MUV""}"
vehicle:VEH0011,Vehicle,VEH0011,"{""make"": ""Tata"", ""model_year"": 2019.0, ""registration_no"": ""MH258916"", ""vehicle_type"": ""Sedan""}"
vehicle:VEH0012,Vehicle,VEH0012,"{""make"": ""Honda"", ""model_year"": 2022.0, ""registration_no"": ""MH375847"", ""vehicle_type"": ""SUV""}"
vehicle:VEH0013,Vehicle,VEH0013,"{""make"": ""Honda"", ""model_year"": 2025.0, ""registration_no"": ""MH011803"", ""vehicle_type"": ""SUV""}"
vehicle:VEH0014,Vehicle,VEH0014,"{""make"": ""Tata"", ""model_year"": 2021.0, ""registration_no"": ""MH396772"", ""vehicle_type"": ""Sedan""}"
vehicle:VEH0015,Vehicle,VEH0015,"{""make"": ""Hyundai"", ""model_year"": 2019.0, ""registration_no"": ""MH443240"", ""vehicle_type"": ""SUV""}"
vehicle:VEH0016,Vehicle,VEH0016,"{""make"": ""Maruti"", ""model_year"": 2018.0, ""registration_no"": ""MH518222"", ""vehicle_type"": ""SUV""}"
vehicle:VEH0017,Vehicle,VEH0017,"{""make"": ""Tata"", ""model_year"": 2023.0, ""registration_no"": ""MH065835"", ""vehicle_type"": ""Sedan""}"
vehicle:VEH0018,Vehicle,VEH0018,"{""make"": ""Honda"", ""model_year"": 2023.0, ""registration_no"": ""MH133165"", ""vehicle_type"": ""Sedan""}"
vehicle:VEH0019,Vehicle,VEH0019,"{""make"": ""Mahindra"", ""model_year"": 2022.0, ""registration_no"": ""MH543695"", ""vehicle_type"": ""SUV""}"
vehicle:VEH0020,Vehicle,VEH0020,"{""make"": ""Honda"", ""model_year"": 2019.0, ""registration_no"": ""MH486549"", ""vehicle_type"": ""SUV""}"
vehicle:VEH0021,Vehicle,VEH0021,"{""make"": ""Maruti"", ""model_year"": 2024.0, ""registration_no"": ""MH494696"", ""vehicle_type"": ""Sedan""}"
vehicle:VEH0022,Vehicle,VEH0022,"{""make"": ""Mahindra"", ""model_year"": 2018.0, ""registration_no"": ""MH067464"", ""vehicle_type"": ""SUV""}"
vehicle:VEH0023,Vehicle,VEH0023,"{""make"": ""Mahindra"", ""model_year"": 2022.0, ""registration_no"": ""MH307038"", ""vehicle_type"": ""Hatchback""}"
vehicle:VEH0024,Vehicle,VEH0024,"{""make"": ""Honda"", ""model_year"": 2025.0, ""registration_no"": ""MH074830"", ""vehicle_type"": ""SUV""}"
vehicle:VEH0025,Vehicle,VEH0025,"{""make"": ""Mahindra"", ""model_year"": 2019.0, ""registration_no"": ""MH404626"", ""vehicle_type"": ""SUV""}"
vehicle:VEH0026,Vehicle,VEH0026,"{""make"": ""Honda"", ""model_year"": 2019.0, ""registration_no"": ""MH427689"", ""vehicle_type"": ""SUV""}"
vehicle:VEH0027,Vehicle,VEH0027,"{""make"": ""Maruti"", ""model_year"": 2019.0, ""registration_no"": ""MH209071"", ""vehicle_type"": ""Hatchback""}"
vehicle:VEH0028,Vehicle,VEH0028,"{""make"": ""Hyundai"", ""model_year"": 2023.0, ""registration_no"": ""MH258432"", ""vehicle_type"": ""Sedan""}"
vehicle:VEH0029,Vehicle,VEH0029,"{""make"": ""Mahindra"", ""model_year"": 2024.0, ""registration_no"": ""MH383531"", ""vehicle_type"": ""MUV""}"
vehicle:VEH0030,Vehicle,VEH0030,"{""make"": ""Maruti"", ""model_year"": 2022.0, ""registration_no"": ""MH407686"", ""vehicle_type"": ""MUV""}"
vehicle:VEH0031,Vehicle,VEH0031,"{""make"": ""Tata"", ""model_year"": 2021.0, ""registration_no"": ""MH298285"", ""vehicle_type"": ""Sedan""}"
vehicle:VEH0032,Vehicle,VEH0032,"{""make"": ""Tata"", ""model_year"": 2023.0, ""registration_no"": ""MH447018"", ""vehicle_type"": ""Hatchback""}"
vehicle:VEH0033,Vehicle,VEH0033,"{""make"": ""Honda"", ""model_year"": 2025.0, ""registration_no"": ""MH133001"", ""vehicle_type"": ""SUV""}"
vehicle:VEH0034,Vehicle,VEH0034,"{""make"": ""Hyundai"", ""model_year"": 2021.0, ""registration_no"": ""MH046464"", ""vehicle_type"": ""Hatchback""}"
vehicle:VEH0035,Vehicle,VEH0035,"{""make"": ""Mahindra"", ""model_year"": 2021.0, ""registration_no"": ""MH054394"", ""vehicle_type"": ""Sedan""}"
vehicle:VEH0036,Vehicle,VEH0036,"{""make"": ""Hyundai"", ""model_year"": 2018.0, ""registration_no"": ""MH503417"", ""vehicle_type"": ""SUV""}"
vehicle:VEH0037,Vehicle,VEH0037,"{""make"": ""Hyundai"", ""model_year"": 2020.0, ""registration_no"": ""MH355106"", ""vehicle_type"": ""Sedan""}"
vehicle:VEH0038,Vehicle,VEH0038,"{""make"": ""Maruti"", ""model_year"": 2021.0, ""registration_no"": ""MH016869"", ""vehicle_type"": ""Sedan""}"
vehicle:VEH0039,Vehicle,VEH0039,"{""make"": ""Tata"", ""model_year"": 2018.0, ""registration_no"": ""MH125347"", ""vehicle_type"": ""Hatchback""}"
vehicle:VEH0040,Vehicle,VEH0040,"{""make"": ""Honda"", ""model_year"": 2025.0, ""registration_no"": ""MH482041"", ""vehicle_type"": ""Hatchback""}"
vehicle:VEH0041,Vehicle,VEH0041,"{""make"": ""Tata"", ""model_year"": 2021.0, ""registration_no"": ""MH299254"", ""vehicle_type"": ""Hatchback""}"
vehicle:VEH0042,Vehicle,VEH0042,"{""make"": ""Maruti"", ""model_year"": 2018.0, ""registration_no"": ""MH301510"", ""vehicle_type"": ""SUV""}"
vehicle:VEH0043,Vehicle,VEH0043,"{""make"": ""Honda"", ""model_year"": 2025.0, ""registration_no"": ""MH442768"", ""vehicle_type"": ""MUV""}"
vehicle:VEH0044,Vehicle,VEH0044,"{""make"": ""Honda"", ""model_year"": 2020.0, ""registration_no"": ""MH066277"", ""vehicle_type"": ""Hatchback""}"
vehicle:VEH0045,Vehicle,VEH0045,"{""make"": ""Hyundai"", ""model_year"": 2023.0, ""registration_no"": ""MH409984"", ""vehicle_type"": ""SUV""}"
vehicle:VEH0046,Vehicle,VEH0046,"{""make"": ""Mahindra"", ""model_year"": 2024.0, ""registration_no"": ""MH309282"", ""vehicle_type"": ""SUV""}"
vehicle:VEH0047,Vehicle,VEH0047,"{""make"": ""Maruti"", ""model_year"": 2021.0, ""registration_no"": ""MH288398"", ""vehicle_type"": ""Sedan""}"
vehicle:VEH0048,Vehicle,VEH0048,"{""make"": ""Tata"", ""model_year"": 2019.0, ""registration_no"": ""MH267815"", ""vehicle_type"": ""MUV""}"
vehicle:VEH0049,Vehicle,VEH0049,"{""make"": ""Honda"", ""model_year"": 2023.0, ""registration_no"": ""MH435176"", ""vehicle_type"": ""SUV""}"
vehicle:VEH0050,Vehicle,VEH0050,"{""make"": ""Honda"", ""model_year"": 2019.0, ""registration_no"": ""MH062398"", ""vehicle_type"": ""Hatchback""}"
vehicle:VEH0051,Vehicle,VEH0051,"{""make"": ""Maruti"", ""model_year"": 2018.0, ""registration_no"": ""MH523131"", ""vehicle_type"": ""SUV""}"
vehicle:VEH0052,Vehicle,VEH0052,"{""make"": ""Mahindra"", ""model_year"": 2024.0, ""registration_no"": ""MH433002"", ""vehicle_type"": ""SUV""}"
vehicle:VEH0053,Vehicle,VEH0053,"{""make"": ""Honda"", ""model_year"": 2023.0, ""registration_no"": ""MH196119"", ""vehicle_type"": ""Hatchback""}"
vehicle:VEH0054,Vehicle,VEH0054,"{""make"": ""Mahindra"", ""model_year"": 2021.0, ""registration_no"": ""MH108900"", ""vehicle_type"": ""Sedan""}"
vehicle:VEH0055,Vehicle,VEH0055,"{""make"": ""Maruti"", ""model_year"": 2019.0, ""registration_no"": ""MH557022"", ""vehicle_type"": ""SUV""}"
vehicle:VEH0056,Vehicle,VEH0056,"{""make"": ""Tata"", ""model_year"": 2018.0, ""registration_no"": ""MH528030"", ""vehicle_type"": ""Sedan""}"
vehicle:VEH0057,Vehicle,VEH0057,"{""make"": ""Tata"", ""model_year"": 2022.0, ""registration_no"": ""MH125477"", ""vehicle_type"": ""Hatchback""}"
vehicle:VEH0058,Vehicle,VEH0058,"{""make"": ""Tata"", ""model_year"": 2020.0, ""registration_no"": ""MH013972"", ""vehicle_type"": ""SUV""}"
vehicle:VEH0059,Vehicle,VEH0059,"{""make"": ""Honda"", ""model_year"": 2019.0, ""registration_no"": ""MH101502"", ""vehicle_type"": ""Hatchback""}"
vehicle:VEH0060,Vehicle,VEH0060,"{""make"": ""Mahindra"", ""model_year"": 2025.0, ""registration_no"": ""MH257878"", ""vehicle_type"": ""Sedan""}"
vehicle:VEH0061,Vehicle,VEH0061,"{""make"": ""Hyundai"", ""model_year"": 2019.0, ""registration_no"": ""MH206314"", ""vehicle_type"": ""SUV""}"
vehicle:VEH0062,Vehicle,VEH0062,"{""make"": ""Maruti"", ""model_year"": 2019.0, ""registration_no"": ""MH111815"", ""vehicle_type"": ""Sedan""}"
vehicle:VEH0063,Vehicle,VEH0063,"{""make"": ""Honda"", ""model_year"": 2024.0, ""registration_no"": ""MH328242"", ""vehicle_type"": ""MUV""}"
vehicle:VEH0064,Vehicle,VEH0064,"{""make"": ""Hyundai"", ""model_year"": 2019.0, ""registration_no"": ""MH238043"", ""vehicle_type"": ""Hatchback""}"
vehicle:VEH0065,Vehicle,VEH0065,"{""make"": ""Mahindra"", ""model_year"": 2018.0, ""registration_no"": ""MH346053"", ""vehicle_type"": ""MUV""}"
vehicle:VEH0066,Vehicle,VEH0066,"{""make"": ""Honda"", ""model_year"": 2022.0, ""registration_no"": ""MH014349"", ""vehicle_type"": ""Hatchback""}"
vehicle:VEH0067,Vehicle,VEH0067,"{""make"": ""Hyundai"", ""model_year"": 2019.0, ""registration_no"": ""MH196375"", ""vehicle_type"": ""SUV""}"
vehicle:VEH0068,Vehicle,VEH0068,"{""make"": ""Honda"", ""model_year"": 2024.0, ""registration_no"": ""MH123116"", ""vehicle_type"": ""MUV""}"
vehicle:VEH0069,Vehicle,VEH0069,"{""make"": ""Hyundai"", ""model_year"": 2018.0, ""registration_no"": ""MH057505"", ""vehicle_type"": ""SUV""}"
vehicle:VEH0070,Vehicle,VEH0070,"{""make"": ""Maruti"", ""model_year"": 2024.0, ""registration_no"": ""MH056129"", ""vehicle_type"": ""MUV""}"
vehicle:VEH0071,Vehicle,VEH0071,"{""make"": ""Honda"", ""model_year"": 2024.0, ""registration_no"": ""MH192887"", ""vehicle_type"": ""MUV""}"
vehicle:VEH0072,Vehicle,VEH0072,"{""make"": ""Tata"", ""model_year"": 2023.0, ""registration_no"": ""MH528538"", ""vehicle_type"": ""Sedan""}"
vehicle:VEH0073,Vehicle,VEH0073,"{""make"": ""Honda"", ""model_year"": 2024.0, ""registration_no"": ""MH168138"", ""vehicle_type"": ""Hatchback""}"
vehicle:VEH0074,Vehicle,VEH0074,"{""make"": ""Maruti"", ""model_year"": 2021.0, ""registration_no"": ""MH206562"", ""vehicle_type"": ""MUV""}"
vehicle:VEH0075,Vehicle,VEH0075,"{""make"": ""Hyundai"", ""model_year"": 2021.0, ""registration_no"": ""MH332868"", ""vehicle_type"": ""Hatchback""}"
vehicle:VEH0076,Vehicle,VEH0076,"{""make"": ""Tata"", ""model_year"": 2021.0, ""registration_no"": ""MH473419"", ""vehicle_type"": ""SUV""}"
vehicle:VEH0077,Vehicle,VEH0077,"{""make"": ""Hyundai"", ""model_year"": 2020.0, ""registration_no"": ""MH133842"", ""vehicle_type"": ""SUV""}"
vehicle:VEH0078,Vehicle,VEH0078,"{""make"": ""Maruti"", ""model_year"": 2025.0, ""registration_no"": ""MH509095"", ""vehicle_type"": ""Sedan""}"
vehicle:VEH0079,Vehicle,VEH0079,"{""make"": ""Mahindra"", ""model_year"": 2023.0, ""registration_no"": ""MH446295"", ""vehicle_type"": ""MUV""}"
vehicle:VEH0080,Vehicle,VEH0080,"{""make"": ""Honda"", ""model_year"": 2022.0, ""registration_no"": ""MH318245"", ""vehicle_type"": ""Hatchback""}"
vehicle:VEH0081,Vehicle,VEH0081,"{""make"": ""Tata"", ""model_year"": 2019.0, ""registration_no"": ""MH239312"", ""vehicle_type"": ""Hatchback""}"
vehicle:VEH0082,Vehicle,VEH0082,"{""make"": ""Honda"", ""model_year"": 2023.0, ""registration_no"": ""MH031932"", ""vehicle_type"": ""MUV""}"
vehicle:VEH0083,Vehicle,VEH0083,"{""make"": ""Tata"", ""model_year"": 2024.0, ""registration_no"": ""MH422479"", ""vehicle_type"": ""Hatchback""}"
vehicle:VEH0084,Vehicle,VEH0084,"{""make"": ""Mahindra"", ""model_year"": 2023.0, ""registration_no"": ""MH294084"", ""vehicle_type"": ""Hatchback""}"
vehicle:VEH0085,Vehicle,VEH0085,"{""make"": ""Honda"", ""model_year"": 2019.0, ""registration_no"": ""MH048381"", ""vehicle_type"": ""Sedan""}"
vehicle:VEH0086,Vehicle,VEH0086,"{""make"": ""Tata"", ""model_year"": 2018.0, ""registration_no"": ""MH333827"", ""vehicle_type"": ""Hatchback""}"
vehicle:VEH0087,Vehicle,VEH0087,"{""make"": ""Honda"", ""model_year"": 2020.0, ""registration_no"": ""MH349564"", ""vehicle_type"": ""MUV""}"
vehicle:VEH0088,Vehicle,VEH0088,"{""make"": ""Tata"", ""model_year"": 2023.0, ""registration_no"": ""MH257697"", ""vehicle_type"": ""SUV""}"
vehicle:VEH0089,Vehicle,VEH0089,"{""make"": ""Mahindra"", ""model_year"": 2019.0, ""registration_no"": ""MH516482"", ""vehicle_type"": ""Hatchback""}"
vehicle:VEH0090,Vehicle,VEH0090,"{""make"": ""Maruti"", ""model_year"": 2020.0, ""registration_no"": ""MH195128"", ""vehicle_type"": ""MUV""}"
vehicle:VEH0091,Vehicle,VEH0091,"{""make"": ""Maruti"", ""model_year"": 2024.0, ""registration_no"": ""MH236082"", ""vehicle_type"": ""Sedan""}"
vehicle:VEH0092,Vehicle,VEH0092,"{""make"": ""Mahindra"", ""model_year"": 2023.0, ""registration_no"": ""MH207171"", ""vehicle_type"": ""Hatchback""}"
vehicle:VEH0093,Vehicle,VEH0093,"{""make"": ""Hyundai"", ""model_year"": 2023.0, ""registration_no"": ""MH427937"", ""vehicle_type"": ""Hatchback""}"
vehicle:VEH0094,Vehicle,VEH0094,"{""make"": ""Tata"", ""model_year"": 2023.0, ""registration_no"": ""MH124509"", ""vehicle_type"": ""SUV""}"
vehicle:VEH0095,Vehicle,VEH0095,"{""make"": ""Honda"", ""model_year"": 2020.0, ""registration_no"": ""MH153253"", ""vehicle_type"": ""Sedan""}"
vehicle:VEH0096,Vehicle,VEH0096,"{""make"": ""Tata"", ""model_year"": 2018.0, ""registration_no"": ""MH339843"", ""vehicle_type"": ""Hatchback""}"
vehicle:VEH0097,Vehicle,VEH0097,"{""make"": ""Tata"", ""model_year"": 2020.0, ""registration_no"": ""MH397172"", ""vehicle_type"": ""Sedan""}"
vehicle:VEH0098,Vehicle,VEH0098,"{""make"": ""Hyundai"", ""model_year"": 2018.0, ""registration_no"": ""MH478170"", ""vehicle_type"": ""Sedan""}"
vehicle:VEH0099,Vehicle,VEH0099,"{""make"": ""Tata"", ""model_year"": 2025.0, ""registration_no"": ""MH295668"", ""vehicle_type"": ""Sedan""}"
vehicle:VEH0100,Vehicle,VEH0100,"{""make"": ""Mahindra"", ""model_year"": 2021.0, ""registration_no"": ""MH208684"", ""vehicle_type"": ""Sedan""}"
vehicle:VEH0101,Vehicle,VEH0101,"{""make"": ""Mahindra"", ""model_year"": 2024.0, ""registration_no"": ""MH305616"", ""vehicle_type"": ""MUV""}"
vehicle:VEH0102,Vehicle,VEH0102,"{""make"": ""Mahindra"", ""model_year"": 2020.0, ""registration_no"": ""MH114271"", ""vehicle_type"": ""MUV""}"
vehicle:VEH0103,Vehicle,VEH0103,"{""make"": ""Tata"", ""model_year"": 2023.0, ""registration_no"": ""MH428873"", ""vehicle_type"": ""Hatchback""}"
vehicle:VEH0104,Vehicle,VEH0104,"{""make"": ""Maruti"", ""model_year"": 2020.0, ""registration_no"": ""MH192374"", ""vehicle_type"": ""Hatchback""}"
vehicle:VEH0105,Vehicle,VEH0105,"{""make"": ""Honda"", ""model_year"": 2019.0, ""registration_no"": ""MH548167"", ""vehicle_type"": ""Sedan""}"
vehicle:VEH0106,Vehicle,VEH0106,"{""make"": ""Hyundai"", ""model_year"": 2024.0, ""registration_no"": ""MH231436"", ""vehicle_type"": ""MUV""}"
vehicle:VEH0107,Vehicle,VEH0107,"{""make"": ""Honda"", ""model_year"": 2019.0, ""registration_no"": ""MH167326"", ""vehicle_type"": ""SUV""}"
vehicle:VEH0108,Vehicle,VEH0108,"{""make"": ""Hyundai"", ""model_year"": 2023.0, ""registration_no"": ""MH212623"", ""vehicle_type"": ""Hatchback""}"
vehicle:VEH0109,Vehicle,VEH0109,"{""make"": ""Hyundai"", ""model_year"": 2025.0, ""registration_no"": ""MH035700"", ""vehicle_type"": ""Sedan""}"
vehicle:VEH0110,Vehicle,VEH0110,"{""make"": ""Hyundai"", ""model_year"": 2019.0, ""registration_no"": ""MH291086"", ""vehicle_type"": ""MUV""}"
vehicle:VEH0111,Vehicle,VEH0111,"{""make"": ""Tata"", ""model_year"": 2024.0, ""registration_no"": ""MH543449"", ""vehicle_type"": ""Sedan""}"
vehicle:VEH0112,Vehicle,VEH0112,"{""make"": ""Tata"", ""model_year"": 2018.0, ""registration_no"": ""MH202996"", ""vehicle_type"": ""Sedan""}"
vehicle:VEH0113,Vehicle,VEH0113,"{""make"": ""Honda"", ""model_year"": 2025.0, ""registration_no"": ""MH052816"", ""vehicle_type"": ""MUV""}"
vehicle:VEH0114,Vehicle,VEH0114,"{""make"": ""Mahindra"", ""model_year"": 2021.0, ""registration_no"": ""MH419443"", ""vehicle_type"": ""Hatchback""}"
vehicle:VEH0115,Vehicle,VEH0115,"{""make"": ""Hyundai"", ""model_year"": 2023.0, ""registration_no"": ""MH281025"", ""vehicle_type"": ""SUV""}"
vehicle:VEH0116,Vehicle,VEH0116,"{""make"": ""Mahindra"", ""model_year"": 2023.0, ""registration_no"": ""MH122402"", ""vehicle_type"": ""MUV""}"
vehicle:VEH0117,Vehicle,VEH0117,"{""make"": ""Mahindra"", ""model_year"": 2018.0, ""registration_no"": ""MH258702"", ""vehicle_type"": ""Hatchback""}"
vehicle:VEH0118,Vehicle,VEH0118,"{""make"": ""Honda"", ""model_year"": 2023.0, ""registration_no"": ""MH171266"", ""vehicle_type"": ""SUV""}"
vehicle:VEH0119,Vehicle,VEH0119,"{""make"": ""Maruti"", ""model_year"": 2023.0, ""registration_no"": ""MH162698"", ""vehicle_type"": ""SUV""}"
vehicle:VEH0120,Vehicle,VEH0120,"{""make"": ""Maruti"", ""model_year"": 2020.0, ""registration_no"": ""MH356546"", ""vehicle_type"": ""SUV""}"
vehicle:VEH0121,Vehicle,VEH0121,"{""make"": ""Honda"", ""model_year"": 2020.0, ""registration_no"": ""MH413986"", ""vehicle_type"": ""MUV""}"
vehicle:VEH0122,Vehicle,VEH0122,"{""make"": ""Honda"", ""model_year"": 2018.0, ""registration_no"": ""MH194302"", ""vehicle_type"": ""Hatchback""}"
vehicle:VEH0123,Vehicle,VEH0123,"{""make"": ""Hyundai"", ""model_year"": 2024.0, ""registration_no"": ""MH216080"", ""vehicle_type"": ""Hatchback""}"
vehicle:VEH0124,Vehicle,VEH0124,"{""make"": ""Mahindra"", ""model_year"": 2021.0, ""registration_no"": ""MH171599"", ""vehicle_type"": ""MUV""}"
vehicle:VEH0125,Vehicle,VEH0125,"{""make"": ""Tata"", ""model_year"": 2022.0, ""registration_no"": ""MH426438"", ""vehicle_type"": ""Hatchback""}"
vehicle:VEH0126,Vehicle,VEH0126,"{""make"": ""Tata"", ""model_year"": 2024.0, ""registration_no"": ""MH268204"", ""vehicle_type"": ""MUV""}"
vehicle:VEH0127,Vehicle,VEH0127,"{""make"": ""Hyundai"", ""model_year"": 2023.0, ""registration_no"": ""MH459151"", ""vehicle_type"": ""MUV""}"
vehicle:VEH0128,Vehicle,VEH0128,"{""make"": ""Mahindra"", ""model_year"": 2024.0, ""registration_no"": ""MH522353"", ""vehicle_type"": ""SUV""}"
vehicle:VEH0129,Vehicle,VEH0129,"{""make"": ""Honda"", ""model_year"": 2023.0, ""registration_no"": ""MH355813"", ""vehicle_type"": ""Sedan""}"
vehicle:VEH0130,Vehicle,VEH0130,"{""make"": ""Maruti"", ""model_year"": 2022.0, ""registration_no"": ""MH435843"", ""vehicle_type"": ""SUV""}"
provider:PRV001,Provider,PRV001,"{""city"": ""Surat"", ""provider_name"": ""Provider 001"", ""provider_type"": ""Surveyor"", ""rating"": 3.3}"
provider:PRV002,Provider,PRV002,"{""city"": ""Surat"", ""provider_name"": ""Provider 002"", ""provider_type"": ""Dealer"", ""rating"": 3.9}"
provider:PRV003,Provider,PRV003,"{""city"": ""Ahmedabad"", ""provider_name"": ""Provider 003"", ""provider_type"": ""Surveyor"", ""rating"": 3.5}"
provider:PRV004,Provider,PRV004,"{""city"": ""Mumbai"", ""provider_name"": ""Provider 004"", ""provider_type"": ""Garage"", ""rating"": 4.3}"
provider:PRV005,Provider,PRV005,"{""city"": ""Surat"", ""provider_name"": ""Provider 005"", ""provider_type"": ""Dealer"", ""rating"": 4.0}"
provider:PRV006,Provider,PRV006,"{""city"": ""Pune"", ""provider_name"": ""Provider 006"", ""provider_type"": ""Garage"", ""rating"": 3.3}"
provider:PRV007,Provider,PRV007,"{""city"": ""Delhi"", ""provider_name"": ""Provider 007"", ""provider_type"": ""Surveyor"", ""rating"": 3.1}"
provider:PRV008,Provider,PRV008,"{""city"": ""Mumbai"", ""provider_name"": ""Provider 008"", ""provider_type"": ""Hospital"", ""rating"": 4.6}"
provider:PRV009,Provider,PRV009,"{""city"": ""Ahmedabad"", ""provider_name"": ""Provider 009"", ""provider_type"": ""Dealer"", ""rating"": 3.8}"
provider:PRV010,Provider,PRV010,"{""city"": ""Delhi"", ""provider_name"": ""Provider 010"", ""provider_type"": ""Garage"", ""rating"": 4.2}"
provider:PRV011,Provider,PRV011,"{""city"": ""Surat"", ""provider_name"": ""Provider 011"", ""provider_type"": ""Dealer"", ""rating"": 3.7}"
provider:PRV012,Provider,PRV012,"{""city"": ""Mumbai"", ""provider_name"": ""Provider 012"", ""provider_type"": ""Hospital"", ""rating"": 4.1}"
provider:PRV013,Provider,PRV013,"{""city"": ""Surat"", ""provider_name"": ""Provider 013"", ""provider_type"": ""Dealer"", ""rating"": 4.3}"
provider:PRV014,Provider,PRV014,"{""city"": ""Pune"", ""provider_name"": ""Provider 014"", ""provider_type"": ""Garage"", ""rating"": 3.1}"
provider:PRV015,Provider,PRV015,"{""city"": ""Pune"", ""provider_name"": ""Provider 015"", ""provider_type"": ""Surveyor"", ""rating"": 4.0}"
provider:PRV016,Provider,PRV016,"{""city"": ""Delhi"", ""provider_name"": ""Provider 016"", ""provider_type"": ""Garage"", ""rating"": 3.5}"
provider:PRV017,Provider,PRV017,"{""city"": ""Ahmedabad"", ""provider_name"": ""Provider 017"", ""provider_type"": ""Surveyor"", ""rating"": 3.4}"
provider:PRV018,Provider,PRV018,"{""city"": ""Delhi"", ""provider_name"": ""Provider 018"", ""provider_type"": ""Dealer"", ""rating"": 4.4}"
provider:PRV019,Provider,PRV019,"{""city"": ""Surat"", ""provider_name"": ""Provider 019"", ""provider_type"": ""Hospital"", ""rating"": 3.2}"
provider:PRV020,Provider,PRV020,"{""city"": ""Mumbai"", ""provider_name"": ""Provider 020"", ""provider_type"": ""Surveyor"", ""rating"": 3.3}"
provider:PRV021,Provider,PRV021,"{""city"": ""Surat"", ""provider_name"": ""Provider 021"", ""provider_type"": ""Garage"", ""rating"": 4.6}"
provider:PRV022,Provider,PRV022,"{""city"": ""Ahmedabad"", ""provider_name"": ""Provider 022"", ""provider_type"": ""Dealer"", ""rating"": 4.4}"
provider:PRV023,Provider,PRV023,"{""city"": ""Delhi"", ""provider_name"": ""Provider 023"", ""provider_type"": ""Dealer"", ""rating"": 4.8}"
provider:PRV024,Provider,PRV024,"{""city"": ""Pune"", ""provider_name"": ""Provider 024"", ""provider_type"": ""Hospital"", ""rating"": 4.6}"
provider:PRV025,Provider,PRV025,"{""city"": ""Delhi"", ""provider_name"": ""Provider 025"", ""provider_type"": ""Hospital"", ""rating"": 3.2}"
invoice:INV00001,Invoice,INV00001,"{""description"": ""Invoice description 1"", ""invoice_amount"": 44405, ""invoice_date"": ""2026-03-02""}"
invoice:INV00002,Invoice,INV00002,"{""description"": ""Invoice description 2"", ""invoice_amount"": 14890, ""invoice_date"": ""2026-04-03""}"
invoice:INV00003,Invoice,INV00003,"{""description"": ""Invoice description 3"", ""invoice_amount"": 158019, ""invoice_date"": ""2026-04-05""}"
invoice:INV00004,Invoice,INV00004,"{""description"": ""Invoice description 4"", ""invoice_amount"": 152610, ""invoice_date"": ""2026-02-03""}"
invoice:INV00005,Invoice,INV00005,"{""description"": ""Invoice description 5"", ""invoice_amount"": 30600, ""invoice_date"": ""2026-01-17""}"
invoice:INV00006,Invoice,INV00006,"{""description"": ""Invoice description 6"", ""invoice_amount"": 112375, ""invoice_date"": ""2026-07-03""}"
invoice:INV00007,Invoice,INV00007,"{""description"": ""Invoice description 7"", ""invoice_amount"": 133479, ""invoice_date"": ""2026-05-15""}"
invoice:INV00008,Invoice,INV00008,"{""description"": ""Invoice description 8"", ""invoice_amount"": 115330, ""invoice_date"": ""2026-07-30""}"
invoice:INV00009,Invoice,INV00009,"{""description"": ""Invoice description 9"", ""invoice_amount"": 27333, ""invoice_date"": ""2026-02-02""}"
invoice:INV00010,Invoice,INV00010,"{""description"": ""Invoice description 10"", ""invoice_amount"": 176385, ""invoice_date"": ""2026-01-19""}"
invoice:INV00011,Invoice,INV00011,"{""description"": ""Invoice description 11"", ""invoice_amount"": 130115, ""invoice_date"": ""2026-06-24""}"
invoice:INV00012,Invoice,INV00012,"{""description"": ""Invoice description 12"", ""invoice_amount"": 98312, ""invoice_date"": ""2026-02-02""}"
invoice:INV00013,Invoice,INV00013,"{""description"": ""Invoice description 13"", ""invoice_amount"": 152520, ""invoice_date"": ""2026-06-13""}"
invoice:INV00014,Invoice,INV00014,"{""description"": ""Invoice description 14"", ""invoice_amount"": 55700, ""invoice_date"": ""2026-07-16""}"
invoice:INV00015,Invoice,INV00015,"{""description"": ""Invoice description 15"", ""invoice_amount"": 121408, ""invoice_date"": ""2026-05-09""}"
invoice:INV00016,Invoice,INV00016,"{""description"": ""Invoice description 16"", ""invoice_amount"": 40548, ""invoice_date"": ""2026-05-13""}"
invoice:INV00017,Invoice,INV00017,"{""description"": ""Invoice description 17"", ""invoice_amount"": 87724, ""invoice_date"": ""2026-02-12""}"
invoice:INV00018,Invoice,INV00018,"{""description"": ""Invoice description 18"", ""invoice_amount"": 92583, ""invoice_date"": ""2026-08-28""}"
invoice:INV00019,Invoice,INV00019,"{""description"": ""Invoice description 19"", ""invoice_amount"": 67105, ""invoice_date"": ""2026-03-30""}"
invoice:INV00020,Invoice,INV00020,"{""description"": ""Invoice description 20"", ""invoice_amount"": 82461, ""invoice_date"": ""2026-08-05""}"
invoice:INV00021,Invoice,INV00021,"{""description"": ""Invoice description 21"", ""invoice_amount"": 73694, ""invoice_date"": ""2026-02-20""}"
invoice:INV00022,Invoice,INV00022,"{""description"": ""Invoice description 22"", ""invoice_amount"": 152399, ""invoice_date"": ""2026-03-12""}"
invoice:INV00023,Invoice,INV00023,"{""description"": ""Invoice description 23"", ""invoice_amount"": 171845, ""invoice_date"": ""2026-03-19""}"
invoice:INV00024,Invoice,INV00024,"{""description"": ""Invoice description 24"", ""invoice_amount"": 147848, ""invoice_date"": ""2026-01-24""}"
invoice:INV00025,Invoice,INV00025,"{""description"": ""Invoice description 25"", ""invoice_amount"": 176031, ""invoice_date"": ""2026-02-13""}"
invoice:INV00026,Invoice,INV00026,"{""description"": ""Invoice description 26"", ""invoice_amount"": 160212, ""invoice_date"": ""2026-02-09""}"
invoice:INV00027,Invoice,INV00027,"{""description"": ""Invoice description 27"", ""invoice_amount"": 171703, ""invoice_date"": ""2026-07-04""}"
invoice:INV00028,Invoice,INV00028,"{""description"": ""Invoice description 28"", ""invoice_amount"": 96504, ""invoice_date"": ""2026-08-04""}"
invoice:INV00029,Invoice,INV00029,"{""description"": ""Invoice description 29"", ""invoice_amount"": 18798, ""invoice_date"": ""2026-07-31""}"
invoice:INV00030,Invoice,INV00030,"{""description"": ""Invoice description 30"", ""invoice_amount"": 29292, ""invoice_date"": ""2026-01-12""}"
invoice:INV00031,Invoice,INV00031,"{""description"": ""Invoice description 31"", ""invoice_amount"": 159197, ""invoice_date"": ""2026-03-09""}"
invoice:INV00032,Invoice,INV00032,"{""description"": ""Invoice description 32"", ""invoice_amount"": 63262, ""invoice_date"": ""2026-07-16""}"
invoice:INV00033,Invoice,INV00033,"{""description"": ""Invoice description 33"", ""invoice_amount"": 117205, ""invoice_date"": ""2026-06-08""}"
invoice:INV00034,Invoice,INV00034,"{""description"": ""Invoice description 34"", ""invoice_amount"": 15939, ""invoice_date"": ""2026-05-08""}"
invoice:INV00035,Invoice,INV00035,"{""description"": ""Invoice description 35"", ""invoice_amount"": 151019, ""invoice_date"": ""2026-03-16""}"
invoice:INV00036,Invoice,INV00036,"{""description"": ""Invoice description 36"", ""invoice_amount"": 87192, ""invoice_date"": ""2026-05-04""}"
invoice:INV00037,Invoice,INV00037,"{""description"": ""Invoice description 37"", ""invoice_amount"": 114454, ""invoice_date"": ""2026-03-18""}"
invoice:INV00038,Invoice,INV00038,"{""description"": ""Invoice description 38"", ""invoice_amount"": 27129, ""invoice_date"": ""2026-06-26""}"
invoice:INV00039,Invoice,INV00039,"{""description"": ""Invoice description 39"", ""invoice_amount"": 49439, ""invoice_date"": ""2026-04-23""}"
invoice:INV00040,Invoice,INV00040,"{""description"": ""Invoice description 40"", ""invoice_amount"": 134943, ""invoice_date"": ""2026-04-29""}"
invoice:INV00041,Invoice,INV00041,"{""description"": ""Invoice description 41"", ""invoice_amount"": 97179, ""invoice_date"": ""2026-06-05""}"
invoice:INV00042,Invoice,INV00042,"{""description"": ""Invoice description 42"", ""invoice_amount"": 89941, ""invoice_date"": ""2026-08-09""}"
invoice:INV00043,Invoice,INV00043,"{""description"": ""Invoice description 43"", ""invoice_amount"": 91706, ""invoice_date"": ""2026-07-07""}"
invoice:INV00044,Invoice,INV00044,"{""description"": ""Invoice description 44"", ""invoice_amount"": 112521, ""invoice_date"": ""2026-02-03""}"
invoice:INV00045,Invoice,INV00045,"{""description"": ""Invoice description 45"", ""invoice_amount"": 105134, ""invoice_date"": ""2026-05-12""}"
invoice:INV00046,Invoice,INV00046,"{""description"": ""Invoice description 46"", ""invoice_amount"": 35835, ""invoice_date"": ""2026-03-23""}"
invoice:INV00047,Invoice,INV00047,"{""description"": ""Invoice description 47"", ""invoice_amount"": 130282, ""invoice_date"": ""2026-02-01""}"
invoice:INV00048,Invoice,INV00048,"{""description"": ""Invoice description 48"", ""invoice_amount"": 125858, ""invoice_date"": ""2026-03-05""}"
invoice:INV00049,Invoice,INV00049,"{""description"": ""Invoice description 49"", ""invoice_amount"": 33378, ""invoice_date"": ""2026-01-13""}"
invoice:INV00050,Invoice,INV00050,"{""description"": ""Invoice description 50"", ""invoice_amount"": 108702, ""invoice_date"": ""2026-08-10""}"
invoice:INV00051,Invoice,INV00051,"{""description"": ""Invoice description 51"", ""invoice_amount"": 117611, ""invoice_date"": ""2026-03-05""}"
invoice:INV00052,Invoice,INV00052,"{""description"": ""Invoice description 52"", ""invoice_amount"": 93835, ""invoice_date"": ""2026-08-28""}"
invoice:INV00053,Invoice,INV00053,"{""description"": ""Invoice description 53"", ""invoice_amount"": 89976, ""invoice_date"": ""2026-02-18""}"
invoice:INV00054,Invoice,INV00054,"{""description"": ""Invoice description 54"", ""invoice_amount"": 49770, ""invoice_date"": ""2026-05-08""}"
invoice:INV00055,Invoice,INV00055,"{""description"": ""Invoice description 55"", ""invoice_amount"": 130372, ""invoice_date"": ""2026-05-08""}"
invoice:INV00056,Invoice,INV00056,"{""description"": ""Invoice description 56"", ""invoice_amount"": 138382, ""invoice_date"": ""2026-01-06""}"
invoice:INV00057,Invoice,INV00057,"{""description"": ""Invoice description 57"", ""invoice_amount"": 111086, ""invoice_date"": ""2026-05-10""}"
invoice:INV00058,Invoice,INV00058,"{""description"": ""Invoice description 58"", ""invoice_amount"": 71105, ""invoice_date"": ""2026-02-25""}"
invoice:INV00059,Invoice,INV00059,"{""description"": ""Invoice description 59"", ""invoice_amount"": 100509, ""invoice_date"": ""2026-01-13""}"
invoice:INV00060,Invoice,INV00060,"{""description"": ""Invoice description 60"", ""invoice_amount"": 81755, ""invoice_date"": ""2026-05-07""}"
invoice:INV00061,Invoice,INV00061,"{""description"": ""Invoice description 61"", ""invoice_amount"": 179510, ""invoice_date"": ""2026-06-22""}"
invoice:INV00062,Invoice,INV00062,"{""description"": ""Invoice description 62"", ""invoice_amount"": 82907, ""invoice_date"": ""2026-05-18""}"
invoice:INV00063,Invoice,INV00063,"{""description"": ""Invoice description 63"", ""invoice_amount"": 36179, ""invoice_date"": ""2026-04-21""}"
invoice:INV00064,Invoice,INV00064,"{""description"": ""Invoice description 64"", ""invoice_amount"": 77329, ""invoice_date"": ""2026-07-06""}"
invoice:INV00065,Invoice,INV00065,"{""description"": ""Invoice description 65"", ""invoice_amount"": 113710, ""invoice_date"": ""2026-04-04""}"
invoice:INV00066,Invoice,INV00066,"{""description"": ""Invoice description 66"", ""invoice_amount"": 113010, ""invoice_date"": ""2026-01-14""}"
invoice:INV00067,Invoice,INV00067,"{""description"": ""Invoice description 67"", ""invoice_amount"": 155276, ""invoice_date"": ""2026-02-19""}"
invoice:INV00068,Invoice,INV00068,"{""description"": ""Invoice description 68"", ""invoice_amount"": 153024, ""invoice_date"": ""2026-03-15""}"
invoice:INV00069,Invoice,INV00069,"{""description"": ""Invoice description 69"", ""invoice_amount"": 109279, ""invoice_date"": ""2026-05-10""}"
invoice:INV00070,Invoice,INV00070,"{""description"": ""Invoice description 70"", ""invoice_amount"": 152141, ""invoice_date"": ""2026-03-13""}"
invoice:INV00071,Invoice,INV00071,"{""description"": ""Invoice description 71"", ""invoice_amount"": 168181, ""invoice_date"": ""2026-01-31""}"
invoice:INV00072,Invoice,INV00072,"{""description"": ""Invoice description 72"", ""invoice_amount"": 33344, ""invoice_date"": ""2026-04-11""}"
invoice:INV00073,Invoice,INV00073,"{""description"": ""Invoice description 73"", ""invoice_amount"": 96889, ""invoice_date"": ""2026-05-23""}"
invoice:INV00074,Invoice,INV00074,"{""description"": ""Invoice description 74"", ""invoice_amount"": 45818, ""invoice_date"": ""2026-02-20""}"
invoice:INV00075,Invoice,INV00075,"{""description"": ""Invoice description 75"", ""invoice_amount"": 141463, ""invoice_date"": ""2026-04-13""}"
invoice:INV00076,Invoice,INV00076,"{""description"": ""Invoice description 76"", ""invoice_amount"": 18552, ""invoice_date"": ""2026-01-12""}"
invoice:INV00077,Invoice,INV00077,"{""description"": ""Invoice description 77"", ""invoice_amount"": 43923, ""invoice_date"": ""2026-07-02""}"
invoice:INV00078,Invoice,INV00078,"{""description"": ""Invoice description 78"", ""invoice_amount"": 132189, ""invoice_date"": ""2026-05-13""}"
invoice:INV00079,Invoice,INV00079,"{""description"": ""Invoice description 79"", ""invoice_amount"": 47043, ""invoice_date"": ""2026-06-05""}"
invoice:INV00080,Invoice,INV00080,"{""description"": ""Invoice description 80"", ""invoice_amount"": 44642, ""invoice_date"": ""2026-03-25""}"
invoice:INV00081,Invoice,INV00081,"{""description"": ""Invoice description 81"", ""invoice_amount"": 91500, ""invoice_date"": ""2026-02-11""}"
invoice:INV00082,Invoice,INV00082,"{""description"": ""Invoice description 82"", ""invoice_amount"": 169611, ""invoice_date"": ""2026-07-09""}"
invoice:INV00083,Invoice,INV00083,"{""description"": ""Invoice description 83"", ""invoice_amount"": 163641, ""invoice_date"": ""2026-03-28""}"
invoice:INV00084,Invoice,INV00084,"{""description"": ""Invoice description 84"", ""invoice_amount"": 141618, ""invoice_date"": ""2026-05-17""}"
invoice:INV00085,Invoice,INV00085,"{""description"": ""Invoice description 85"", ""invoice_amount"": 155567, ""invoice_date"": ""2026-03-18""}"
invoice:INV00086,Invoice,INV00086,"{""description"": ""Invoice description 86"", ""invoice_amount"": 12361, ""invoice_date"": ""2026-04-05""}"
invoice:INV00087,Invoice,INV00087,"{""description"": ""Invoice description 87"", ""invoice_amount"": 36732, ""invoice_date"": ""2026-09-08""}"
invoice:INV00088,Invoice,INV00088,"{""description"": ""Invoice description 88"", ""invoice_amount"": 161014, ""invoice_date"": ""2026-03-20""}"
invoice:INV00089,Invoice,INV00089,"{""description"": ""Invoice description 89"", ""invoice_amount"": 172956, ""invoice_date"": ""2026-01-07""}"
invoice:INV00090,Invoice,INV00090,"{""description"": ""Invoice description 90"", ""invoice_amount"": 132410, ""invoice_date"": ""2026-03-09""}"
invoice:INV00091,Invoice,INV00091,"{""description"": ""Invoice description 91"", ""invoice_amount"": 159643, ""invoice_date"": ""2026-05-28""}"
invoice:INV00092,Invoice,INV00092,"{""description"": ""Invoice description 92"", ""invoice_amount"": 21462, ""invoice_date"": ""2026-05-30""}"
invoice:INV00093,Invoice,INV00093,"{""description"": ""Invoice description 93"", ""invoice_amount"": 52698, ""invoice_date"": ""2026-05-15""}"
invoice:INV00094,Invoice,INV00094,"{""description"": ""Invoice description 94"", ""invoice_amount"": 170460, ""invoice_date"": ""2026-07-18""}"
invoice:INV00095,Invoice,INV00095,"{""description"": ""Invoice description 95"", ""invoice_amount"": 46738, ""invoice_date"": ""2026-07-30""}"
invoice:INV00096,Invoice,INV00096,"{""description"": ""Invoice description 96"", ""invoice_amount"": 71490, ""invoice_date"": ""2026-01-09""}"
invoice:INV00097,Invoice,INV00097,"{""description"": ""Invoice description 97"", ""invoice_amount"": 36808, ""invoice_date"": ""2026-02-18""}"
invoice:INV00098,Invoice,INV00098,"{""description"": ""Invoice description 98"", ""invoice_amount"": 123615, ""invoice_date"": ""2026-03-22""}"
invoice:INV00099,Invoice,INV00099,"{""description"": ""Invoice description 99"", ""invoice_amount"": 47696, ""invoice_date"": ""2026-04-16""}"
invoice:INV00100,Invoice,INV00100,"{""description"": ""Invoice description 100"", ""invoice_amount"": 61448, ""invoice_date"": ""2026-04-16""}"
invoice:INV00101,Invoice,INV00101,"{""description"": ""Invoice description 101"", ""invoice_amount"": 168295, ""invoice_date"": ""2026-08-24""}"
invoice:INV00102,Invoice,INV00102,"{""description"": ""Invoice description 102"", ""invoice_amount"": 24326, ""invoice_date"": ""2026-06-30""}"
invoice:INV00103,Invoice,INV00103,"{""description"": ""Invoice description 103"", ""invoice_amount"": 143969, ""invoice_date"": ""2026-02-23""}"
invoice:INV00104,Invoice,INV00104,"{""description"": ""Invoice description 104"", ""invoice_amount"": 93209, ""invoice_date"": ""2026-06-19""}"
invoice:INV00105,Invoice,INV00105,"{""description"": ""Invoice description 105"", ""invoice_amount"": 145750, ""invoice_date"": ""2026-04-07""}"
invoice:INV00106,Invoice,INV00106,"{""description"": ""Invoice description 106"", ""invoice_amount"": 53398, ""invoice_date"": ""2026-04-28""}"
invoice:INV00107,Invoice,INV00107,"{""description"": ""Invoice description 107"", ""invoice_amount"": 97738, ""invoice_date"": ""2026-05-20""}"
invoice:INV00108,Invoice,INV00108,"{""description"": ""Invoice description 108"", ""invoice_amount"": 176639, ""invoice_date"": ""2026-07-25""}"
invoice:INV00109,Invoice,INV00109,"{""description"": ""Invoice description 109"", ""invoice_amount"": 77300, ""invoice_date"": ""2026-06-06""}"
invoice:INV00110,Invoice,INV00110,"{""description"": ""Invoice description 110"", ""invoice_amount"": 58400, ""invoice_date"": ""2026-09-03""}"
invoice:INV00111,Invoice,INV00111,"{""description"": ""Invoice description 111"", ""invoice_amount"": 81139, ""invoice_date"": ""2026-05-23""}"
invoice:INV00112,Invoice,INV00112,"{""description"": ""Invoice description 112"", ""invoice_amount"": 66947, ""invoice_date"": ""2026-08-30""}"
invoice:INV00113,Invoice,INV00113,"{""description"": ""Invoice description 113"", ""invoice_amount"": 83760, ""invoice_date"": ""2026-06-30""}"
invoice:INV00114,Invoice,INV00114,"{""description"": ""Invoice description 114"", ""invoice_amount"": 136189, ""invoice_date"": ""2026-03-23""}"
invoice:INV00115,Invoice,INV00115,"{""description"": ""Invoice description 115"", ""invoice_amount"": 99436, ""invoice_date"": ""2026-05-24""}"
invoice:INV00116,Invoice,INV00116,"{""description"": ""Invoice description 116"", ""invoice_amount"": 79685, ""invoice_date"": ""2026-03-15""}"
invoice:INV00117,Invoice,INV00117,"{""description"": ""Invoice description 117"", ""invoice_amount"": 158333, ""invoice_date"": ""2026-06-23""}"
invoice:INV00118,Invoice,INV00118,"{""description"": ""Invoice description 118"", ""invoice_amount"": 107534, ""invoice_date"": ""2026-08-18""}"
invoice:INV00119,Invoice,INV00119,"{""description"": ""Invoice description 119"", ""invoice_amount"": 98474, ""invoice_date"": ""2026-09-02""}"
invoice:INV00120,Invoice,INV00120,"{""description"": ""Invoice description 120"", ""invoice_amount"": 46397, ""invoice_date"": ""2026-03-16""}"
invoice:INV00121,Invoice,INV00121,"{""description"": ""Invoice description 121"", ""invoice_amount"": 83400, ""invoice_date"": ""2026-09-02""}"
invoice:INV00122,Invoice,INV00122,"{""description"": ""Invoice description 122"", ""invoice_amount"": 28717, ""invoice_date"": ""2026-03-30""}"
invoice:INV00123,Invoice,INV00123,"{""description"": ""Invoice description 123"", ""invoice_amount"": 179959, ""invoice_date"": ""2026-03-07""}"
invoice:INV00124,Invoice,INV00124,"{""description"": ""Invoice description 124"", ""invoice_amount"": 133587, ""invoice_date"": ""2026-02-24""}"
invoice:INV00125,Invoice,INV00125,"{""description"": ""Invoice description 125"", ""invoice_amount"": 149184, ""invoice_date"": ""2026-03-11""}"
invoice:INV00126,Invoice,INV00126,"{""description"": ""Invoice description 126"", ""invoice_amount"": 79203, ""invoice_date"": ""2026-02-05""}"
invoice:INV00127,Invoice,INV00127,"{""description"": ""Invoice description 127"", ""invoice_amount"": 169396, ""invoice_date"": ""2026-07-09""}"
invoice:INV00128,Invoice,INV00128,"{""description"": ""Invoice description 128"", ""invoice_amount"": 70726, ""invoice_date"": ""2026-03-04""}"
invoice:INV00129,Invoice,INV00129,"{""description"": ""Invoice description 129"", ""invoice_amount"": 147209, ""invoice_date"": ""2026-02-27""}"
invoice:INV00130,Invoice,INV00130,"{""description"": ""Invoice description 130"", ""invoice_amount"": 69036, ""invoice_date"": ""2026-01-14""}"
invoice:INV00131,Invoice,INV00131,"{""description"": ""Invoice description 131"", ""invoice_amount"": 116344, ""invoice_date"": ""2026-03-26""}"
invoice:INV00132,Invoice,INV00132,"{""description"": ""Invoice description 132"", ""invoice_amount"": 131837, ""invoice_date"": ""2026-01-26""}"
invoice:INV00133,Invoice,INV00133,"{""description"": ""Invoice description 133"", ""invoice_amount"": 44036, ""invoice_date"": ""2026-01-02""}"
invoice:INV00134,Invoice,INV00134,"{""description"": ""Invoice description 134"", ""invoice_amount"": 49403, ""invoice_date"": ""2026-04-15""}"
invoice:INV00135,Invoice,INV00135,"{""description"": ""Invoice description 135"", ""invoice_amount"": 132701, ""invoice_date"": ""2026-05-03""}"
invoice:INV00136,Invoice,INV00136,"{""description"": ""Invoice description 136"", ""invoice_amount"": 60286, ""invoice_date"": ""2026-07-13""}"
invoice:INV00137,Invoice,INV00137,"{""description"": ""Invoice description 137"", ""invoice_amount"": 92192, ""invoice_date"": ""2026-03-15""}"
invoice:INV00138,Invoice,INV00138,"{""description"": ""Invoice description 138"", ""invoice_amount"": 23509, ""invoice_date"": ""2026-08-21""}"
invoice:INV00139,Invoice,INV00139,"{""description"": ""Invoice description 139"", ""invoice_amount"": 31451, ""invoice_date"": ""2026-06-16""}"
invoice:INV00140,Invoice,INV00140,"{""description"": ""Invoice description 140"", ""invoice_amount"": 68875, ""invoice_date"": ""2026-05-17""}"
invoice:INV00141,Invoice,INV00141,"{""description"": ""Invoice description 141"", ""invoice_amount"": 17777, ""invoice_date"": ""2026-08-22""}"
invoice:INV00142,Invoice,INV00142,"{""description"": ""Invoice description 142"", ""invoice_amount"": 117546, ""invoice_date"": ""2026-08-14""}"
invoice:INV00143,Invoice,INV00143,"{""description"": ""Invoice description 143"", ""invoice_amount"": 17526, ""invoice_date"": ""2026-08-03""}"
invoice:INV00144,Invoice,INV00144,"{""description"": ""Invoice description 144"", ""invoice_amount"": 137861, ""invoice_date"": ""2026-02-17""}"
invoice:INV00145,Invoice,INV00145,"{""description"": ""Invoice description 145"", ""invoice_amount"": 83882, ""invoice_date"": ""2026-08-13""}"
invoice:INV00146,Invoice,INV00146,"{""description"": ""Invoice description 146"", ""invoice_amount"": 10429, ""invoice_date"": ""2026-03-18""}"
invoice:INV00147,Invoice,INV00147,"{""description"": ""Invoice description 147"", ""invoice_amount"": 166015, ""invoice_date"": ""2026-01-28""}"
invoice:INV00148,Invoice,INV00148,"{""description"": ""Invoice description 148"", ""invoice_amount"": 82596, ""invoice_date"": ""2026-04-27""}"
invoice:INV00149,Invoice,INV00149,"{""description"": ""Invoice description 149"", ""invoice_amount"": 150422, ""invoice_date"": ""2026-05-15""}"
invoice:INV00150,Invoice,INV00150,"{""description"": ""Invoice description 150"", ""invoice_amount"": 43179, ""invoice_date"": ""2026-08-06""}"
invoice:INV00151,Invoice,INV00151,"{""description"": ""Invoice description 151"", ""invoice_amount"": 130688, ""invoice_date"": ""2026-03-11""}"
invoice:INV00152,Invoice,INV00152,"{""description"": ""Invoice description 152"", ""invoice_amount"": 37529, ""invoice_date"": ""2026-03-26""}"
invoice:INV00153,Invoice,INV00153,"{""description"": ""Invoice description 153"", ""invoice_amount"": 128301, ""invoice_date"": ""2026-06-15""}"
invoice:INV00154,Invoice,INV00154,"{""description"": ""Invoice description 154"", ""invoice_amount"": 56810, ""invoice_date"": ""2026-01-04""}"
invoice:INV00155,Invoice,INV00155,"{""description"": ""Invoice description 155"", ""invoice_amount"": 96371, ""invoice_date"": ""2026-07-22""}"
invoice:INV00156,Invoice,INV00156,"{""description"": ""Invoice description 156"", ""invoice_amount"": 156840, ""invoice_date"": ""2026-06-22""}"
invoice:INV00157,Invoice,INV00157,"{""description"": ""Invoice description 157"", ""invoice_amount"": 58636, ""invoice_date"": ""2026-02-14""}"
invoice:INV00158,Invoice,INV00158,"{""description"": ""Invoice description 158"", ""invoice_amount"": 175438, ""invoice_date"": ""2026-08-18""}"
invoice:INV00159,Invoice,INV00159,"{""description"": ""Invoice description 159"", ""invoice_amount"": 120119, ""invoice_date"": ""2026-05-12""}"
invoice:INV00160,Invoice,INV00160,"{""description"": ""Invoice description 160"", ""invoice_amount"": 30737, ""invoice_date"": ""2026-04-13""}"
invoice:INV00161,Invoice,INV00161,"{""description"": ""Invoice description 161"", ""invoice_amount"": 33004, ""invoice_date"": ""2026-02-17""}"
invoice:INV00162,Invoice,INV00162,"{""description"": ""Invoice description 162"", ""invoice_amount"": 133161, ""invoice_date"": ""2026-03-24""}"
invoice:INV00163,Invoice,INV00163,"{""description"": ""Invoice description 163"", ""invoice_amount"": 9790, ""invoice_date"": ""2026-03-08""}"
invoice:INV00164,Invoice,INV00164,"{""description"": ""Invoice description 164"", ""invoice_amount"": 69740, ""invoice_date"": ""2026-04-25""}"
invoice:INV00165,Invoice,INV00165,"{""description"": ""Invoice description 165"", ""invoice_amount"": 77990, ""invoice_date"": ""2026-09-02""}"
invoice:INV00166,Invoice,INV00166,"{""description"": ""Invoice description 166"", ""invoice_amount"": 87153, ""invoice_date"": ""2026-05-30""}"
invoice:INV00167,Invoice,INV00167,"{""description"": ""Invoice description 167"", ""invoice_amount"": 158176, ""invoice_date"": ""2026-01-03""}"
invoice:INV00168,Invoice,INV00168,"{""description"": ""Invoice description 168"", ""invoice_amount"": 179359, ""invoice_date"": ""2026-04-03""}"
invoice:INV00169,Invoice,INV00169,"{""description"": ""Invoice description 169"", ""invoice_amount"": 69945, ""invoice_date"": ""2026-01-16""}"
invoice:INV00170,Invoice,INV00170,"{""description"": ""Invoice description 170"", ""invoice_amount"": 38991, ""invoice_date"": ""2026-04-30""}"
invoice:INV00171,Invoice,INV00171,"{""description"": ""Invoice description 171"", ""invoice_amount"": 49868, ""invoice_date"": ""2026-04-14""}"
invoice:INV00172,Invoice,INV00172,"{""description"": ""Invoice description 172"", ""invoice_amount"": 139732, ""invoice_date"": ""2026-08-25""}"
invoice:INV00173,Invoice,INV00173,"{""description"": ""Invoice description 173"", ""invoice_amount"": 89521, ""invoice_date"": ""2026-06-26""}"
invoice:INV00174,Invoice,INV00174,"{""description"": ""Invoice description 174"", ""invoice_amount"": 175434, ""invoice_date"": ""2026-08-23""}"
invoice:INV00175,Invoice,INV00175,"{""description"": ""Invoice description 175"", ""invoice_amount"": 104349, ""invoice_date"": ""2026-06-07""}"
invoice:INV00176,Invoice,INV00176,"{""description"": ""Invoice description 176"", ""invoice_amount"": 65443, ""invoice_date"": ""2026-09-03""}"
invoice:INV00177,Invoice,INV00177,"{""description"": ""Invoice description 177"", ""invoice_amount"": 133352, ""invoice_date"": ""2026-02-09""}"
invoice:INV00178,Invoice,INV00178,"{""description"": ""Invoice description 178"", ""invoice_amount"": 166790, ""invoice_date"": ""2026-04-06""}"
invoice:INV00179,Invoice,INV00179,"{""description"": ""Invoice description 179"", ""invoice_amount"": 151978, ""invoice_date"": ""2026-08-22""}"
invoice:INV00180,Invoice,INV00180,"{""description"": ""Invoice description 180"", ""invoice_amount"": 148907, ""invoice_date"": ""2026-07-25""}"
invoice:INV00181,Invoice,INV00181,"{""description"": ""Invoice description 181"", ""invoice_amount"": 65255, ""invoice_date"": ""2026-07-15""}"
invoice:INV00182,Invoice,INV00182,"{""description"": ""Invoice description 182"", ""invoice_amount"": 164189, ""invoice_date"": ""2026-08-12""}"
invoice:INV00183,Invoice,INV00183,"{""description"": ""Invoice description 183"", ""invoice_amount"": 145758, ""invoice_date"": ""2026-04-25""}"
invoice:INV00184,Invoice,INV00184,"{""description"": ""Invoice description 184"", ""invoice_amount"": 102839, ""invoice_date"": ""2026-01-20""}"
invoice:INV00185,Invoice,INV00185,"{""description"": ""Invoice description 185"", ""invoice_amount"": 37414, ""invoice_date"": ""2026-01-16""}"
invoice:INV00186,Invoice,INV00186,"{""description"": ""Invoice description 186"", ""invoice_amount"": 140510, ""invoice_date"": ""2026-02-21""}"
invoice:INV00187,Invoice,INV00187,"{""description"": ""Invoice description 187"", ""invoice_amount"": 148682, ""invoice_date"": ""2026-02-08""}"
invoice:INV00188,Invoice,INV00188,"{""description"": ""Invoice description 188"", ""invoice_amount"": 94014, ""invoice_date"": ""2026-08-07""}"
invoice:INV00189,Invoice,INV00189,"{""description"": ""Invoice description 189"", ""invoice_amount"": 123825, ""invoice_date"": ""2026-01-30""}"
invoice:INV00190,Invoice,INV00190,"{""description"": ""Invoice description 190"", ""invoice_amount"": 61844, ""invoice_date"": ""2026-07-03""}"
invoice:INV00191,Invoice,INV00191,"{""description"": ""Invoice description 191"", ""invoice_amount"": 136143, ""invoice_date"": ""2026-01-24""}"
invoice:INV00192,Invoice,INV00192,"{""description"": ""Invoice description 192"", ""invoice_amount"": 124780, ""invoice_date"": ""2026-07-27""}"
invoice:INV00193,Invoice,INV00193,"{""description"": ""Invoice description 193"", ""invoice_amount"": 126864, ""invoice_date"": ""2026-02-03""}"
invoice:INV00194,Invoice,INV00194,"{""description"": ""Invoice description 194"", ""invoice_amount"": 116901, ""invoice_date"": ""2026-04-27""}"
invoice:INV00195,Invoice,INV00195,"{""description"": ""Invoice description 195"", ""invoice_amount"": 23135, ""invoice_date"": ""2026-05-24""}"
invoice:INV00196,Invoice,INV00196,"{""description"": ""Invoice description 196"", ""invoice_amount"": 88784, ""invoice_date"": ""2026-07-05""}"
invoice:INV00197,Invoice,INV00197,"{""description"": ""Invoice description 197"", ""invoice_amount"": 111795, ""invoice_date"": ""2026-03-07""}"
invoice:INV00198,Invoice,INV00198,"{""description"": ""Invoice description 198"", ""invoice_amount"": 65121, ""invoice_date"": ""2026-05-29""}"
invoice:INV00199,Invoice,INV00199,"{""description"": ""Invoice description 199"", ""invoice_amount"": 19872, ""invoice_date"": ""2026-04-19""}"
invoice:INV00200,Invoice,INV00200,"{""description"": ""Invoice description 200"", ""invoice_amount"": 24714, ""invoice_date"": ""2026-05-19""}"
invoice:INV00201,Invoice,INV00201,"{""description"": ""Invoice description 201"", ""invoice_amount"": 26092, ""invoice_date"": ""2026-08-28""}"
invoice:INV00202,Invoice,INV00202,"{""description"": ""Invoice description 202"", ""invoice_amount"": 16319, ""invoice_date"": ""2026-03-15""}"
invoice:INV00203,Invoice,INV00203,"{""description"": ""Invoice description 203"", ""invoice_amount"": 55181, ""invoice_date"": ""2026-07-16""}"
invoice:INV00204,Invoice,INV00204,"{""description"": ""Invoice description 204"", ""invoice_amount"": 176171, ""invoice_date"": ""2026-09-08""}"
invoice:INV00205,Invoice,INV00205,"{""description"": ""Invoice description 205"", ""invoice_amount"": 177313, ""invoice_date"": ""2026-09-04""}"
invoice:INV00206,Invoice,INV00206,"{""description"": ""Invoice description 206"", ""invoice_amount"": 106162, ""invoice_date"": ""2026-08-17""}"
invoice:INV00207,Invoice,INV00207,"{""description"": ""Invoice description 207"", ""invoice_amount"": 125581, ""invoice_date"": ""2026-08-11""}"
invoice:INV00208,Invoice,INV00208,"{""description"": ""Invoice description 208"", ""invoice_amount"": 106473, ""invoice_date"": ""2026-01-21""}"
invoice:INV00209,Invoice,INV00209,"{""description"": ""Invoice description 209"", ""invoice_amount"": 149374, ""invoice_date"": ""2026-02-04""}"
invoice:INV00210,Invoice,INV00210,"{""description"": ""Invoice description 210"", ""invoice_amount"": 99165, ""invoice_date"": ""2026-01-31""}"
invoice:INV00211,Invoice,INV00211,"{""description"": ""Invoice description 211"", ""invoice_amount"": 148839, ""invoice_date"": ""2026-04-11""}"
invoice:INV00212,Invoice,INV00212,"{""description"": ""Invoice description 212"", ""invoice_amount"": 41383, ""invoice_date"": ""2026-07-06""}"
invoice:INV00213,Invoice,INV00213,"{""description"": ""Invoice description 213"", ""invoice_amount"": 8910, ""invoice_date"": ""2026-07-13""}"
invoice:INV00214,Invoice,INV00214,"{""description"": ""Invoice description 214"", ""invoice_amount"": 86214, ""invoice_date"": ""2026-04-29""}"
invoice:INV00215,Invoice,INV00215,"{""description"": ""Invoice description 215"", ""invoice_amount"": 150723, ""invoice_date"": ""2026-04-19""}"
invoice:INV00216,Invoice,INV00216,"{""description"": ""Invoice description 216"", ""invoice_amount"": 107425, ""invoice_date"": ""2026-07-30""}"
invoice:INV00217,Invoice,INV00217,"{""description"": ""Invoice description 217"", ""invoice_amount"": 72883, ""invoice_date"": ""2026-04-28""}"
invoice:INV00218,Invoice,INV00218,"{""description"": ""Invoice description 218"", ""invoice_amount"": 48664, ""invoice_date"": ""2026-03-12""}"
invoice:INV00219,Invoice,INV00219,"{""description"": ""Invoice description 219"", ""invoice_amount"": 37581, ""invoice_date"": ""2026-01-09""}"
invoice:INV00220,Invoice,INV00220,"{""description"": ""Invoice description 220"", ""invoice_amount"": 117901, ""invoice_date"": ""2026-06-07""}"
location:ahmedabad,Location,Ahmedabad,"{""city"": ""Ahmedabad"", ""level"": ""territory_hub""}"
location:delhi,Location,Delhi,"{""city"": ""Delhi"", ""level"": ""territory_hub""}"
location:mumbai,Location,Mumbai,"{""city"": ""Mumbai"", ""level"": ""territory_hub""}"
location:pune,Location,Pune,"{""city"": ""Pune"", ""level"": ""territory_hub""}"
location:surat,Location,Surat,"{""city"": ""Surat"", ""level"": ""territory_hub""}"
location:loc001,Location,LOC001,"{""city"": ""Surat"", ""latitude"": 22.408, ""longitude"": 77.4138}"
location:loc002,Location,LOC002,"{""city"": ""Ahmedabad"", ""latitude"": 20.0337, ""longitude"": 76.2955}"
location:loc003,Location,LOC003,"{""city"": ""Delhi"", ""latitude"": 23.7655, ""longitude"": 74.0159}"
location:loc004,Location,LOC004,"{""city"": ""Ahmedabad"", ""latitude"": 20.4469, ""longitude"": 77.0601}"
location:loc005,Location,LOC005,"{""city"": ""Pune"", ""latitude"": 28.4247, ""longitude"": 73.9326}"
location:loc006,Location,LOC006,"{""city"": ""Surat"", ""latitude"": 21.7425, ""longitude"": 73.6033}"
location:loc007,Location,LOC007,"{""city"": ""Ahmedabad"", ""latitude"": 24.4224, ""longitude"": 74.6999}"
location:loc008,Location,LOC008,"{""city"": ""Pune"", ""latitude"": 18.492, ""longitude"": 73.0016}"
location:loc009,Location,LOC009,"{""city"": ""Surat"", ""latitude"": 25.4906, ""longitude"": 73.544}"
location:loc010,Location,LOC010,"{""city"": ""Mumbai"", ""latitude"": 20.9618, ""longitude"": 75.1996}"
location:loc011,Location,LOC011,"{""city"": ""Delhi"", ""latitude"": 21.8857, ""longitude"": 77.4543}"
location:loc012,Location,LOC012,"{""city"": ""Mumbai"", ""latitude"": 19.0157, ""longitude"": 75.894}"
location:loc013,Location,LOC013,"{""city"": ""Delhi"", ""latitude"": 26.5521, ""longitude"": 73.404}"
location:loc014,Location,LOC014,"{""city"": ""Pune"", ""latitude"": 21.6624, ""longitude"": 75.4801}"
location:loc015,Location,LOC015,"{""city"": ""Ahmedabad"", ""latitude"": 26.6969, ""longitude"": 74.9059}"
location:loc016,Location,LOC016,"{""city"": ""Pune"", ""latitude"": 18.6199, ""longitude"": 74.6133}"
location:loc017,Location,LOC017,"{""city"": ""Pune"", ""latitude"": 20.9822, ""longitude"": 72.9895}"
location:loc018,Location,LOC018,"{""city"": ""Surat"", ""latitude"": 24.158, ""longitude"": 75.4051}"
location:loc019,Location,LOC019,"{""city"": ""Surat"", ""latitude"": 20.3547, ""longitude"": 73.6958}"
location:loc020,Location,LOC020,"{""city"": ""Ahmedabad"", ""latitude"": 21.7339, ""longitude"": 75.0483}"
location:loc021,Location,LOC021,"{""city"": ""Delhi"", ""latitude"": 27.8191, ""longitude"": 75.4617}"
location:loc022,Location,LOC022,"{""city"": ""Mumbai"", ""latitude"": 23.8707, ""longitude"": 74.957}"
location:loc023,Location,LOC023,"{""city"": ""Ahmedabad"", ""latitude"": 23.9785, ""longitude"": 74.9796}"
location:loc024,Location,LOC024,"{""city"": ""Delhi"", ""latitude"": 22.3041, ""longitude"": 73.6906}"
location:loc025,Location,LOC025,"{""city"": ""Mumbai"", ""latitude"": 24.7833, ""longitude"": 74.5476}"
location:loc026,Location,LOC026,"{""city"": ""Delhi"", ""latitude"": 20.8595, ""longitude"": 76.2608}"
location:loc027,Location,LOC027,"{""city"": ""Delhi"", ""latitude"": 26.8362, ""longitude"": 73.7114}"
location:loc028,Location,LOC028,"{""city"": ""Surat"", ""latitude"": 26.2871, ""longitude"": 73.5398}"
location:loc029,Location,LOC029,"{""city"": ""Ahmedabad"", ""latitude"": 21.7228, ""longitude"": 75.8763}"
location:loc030,Location,LOC030,"{""city"": ""Mumbai"", ""latitude"": 19.3914, ""longitude"": 75.9627}"
location:loc031,Location,LOC031,"{""city"": ""Mumbai"", ""latitude"": 27.0025, ""longitude"": 73.4229}"
location:loc032,Location,LOC032,"{""city"": ""Mumbai"", ""latitude"": 20.4814, ""longitude"": 75.1298}"
location:loc033,Location,LOC033,"{""city"": ""Mumbai"", ""latitude"": 18.7277, ""longitude"": 75.8804}"
location:loc034,Location,LOC034,"{""city"": ""Surat"", ""latitude"": 25.1766, ""longitude"": 75.3239}"
location:loc035,Location,LOC035,"{""city"": ""Delhi"", ""latitude"": 21.0362, ""longitude"": 74.5585}"
location:loc036,Location,LOC036,"{""city"": ""Delhi"", ""latitude"": 25.7938, ""longitude"": 72.8628}"
location:loc037,Location,LOC037,"{""city"": ""Pune"", ""latitude"": 25.1542, ""longitude"": 77.2563}"
location:loc038,Location,LOC038,"{""city"": ""Mumbai"", ""latitude"": 23.221, ""longitude"": 75.8668}"
location:loc039,Location,LOC039,"{""city"": ""Ahmedabad"", ""latitude"": 24.1476, ""longitude"": 77.3036}"
location:loc040,Location,LOC040,"{""city"": ""Surat"", ""latitude"": 26.8669, ""longitude"": 76.6124}"
location:loc041,Location,LOC041,"{""city"": ""Mumbai"", ""latitude"": 26.8835, ""longitude"": 74.0759}"
location:loc042,Location,LOC042,"{""city"": ""Mumbai"", ""latitude"": 25.9633, ""longitude"": 76.8054}"
location:loc043,Location,LOC043,"{""city"": ""Mumbai"", ""latitude"": 28.1294, ""longitude"": 77.4108}"
location:loc044,Location,LOC044,"{""city"": ""Mumbai"", ""latitude"": 19.4426, ""longitude"": 73.9089}"
location:loc045,Location,LOC045,"{""city"": ""Surat"", ""latitude"": 20.3514, ""longitude"": 75.3257}"
location:loc046,Location,LOC046,"{""city"": ""Pune"", ""latitude"": 24.2713, ""longitude"": 77.348}"
location:loc047,Location,LOC047,"{""city"": ""Delhi"", ""latitude"": 26.1167, ""longitude"": 74.7929}"
location:loc048,Location,LOC048,"{""city"": ""Mumbai"", ""latitude"": 26.2927, ""longitude"": 75.5675}"
location:loc049,Location,LOC049,"{""city"": ""Surat"", ""latitude"": 25.6363, ""longitude"": 74.85}"
location:loc050,Location,LOC050,"{""city"": ""Mumbai"", ""latitude"": 20.1181, ""longitude"": 73.6659}"
location:loc051,Location,LOC051,"{""city"": ""Surat"", ""latitude"": 23.5983, ""longitude"": 75.9562}"
location:loc052,Location,LOC052,"{""city"": ""Delhi"", ""latitude"": 28.6839, ""longitude"": 74.9265}"
location:loc053,Location,LOC053,"{""city"": ""Ahmedabad"", ""latitude"": 27.6956, ""longitude"": 75.4404}"
location:loc054,Location,LOC054,"{""city"": ""Ahmedabad"", ""latitude"": 27.102, ""longitude"": 74.7792}"
location:loc055,Location,LOC055,"{""city"": ""Surat"", ""latitude"": 26.9094, ""longitude"": 74.3526}"
location:loc056,Location,LOC056,"{""city"": ""Pune"", ""latitude"": 24.2004, ""longitude"": 73.8269}"
location:loc057,Location,LOC057,"{""city"": ""Delhi"", ""latitude"": 27.9393, ""longitude"": 74.0196}"
location:loc058,Location,LOC058,"{""city"": ""Surat"", ""latitude"": 23.0092, ""longitude"": 74.706}"
location:loc059,Location,LOC059,"{""city"": ""Mumbai"", ""latitude"": 28.5245, ""longitude"": 75.6597}"
location:loc060,Location,LOC060,"{""city"": ""Delhi"", ""latitude"": 19.7914, ""longitude"": 77.0736}"
