claim_id_1,claim_id_2,similarity_score,duplicate_type,matching_fields,days_diff,amount_similarity,invoice_similarity,vehicle_similarity,claimant_similarity,fraud_1,fraud_2
CLM00053,CLM00272,0.6257,SIMILAR,"claimant_id, policy_id, city, claim_type",45,0.8568,0.0,0.1,1.0,0,0
CLM00170,CLM00247,0.612,SIMILAR,"claimant_id, invoice_id, city, claim_type",38,0.8885,1.0,0.0,1.0,0,0
CLM00033,CLM00052,0.6022,SIMILAR,"claimant_id, policy_id, close_date_30d, city",26,0.8915,0.0,0.0,1.0,1,0
CLM00126,CLM00170,0.5836,SIMILAR,"claimant_id, close_date_30d, exact_amount, city, claim_type",13,0.98,0.0,0.0,1.0,0,0
CLM00006,CLM00211,0.5703,SIMILAR,"claimant_id, vehicle_id, close_date_30d, city",27,0.5978,0.0,1.0,1.0,0,0
CLM00132,CLM00162,0.5685,SIMILAR,"policy_id, vehicle_id, close_date_30d, claim_type",30,0.5729,0.0,1.0,0.2359,0,0
CLM00146,CLM00262,0.5672,SIMILAR,"claimant_id, close_date_7d, city, claim_type",4,0.7412,0.0,0.1,1.0,1,0
CLM00040,CLM00062,0.5634,SIMILAR,"claimant_id, close_date_7d, city, claim_type",1,0.4795,0.0,0.0,1.0,0,0
CLM00207,CLM00252,0.5508,SIMILAR,"claimant_id, close_date_30d, close_amount_10pct, city, claim_type",24,0.9269,0.0,0.0,1.0,1,0
CLM00160,CLM00202,0.5498,POSSIBLE_DUPLICATE,"vehicle_id, close_date_30d, city, claim_type",12,0.6761,0.0,1.0,0.2205,1,0
CLM00034,CLM00290,0.5496,POSSIBLE_DUPLICATE,"vehicle_id, close_date_7d, claim_type",2,0.8988,0.0,1.0,0.2359,1,1
CLM00067,CLM00142,0.545,POSSIBLE_DUPLICATE,"policy_id, invoice_id, provider_id, close_date_30d, city",23,0.6273,1.0,0.1,0.2359,0,1
CLM00021,CLM00185,0.5448,SIMILAR,"claimant_id, close_date_30d, city, claim_type",19,0.7375,0.0,0.0,1.0,1,1
CLM00088,CLM00312,0.5423,SIMILAR,"claimant_id, provider_id, close_date_30d, city, claim_type",21,0.4723,0.3,0.0,1.0,0,0
CLM00028,CLM00090,0.5418,SIMILAR,"policy_id, close_date_7d, city, claim_type",6,0.6853,0.0,0.0,0.2513,1,0
CLM00111,CLM00212,0.5376,SIMILAR,"claimant_id, provider_id, close_date_7d, city",5,0.7705,0.3,0.1,1.0,1,1
CLM00050,CLM00179,0.5373,POSSIBLE_DUPLICATE,"vehicle_id, close_date_7d, exact_amount, city",5,0.951,0.0,1.0,0.2359,1,0
CLM00212,CLM00237,0.5364,SIMILAR,"policy_id, close_date_7d, exact_amount, claim_type",4,0.9618,0.0,0.1,0.2359,1,0
CLM00215,CLM00249,0.5363,SIMILAR,"claimant_id, close_date_30d, city, claim_type",8,0.682,0.0,0.0,1.0,1,0
CLM00293,CLM00296,0.5338,SIMILAR,"claimant_id, close_date_7d, city",5,0.8724,0.0,0.0,1.0,0,0
CLM00079,CLM00193,0.5318,POSSIBLE_DUPLICATE,"vehicle_id, close_date_7d, city, claim_type",6,0.3114,0.0,1.0,0.2359,0,1
CLM00169,CLM00259,0.531,POSSIBLE_DUPLICATE,"vehicle_id, close_date_30d, claim_type",10,0.8762,0.0,1.0,0.2513,0,0
CLM00078,CLM00091,0.5295,SIMILAR,"claimant_id, close_date_30d, city",11,0.8403,0.0,0.1,1.0,0,1
CLM00065,CLM00242,0.5281,SIMILAR,"claimant_id, vehicle_id, provider_id, city",45,0.3299,0.3,1.0,1.0,0,0
CLM00156,CLM00279,0.5266,SIMILAR,"claimant_id, close_date_30d, city",10,0.795,0.0,0.1,1.0,1,0
CLM00098,CLM00276,0.5229,SIMILAR,"claimant_id, provider_id, close_date_30d, city, claim_type",27,0.7283,0.3,0.0,1.0,0,0
CLM00018,CLM00196,0.5209,SIMILAR,"claimant_id, close_date_30d, city, claim_type",16,0.7235,0.0,0.0,1.0,1,0
CLM00059,CLM00168,0.5199,SIMILAR,"policy_id, close_date_7d, exact_amount, claim_type",6,0.9704,0.0,0.0,0.2513,0,0
CLM00045,CLM00304,0.5199,SIMILAR,"claimant_id, close_date_7d, city, claim_type",2,0.3635,0.0,0.0,1.0,0,1
CLM00125,CLM00140,0.5186,SIMILAR,"policy_id, close_date_30d, city, claim_type",15,0.7086,0.0,0.0,0.2359,0,0
CLM00099,CLM00110,0.5185,SIMILAR,"claimant_id, city, claim_type",35,0.8847,0.0,0.0,1.0,0,0
CLM00039,CLM00164,0.5183,SIMILAR,"claimant_id, close_date_30d, city, claim_type",25,0.6326,0.0,0.0,1.0,0,0
CLM00128,CLM00284,0.5178,POSSIBLE_DUPLICATE,"vehicle_id, close_date_7d, claim_type",3,0.8911,0.0,1.0,0.2359,0,0
CLM00068,CLM00233,0.5177,SIMILAR,"claimant_id, close_date_30d, exact_amount, city",8,0.9509,0.0,0.1,1.0,0,0
CLM00049,CLM00192,0.5135,SIMILAR,"policy_id, close_date_30d, city, claim_type",21,0.7724,0.0,0.0,0.2513,0,0
CLM00076,CLM00101,0.5129,SIMILAR,"claimant_id, close_date_30d, exact_amount, city",16,0.9534,0.0,0.0,1.0,0,0
CLM00050,CLM00241,0.5123,SIMILAR,"claimant_id, close_date_30d, city, claim_type",13,0.5726,0.0,0.0,1.0,1,0
CLM00062,CLM00067,0.5111,SIMILAR,"claimant_id, close_date_30d, city",9,0.8961,0.0,0.1,1.0,0,0
CLM00255,CLM00271,0.5091,SIMILAR,"claimant_id, close_date_30d, city",14,0.8598,0.0,0.0,1.0,0,0
CLM00163,CLM00221,0.5083,SIMILAR,"claimant_id, vehicle_id, city, claim_type",66,0.2016,0.0,1.0,1.0,0,1
CLM00158,CLM00269,0.5082,POSSIBLE_DUPLICATE,"vehicle_id, close_date_7d, claim_type",1,0.7335,0.0,1.0,0.2513,0,0
CLM00196,CLM00213,0.5075,SIMILAR,"claimant_id, close_date_30d, close_amount_10pct, city",17,0.9194,0.0,0.0,1.0,0,0
CLM00078,CLM00270,0.5054,SIMILAR,"vehicle_id, close_date_30d, city, claim_type",17,0.3222,0.0,1.0,0.2359,0,0
CLM00109,CLM00220,0.5052,SIMILAR,"policy_id, provider_id, close_date_7d, claim_type",6,0.5186,0.3,0.0,0.2513,0,0
CLM00060,CLM00269,0.5052,SIMILAR,"claimant_id, close_date_30d, city, claim_type",29,0.7413,0.0,0.1,1.0,1,0
CLM00070,CLM00227,0.5041,SIMILAR,"claimant_id, close_date_30d, city",8,0.6552,0.0,0.0,1.0,1,0
CLM00006,CLM00050,0.5039,POSSIBLE_DUPLICATE,"vehicle_id, close_date_30d, exact_amount, claim_type",12,0.9821,0.0,1.0,0.2359,0,1
CLM00107,CLM00285,0.5036,POSSIBLE_DUPLICATE,"vehicle_id, close_date_30d, exact_amount, claim_type",11,0.968,0.0,1.0,0.2359,0,0
CLM00017,CLM00079,0.5025,SIMILAR,"claimant_id, close_date_30d, city, claim_type",11,0.1097,0.0,0.0,1.0,0,0
CLM00150,CLM00252,0.5,POSSIBLE_DUPLICATE,"vehicle_id, close_date_30d, claim_type",10,0.8976,0.0,1.0,0.2359,0,0
CLM00046,CLM00254,0.4951,SIMILAR,"claimant_id, city, claim_type",46,0.7661,0.0,0.1,1.0,0,0
CLM00202,CLM00271,0.4941,SIMILAR,"policy_id, close_date_30d, city, claim_type",24,0.5685,0.0,0.1,0.2205,0,0
CLM00134,CLM00181,0.4933,SIMILAR,"invoice_id, close_date_30d, close_amount_10pct, city, claim_type",14,0.9299,1.0,0.0,0.2359,0,0
CLM00126,CLM00247,0.4927,SIMILAR,"claimant_id, city, claim_type",51,0.8707,0.0,0.1,1.0,0,0
CLM00181,CLM00261,0.492,SIMILAR,"claimant_id, close_date_7d, city",1,0.3637,0.0,0.0,1.0,0,0
CLM00238,CLM00319,0.491,SIMILAR,"claimant_id, vehicle_id, city",43,0.2044,0.0,1.0,1.0,0,0
CLM00233,CLM00239,0.4908,SIMILAR,"policy_id, close_date_30d, city, claim_type",10,0.1455,0.0,0.1,0.2359,0,0
CLM00001,CLM00320,0.4903,SIMILAR,"claimant_id, close_date_30d, close_amount_10pct, city",25,0.9476,0.0,0.0,1.0,1,0
CLM00220,CLM00223,0.4896,SIMILAR,"claimant_id, close_date_7d, city",3,0.5304,0.0,0.1,1.0,0,0
CLM00247,CLM00314,0.4892,SIMILAR,"claimant_id, close_date_30d, city, claim_type",10,0.1106,0.0,0.1,1.0,0,0
CLM00053,CLM00095,0.489,SIMILAR,"claimant_id, close_date_30d, city",13,0.7747,0.0,0.1,1.0,0,0
CLM00029,CLM00270,0.489,SIMILAR,"claimant_id, close_date_30d, city",9,0.5299,0.0,0.0,1.0,0,0
CLM00039,CLM00156,0.4888,SIMILAR,"vehicle_id, city, claim_type",37,0.6353,0.0,1.0,0.2513,0,1
CLM00131,CLM00206,0.4884,SIMILAR,"claimant_id, close_date_30d, city, claim_type",12,0.3122,0.0,0.0,1.0,0,0
CLM00004,CLM00006,0.4876,SIMILAR,"claimant_id, close_amount_10pct, city, claim_type",49,0.912,0.0,0.0,1.0,0,0
CLM00126,CLM00166,0.4861,SIMILAR,"policy_id, close_date_30d, claim_type",10,0.5684,0.0,0.1,0.2513,0,0
CLM00119,CLM00313,0.4856,POSSIBLE_DUPLICATE,"vehicle_id, close_date_7d",4,0.8722,0.0,1.0,0.2513,0,0
CLM00009,CLM00012,0.4852,SIMILAR,"claimant_id, provider_id, city, claim_type",41,0.6919,0.3,0.0,1.0,0,0
CLM00112,CLM00212,0.4851,SIMILAR,"claimant_id, close_date_30d, city",23,0.8351,0.0,0.0,1.0,0,1
CLM00078,CLM00093,0.4848,SIMILAR,"claimant_id, close_date_30d, city",20,0.7679,0.0,0.0,1.0,0,0
CLM00028,CLM00272,0.4847,SIMILAR,"claimant_id, close_date_30d, city",12,0.8619,0.0,0.0,1.0,1,0
CLM00251,CLM00272,0.4843,SIMILAR,"invoice_id, close_date_7d, claim_type",3,0.7649,1.0,0.0,0.2359,0,0
CLM00108,CLM00259,0.4838,SIMILAR,"claimant_id, close_date_7d, city",7,0.4413,0.0,0.0,1.0,0,0
CLM00111,CLM00112,0.4834,SIMILAR,"claimant_id, close_date_30d, city, claim_type",28,0.6435,0.0,0.0,1.0,1,0
CLM00033,CLM00223,0.4816,SIMILAR,"claimant_id, close_date_30d, city, claim_type",25,0.5555,0.0,0.0,1.0,1,0
CLM00137,CLM00183,0.4811,SIMILAR,"claimant_id, close_date_30d, close_amount_10pct, city",17,0.9452,0.0,0.0,1.0,0,0
CLM00010,CLM00190,0.4808,SIMILAR,"claimant_id, close_amount_10pct, city, claim_type",53,0.9378,0.0,0.0,1.0,1,0
CLM00004,CLM00078,0.4797,SIMILAR,"policy_id, city, claim_type",34,0.7909,0.0,0.0,0.2359,0,0
CLM00016,CLM00258,0.4796,SIMILAR,"claimant_id, close_date_30d, city",14,0.8708,0.0,0.0,1.0,0,0
CLM00202,CLM00299,0.4784,SIMILAR,"claimant_id, close_date_7d, city",2,0.5531,0.0,0.0,1.0,0,0
CLM00090,CLM00191,0.4783,SIMILAR,"policy_id, close_date_30d, claim_type",15,0.8008,0.0,0.0,0.2359,0,0
CLM00022,CLM00295,0.4768,POSSIBLE_DUPLICATE,"vehicle_id, close_date_7d, claim_type",2,0.1605,0.0,1.0,0.2359,0,1
CLM00058,CLM00298,0.4761,SIMILAR,"policy_id, vehicle_id",35,0.3787,0.0,1.0,0.2359,1,0
CLM00138,CLM00316,0.4759,SIMILAR,"claimant_id, close_date_7d, city",3,0.5528,0.0,0.0,1.0,0,1
CLM00032,CLM00106,0.4755,SIMILAR,"claimant_id, close_date_30d, city, claim_type",12,0.1791,0.0,0.0,1.0,0,0
CLM00165,CLM00170,0.4747,SIMILAR,"claimant_id, close_date_7d, city",5,0.2913,0.0,0.0,1.0,0,0
CLM00004,CLM00210,0.4745,POSSIBLE_DUPLICATE,"vehicle_id, close_date_7d, claim_type",6,0.5129,0.0,1.0,0.2513,0,0
CLM00030,CLM00031,0.4744,POSSIBLE_DUPLICATE,"vehicle_id, close_date_7d, city",4,0.5513,0.0,1.0,0.2513,0,0
CLM00038,CLM00208,0.4724,SIMILAR,"invoice_id, close_date_7d, claim_type",6,0.7171,1.0,0.0,0.2359,0,0
CLM00099,CLM00289,0.4722,SIMILAR,"invoice_id, close_date_7d, city",6,0.6337,1.0,0.1,0.2513,0,0
CLM00075,CLM00270,0.4721,SIMILAR,"policy_id, close_date_7d, exact_amount",2,0.9827,0.0,0.0,0.2513,0,0
CLM00255,CLM00259,0.4707,SIMILAR,"claimant_id, city, claim_type",98,0.8669,0.0,0.1,1.0,0,0
CLM00144,CLM00234,0.4705,SIMILAR,"provider_id, close_date_30d, close_amount_10pct, city, claim_type",13,0.9274,0.3,0.1,0.2359,0,0
CLM00162,CLM00265,0.4704,SIMILAR,"claimant_id, close_date_7d, city",4,0.5228,0.0,0.0,1.0,0,0
CLM00090,CLM00310,0.4704,POSSIBLE_DUPLICATE,"vehicle_id, close_date_7d, city",1,0.4722,0.0,1.0,0.2359,0,0
CLM00102,CLM00247,0.4693,NO_MATCH,"close_date_7d, close_amount_10pct, city, claim_type",1,0.9152,0.0,0.1,0.2359,0,0
CLM00068,CLM00205,0.4693,SIMILAR,"claimant_id, exact_amount, city, claim_type",47,0.9922,0.0,0.0,1.0,0,0
CLM00185,CLM00260,0.4688,SIMILAR,"claimant_id, close_date_30d, city",9,0.6414,0.0,0.0,1.0,1,0
CLM00028,CLM00191,0.4678,SIMILAR,"policy_id, close_date_30d, claim_type",21,0.8558,0.0,0.0,0.2359,1,0
CLM00030,CLM00197,0.4677,SIMILAR,"claimant_id, close_date_30d, city",15,0.4761,0.0,0.0,1.0,0,0
CLM00140,CLM00169,0.4676,POSSIBLE_DUPLICATE,"vehicle_id, close_date_7d, city",1,0.1481,0.0,1.0,0.2359,0,0
CLM00235,CLM00307,0.4665,SIMILAR,"claimant_id, close_amount_10pct, city",40,0.9336,0.0,0.1,1.0,0,0
CLM00247,CLM00262,0.4654,SIMILAR,"policy_id, close_date_7d",2,0.8011,0.0,0.1,0.2359,0,0
CLM00002,CLM00167,0.4651,SIMILAR,"claimant_id, close_amount_10pct, city, claim_type",47,0.946,0.0,0.0,1.0,0,0
CLM00019,CLM00166,0.464,SIMILAR,"claimant_id, close_date_30d, city",26,0.705,0.0,0.0,1.0,1,0
CLM00084,CLM00308,0.464,SIMILAR,"claimant_id, city, claim_type",39,0.2798,0.0,0.1,1.0,0,0
CLM00056,CLM00246,0.4629,SIMILAR,"claimant_id, close_date_30d, city",14,0.2434,0.0,0.1,1.0,0,0
CLM00054,CLM00190,0.4623,SIMILAR,"claimant_id, close_date_30d, city",26,0.5476,0.0,0.1,1.0,1,0
CLM00024,CLM00149,0.462,SIMILAR,"claimant_id, close_date_7d, city",6,0.4846,0.0,0.0,1.0,0,0
CLM00040,CLM00067,0.4615,SIMILAR,"claimant_id, close_date_30d, city",8,0.535,0.0,0.0,1.0,0,0
CLM00045,CLM00213,0.4611,POSSIBLE_DUPLICATE,"vehicle_id, close_date_7d, claim_type",7,0.1075,0.0,1.0,0.2513,0,0
CLM00021,CLM00260,0.4605,SIMILAR,"claimant_id, close_date_30d, city",28,0.8696,0.0,0.1,1.0,1,0
CLM00011,CLM00202,0.46,SIMILAR,"vehicle_id, close_date_30d, close_amount_10pct, city",25,0.9466,0.0,1.0,0.2513,0,0
CLM00019,CLM00043,0.4597,SIMILAR,"claimant_id, close_date_30d, city",27,0.8423,0.0,0.1,1.0,1,0
CLM00023,CLM00217,0.4595,NO_MATCH,"close_date_7d, exact_amount, city, claim_type",2,0.9874,0.0,0.0,0.2359,1,0
CLM00051,CLM00109,0.4594,SIMILAR,"policy_id, close_date_7d",6,0.8367,0.0,0.1,0.2359,0,0
CLM00100,CLM00230,0.4576,POSSIBLE_DUPLICATE,"vehicle_id, close_date_7d, close_amount_10pct",4,0.923,0.0,1.0,0.2359,0,1
CLM00126,CLM00165,0.4576,SIMILAR,"claimant_id, close_date_30d, city",18,0.2854,0.0,0.1,1.0,0,0
CLM00038,CLM00193,0.457,SIMILAR,"claimant_id, close_date_30d, city",30,0.8847,0.0,0.1,1.0,0,1
CLM00148,CLM00255,0.4565,SIMILAR,"policy_id, close_date_7d, close_amount_10pct",5,0.9472,0.0,0.0,0.2359,0,0
CLM00148,CLM00194,0.4564,SIMILAR,"claimant_id, exact_amount, city, claim_type",52,0.974,0.0,0.0,1.0,0,0
CLM00205,CLM00233,0.4564,SIMILAR,"claimant_id, exact_amount, city",39,0.9584,0.0,0.0,1.0,0,0
CLM00006,CLM00302,0.456,SIMILAR,"claimant_id, close_date_7d, city",7,0.4555,0.0,0.0,1.0,0,0
CLM00117,CLM00168,0.4558,SIMILAR,"claimant_id, close_date_7d, city",3,0.0525,0.0,0.0,1.0,0,0
CLM00082,CLM00213,0.4553,NO_MATCH,"close_date_7d, city, claim_type",6,0.8964,0.0,0.1,0.2359,0,0
CLM00203,CLM00315,0.4553,SIMILAR,"policy_id, close_date_7d",1,0.8256,0.0,0.0,0.2359,0,0
CLM00121,CLM00213,0.4551,SIMILAR,"claimant_id, city, claim_type",65,0.7109,0.0,0.1,1.0,0,0
CLM00008,CLM00297,0.4551,SIMILAR,"policy_id, close_date_30d, city",11,0.3932,0.0,0.1,0.2513,0,0
CLM00146,CLM00157,0.4548,SIMILAR,"claimant_id, close_date_7d, city",2,0.1672,0.0,0.1,1.0,1,0
CLM00006,CLM00179,0.4545,POSSIBLE_DUPLICATE,"vehicle_id, close_date_7d, exact_amount",7,0.9683,0.0,1.0,0.2359,0,0
CLM00153,CLM00235,0.4545,SIMILAR,"claimant_id, close_date_7d, city",6,0.4143,0.0,0.0,1.0,0,0
CLM00029,CLM00244,0.4542,SIMILAR,"claimant_id, city, claim_type",156,0.7066,0.0,0.1,1.0,0,0
CLM00012,CLM00101,0.4542,POSSIBLE_DUPLICATE,"vehicle_id, close_date_7d, claim_type",4,0.2852,0.0,1.0,0.2359,0,0
CLM00099,CLM00259,0.4542,NO_MATCH,"close_date_7d, city, claim_type",6,0.8847,0.0,0.1,0.2359,0,0
CLM00112,CLM00119,0.4541,NO_MATCH,"close_date_7d, exact_amount, city, claim_type",4,0.9787,0.0,0.0,0.2359,0,0
CLM00143,CLM00282,0.4538,SIMILAR,"policy_id, close_date_7d",1,0.789,0.0,0.0,0.2513,0,1
CLM00135,CLM00249,0.4534,NO_MATCH,"close_date_7d, close_amount_10pct, city, claim_type",3,0.9346,0.0,0.0,0.2513,0,0
CLM00084,CLM00317,0.4523,SIMILAR,"policy_id, close_date_30d, claim_type",8,0.3758,0.0,0.0,0.2359,0,0
CLM00069,CLM00134,0.4515,NO_MATCH,"exact_date, city, claim_type",0,0.8673,0.0,0.0,0.2359,0,0
CLM00231,CLM00282,0.4513,SIMILAR,"policy_id, provider_id, close_date_30d",17,0.8544,0.3,0.0,0.2513,0,1
CLM00223,CLM00238,0.4505,SIMILAR,"claimant_id, city, claim_type",60,0.8147,0.0,0.0,1.0,0,0
CLM00245,CLM00284,0.4503,SIMILAR,"claimant_id, close_date_30d, city",12,0.5128,0.0,0.0,1.0,1,0
CLM00231,CLM00296,0.4503,NO_MATCH,"exact_date, city, claim_type",0,0.8502,0.0,0.0,0.2359,0,0
CLM00157,CLM00262,0.4497,SIMILAR,"claimant_id, close_date_7d, city",6,0.2255,0.0,0.1,1.0,0,0
CLM00071,CLM00130,0.4495,SIMILAR,"claimant_id, close_date_30d, city",12,0.5098,0.0,0.0,1.0,0,0
CLM00150,CLM00209,0.449,SIMILAR,"policy_id, close_date_30d, exact_amount",10,0.9871,0.0,0.0,0.2359,0,0
CLM00067,CLM00231,0.4489,SIMILAR,"claimant_id, city, claim_type",86,0.6633,0.0,0.1,1.0,0,0
CLM00153,CLM00307,0.4475,SIMILAR,"claimant_id, city, claim_type",34,0.4437,0.0,0.0,1.0,0,0
CLM00020,CLM00124,0.4472,SIMILAR,"claimant_id, close_date_30d, city",19,0.2116,0.0,0.1,1.0,0,0
CLM00138,CLM00243,0.4468,SIMILAR,"policy_id, close_date_30d, close_amount_10pct",9,0.9398,0.0,0.0,0.2359,0,0
CLM00291,CLM00317,0.4467,SIMILAR,"invoice_id, close_date_30d, city",14,0.6139,1.0,0.1,0.2359,0,0
CLM00002,CLM00023,0.4467,SIMILAR,"claimant_id, provider_id, close_amount_10pct, city",179,0.9219,0.3,0.1,1.0,0,1
CLM00050,CLM00277,0.4465,SIMILAR,"policy_id, close_date_7d",4,0.6681,0.0,0.1,0.2359,1,0
CLM00222,CLM00281,0.446,SIMILAR,"claimant_id, provider_id, city",32,0.6794,0.3,0.0,1.0,0,0
CLM00041,CLM00113,0.446,NO_MATCH,"close_date_30d, close_amount_10pct, city, claim_type",13,0.9471,0.0,0.1,0.2513,0,0
CLM00091,CLM00093,0.446,SIMILAR,"claimant_id, city",31,0.6453,0.0,0.0,1.0,1,0
CLM00065,CLM00256,0.4455,SIMILAR,"claimant_id, city, claim_type",87,0.6196,0.0,0.1,1.0,0,0
CLM00006,CLM00078,0.4453,NO_MATCH,"provider_id, close_date_30d, city, claim_type",15,0.7213,0.3,0.1,0.2359,0,0
CLM00178,CLM00224,0.4451,SIMILAR,"claimant_id, close_date_30d, city",23,0.4547,0.0,0.0,1.0,0,0
CLM00124,CLM00146,0.445,SIMILAR,"policy_id, close_date_30d, city",18,0.6378,0.0,0.0,0.2359,0,1
CLM00120,CLM00231,0.4448,SIMILAR,"claimant_id, close_amount_10pct, city, claim_type",55,0.9419,0.0,0.0,1.0,0,0
CLM00154,CLM00200,0.4448,SIMILAR,"policy_id, close_date_7d",3,0.5987,0.0,0.1,0.2513,0,0
CLM00220,CLM00319,0.4444,SIMILAR,"claimant_id, provider_id, city, claim_type",106,0.473,0.3,0.0,1.0,0,0
CLM00159,CLM00310,0.4444,SIMILAR,"claimant_id, close_date_30d, city",24,0.7635,0.0,0.0,1.0,0,0
CLM00115,CLM00160,0.4438,SIMILAR,"claimant_id, close_date_30d, city",18,0.607,0.0,0.0,1.0,1,1
CLM00036,CLM00104,0.4438,SIMILAR,"claimant_id, provider_id, close_date_30d, city",17,0.2873,0.3,0.0,1.0,0,0
CLM00083,CLM00239,0.4436,SIMILAR,"claimant_id, city, claim_type",36,0.4508,0.0,0.0,1.0,0,0
CLM00142,CLM00277,0.4436,NO_MATCH,"close_date_7d, city, claim_type",7,0.8088,0.0,0.1,0.2359,1,0
CLM00059,CLM00098,0.4435,SIMILAR,"vehicle_id, close_date_30d, claim_type",25,0.6987,0.0,1.0,0.2359,0,0
CLM00109,CLM00198,0.4434,SIMILAR,"invoice_id, close_date_30d, city",11,0.6472,1.0,0.0,0.2359,0,1
CLM00065,CLM00190,0.4427,POSSIBLE_DUPLICATE,"vehicle_id, close_date_30d, close_amount_10pct",11,0.9237,0.0,1.0,0.2513,0,0
CLM00166,CLM00270,0.4425,SIMILAR,"vehicle_id, close_date_30d, city",24,0.4818,0.0,1.0,0.2359,0,0
CLM00010,CLM00054,0.4419,SIMILAR,"claimant_id, close_date_30d, city",27,0.5136,0.0,0.0,1.0,1,1
CLM00079,CLM00270,0.4415,NO_MATCH,"close_date_7d, close_amount_10pct, city, claim_type",7,0.9328,0.0,0.0,0.2359,0,0
CLM00108,CLM00226,0.4413,NO_MATCH,"close_date_7d, city, claim_type",2,0.6701,0.0,0.1,0.2359,0,0
CLM00003,CLM00261,0.4413,SIMILAR,"claimant_id, city, claim_type",220,0.7331,0.0,0.0,1.0,0,0
CLM00162,CLM00218,0.4412,SIMILAR,"invoice_id, close_date_7d, city",4,0.7595,1.0,0.0,0.2359,0,0
CLM00018,CLM00225,0.4409,NO_MATCH,"close_date_7d, city, claim_type",2,0.6613,0.0,0.1,0.2359,1,0
CLM00100,CLM00101,0.4408,SIMILAR,"claimant_id, city, claim_type",47,0.3927,0.0,0.0,1.0,0,0
CLM00127,CLM00182,0.4403,SIMILAR,"vehicle_id, close_date_30d, claim_type",21,0.5662,0.0,1.0,0.2359,1,0
CLM00051,CLM00150,0.4399,SIMILAR,"policy_id, city, claim_type",49,0.7665,0.0,0.0,0.2359,0,0
CLM00122,CLM00279,0.4397,SIMILAR,"claimant_id, city",41,0.8413,0.0,0.0,1.0,0,0
CLM00033,CLM00293,0.4397,SIMILAR,"invoice_id, close_date_30d, city",21,0.865,1.0,0.0,0.2359,1,0
CLM00132,CLM00208,0.4394,SIMILAR,"claimant_id, provider_id, city, claim_type",189,0.7126,0.3,0.0,1.0,0,0
CLM00044,CLM00271,0.439,NO_MATCH,"close_date_7d, exact_amount, city, claim_type",3,0.9681,0.0,0.1,0.2359,0,0
CLM00173,CLM00284,0.439,NO_MATCH,"close_date_30d, exact_amount, city, claim_type",10,0.9964,0.0,0.0,0.2359,0,0
CLM00194,CLM00287,0.4389,SIMILAR,"policy_id, close_date_30d, city",29,0.8703,0.0,0.0,0.2359,0,0
CLM00058,CLM00274,0.4386,POSSIBLE_DUPLICATE,"vehicle_id, close_date_30d, claim_type",13,0.0328,0.0,1.0,0.2513,1,0
CLM00277,CLM00285,0.4375,SIMILAR,"claimant_id, exact_amount, city, claim_type",134,0.9939,0.0,0.0,1.0,0,0
CLM00061,CLM00160,0.4373,SIMILAR,"policy_id, close_date_30d, close_amount_10pct",13,0.9104,0.0,0.0,0.2513,0,1
CLM00214,CLM00280,0.4371,SIMILAR,"claimant_id, exact_amount, city, claim_type",241,0.9905,0.0,0.0,1.0,1,0
CLM00121,CLM00124,0.437,POSSIBLE_DUPLICATE,"vehicle_id, close_date_7d",2,0.6575,0.0,1.0,0.2359,0,0
CLM00051,CLM00220,0.4367,SIMILAR,"policy_id, exact_date",0,0.6198,0.0,0.0,0.2359,0,0
CLM00047,CLM00064,0.4365,SIMILAR,"claimant_id, city, claim_type",48,0.2246,0.0,0.1,1.0,0,0
CLM00136,CLM00229,0.4357,POSSIBLE_DUPLICATE,"vehicle_id, close_date_7d",1,0.6385,0.0,1.0,0.2359,0,0
CLM00116,CLM00273,0.4356,NO_MATCH,"close_date_7d, close_amount_10pct, city, claim_type",3,0.9375,0.0,0.1,0.2359,0,0
CLM00215,CLM00217,0.4345,SIMILAR,"vehicle_id, close_date_30d, close_amount_10pct",25,0.9079,0.0,1.0,0.2359,1,0
CLM00192,CLM00264,0.4344,SIMILAR,"claimant_id, close_date_30d, city",21,0.5882,0.0,0.0,1.0,0,0
CLM00082,CLM00281,0.4341,SIMILAR,"claimant_id, city, claim_type",32,0.256,0.0,0.0,1.0,0,0
CLM00246,CLM00300,0.4339,SIMILAR,"policy_id, close_date_30d, city",21,0.4396,0.0,0.1,0.2513,0,0
CLM00231,CLM00298,0.4336,SIMILAR,"claimant_id, close_date_30d, city",25,0.5301,0.0,0.1,1.0,0,0
CLM00049,CLM00200,0.4335,NO_MATCH,"close_date_7d, city, claim_type",4,0.7881,0.0,0.0,0.2359,0,0
CLM00026,CLM00190,0.4334,SIMILAR,"policy_id, close_date_30d",12,0.8863,0.0,0.0,0.2359,0,0
CLM00194,CLM00300,0.4331,SIMILAR,"claimant_id, close_date_30d, city",10,0.3098,0.0,0.0,1.0,0,0
CLM00275,CLM00318,0.4327,SIMILAR,"policy_id, close_date_30d, claim_type",20,0.3338,0.0,0.1,0.2359,0,1
CLM00040,CLM00053,0.4325,SIMILAR,"invoice_id, close_date_30d, claim_type",17,0.898,1.0,0.0,0.2359,0,0
CLM00237,CLM00297,0.4319,POSSIBLE_DUPLICATE,"vehicle_id, invoice_id, city",200,0.5566,1.0,1.0,0.2359,0,0
CLM00272,CLM00310,0.4318,NO_MATCH,"close_date_7d, city, claim_type",5,0.7996,0.0,0.0,0.2359,0,0
CLM00091,CLM00270,0.4318,SIMILAR,"invoice_id, close_date_7d, city",6,0.2708,1.0,0.1,0.2359,1,0
CLM00038,CLM00136,0.4318,SIMILAR,"policy_id, close_date_30d, claim_type",30,0.6803,0.0,0.0,0.2513,0,0
CLM00138,CLM00233,0.4315,NO_MATCH,"close_date_7d, exact_amount, city, claim_type",1,0.9561,0.0,0.0,0.2513,0,0
CLM00032,CLM00118,0.4315,NO_MATCH,"close_date_7d, exact_amount, city, claim_type",1,0.993,0.0,0.0,0.2359,0,0
CLM00229,CLM00288,0.4309,NO_MATCH,"close_date_30d, exact_amount, city, claim_type",13,0.9813,0.0,0.0,0.2359,0,1
CLM00075,CLM00318,0.4305,NO_MATCH,"close_date_7d, city, claim_type",1,0.6523,0.0,0.0,0.2513,0,1
CLM00208,CLM00272,0.4303,SIMILAR,"policy_id, close_date_30d, exact_amount",23,0.9756,0.0,0.1,0.2359,0,0
CLM00256,CLM00282,0.4301,NO_MATCH,"close_date_30d, city, claim_type",10,0.8979,0.0,0.0,0.2359,0,1
CLM00057,CLM00141,0.4301,SIMILAR,"claimant_id, close_date_30d, city",24,0.4755,0.0,0.1,1.0,0,0
CLM00006,CLM00295,0.4299,SIMILAR,"vehicle_id, close_date_30d",26,0.8968,0.0,1.0,0.2359,0,1
CLM00011,CLM00257,0.4297,SIMILAR,"policy_id, close_date_30d, city",10,0.3308,0.0,0.0,0.2205,0,1
CLM00032,CLM00228,0.4296,SIMILAR,"vehicle_id, claim_type",39,0.8834,0.0,1.0,0.2513,0,0
CLM00013,CLM00106,0.4295,SIMILAR,"invoice_id, close_date_7d, claim_type",1,0.4634,1.0,0.0,0.2359,0,0
CLM00144,CLM00184,0.4293,SIMILAR,"claimant_id, close_date_30d, city",21,0.5275,0.0,0.0,1.0,0,0
CLM00221,CLM00232,0.4291,SIMILAR,"vehicle_id, close_date_30d, claim_type",23,0.4734,0.0,1.0,0.2513,1,0
CLM00072,CLM00096,0.429,SIMILAR,"claimant_id, city",36,0.6097,0.0,0.0,1.0,0,1
CLM00095,CLM00272,0.4289,SIMILAR,"claimant_id, city",32,0.6638,0.0,0.1,1.0,0,0
CLM00069,CLM00279,0.4282,NO_MATCH,"close_date_7d, city, claim_type",1,0.8001,0.0,0.1,0.2359,0,0
CLM00110,CLM00249,0.4282,SIMILAR,"vehicle_id, close_date_30d, claim_type",30,0.6892,0.0,1.0,0.2359,0,0
CLM00070,CLM00118,0.4281,SIMILAR,"policy_id, close_date_30d",8,0.7647,0.0,0.0,0.2205,1,0
CLM00170,CLM00314,0.4279,SIMILAR,"claimant_id, close_date_30d, city, claim_type",28,0.0983,0.0,0.0,1.0,0,0
CLM00070,CLM00155,0.4278,SIMILAR,"claimant_id, city",46,0.7029,0.0,0.1,1.0,1,1
CLM00076,CLM00123,0.4277,SIMILAR,"claimant_id, city",32,0.8013,0.0,0.0,1.0,0,0
CLM00004,CLM00211,0.4275,SIMILAR,"claimant_id, close_date_30d, city",22,0.5452,0.0,0.0,1.0,0,0
CLM00108,CLM00271,0.4273,SIMILAR,"claimant_id, city, claim_type",77,0.592,0.0,0.0,1.0,0,0
CLM00109,CLM00135,0.4271,SIMILAR,"vehicle_id, close_amount_10pct, city, claim_type",73,0.918,0.0,1.0,0.2359,0,0
CLM00102,CLM00272,0.4269,POSSIBLE_DUPLICATE,"vehicle_id, close_date_30d",8,0.7163,0.0,1.0,0.2359,0,0
CLM00095,CLM00288,0.4266,NO_MATCH,"close_date_30d, close_amount_10pct, city, claim_type",13,0.9442,0.0,0.0,0.2359,0,1
CLM00201,CLM00252,0.4265,SIMILAR,"claimant_id, close_date_30d, city",8,0.0342,0.0,0.1,1.0,0,0
CLM00086,CLM00172,0.4265,POSSIBLE_DUPLICATE,"vehicle_id, close_date_30d",11,0.7614,0.0,1.0,0.2513,0,0
CLM00211,CLM00295,0.4264,POSSIBLE_DUPLICATE,"vehicle_id, close_date_7d",1,0.5361,0.0,1.0,0.2359,0,1
CLM00071,CLM00218,0.4259,NO_MATCH,"close_date_7d, city, claim_type",4,0.7015,0.0,0.0,0.2359,0,0
CLM00151,CLM00256,0.4258,SIMILAR,"policy_id, close_date_7d",1,0.5299,0.0,0.0,0.2359,0,0
CLM00027,CLM00245,0.4258,NO_MATCH,"close_date_30d, city, claim_type",9,0.8569,0.0,0.0,0.2205,0,1
CLM00091,CLM00264,0.4256,SIMILAR,"claimant_id, city, claim_type",74,0.8799,0.0,0.0,1.0,1,0
CLM00115,CLM00299,0.4254,NO_MATCH,"close_date_7d, city, claim_type",4,0.7421,0.0,0.0,0.2205,1,0
CLM00122,CLM00156,0.4251,SIMILAR,"claimant_id, close_amount_10pct, city",51,0.945,0.0,0.0,1.0,0,1
CLM00261,CLM00305,0.425,SIMILAR,"claimant_id, close_date_30d, city",28,0.679,0.0,0.0,1.0,0,0
CLM00253,CLM00269,0.4248,NO_MATCH,"close_date_30d, city, claim_type",10,0.845,0.0,0.0,0.2359,0,0
CLM00210,CLM00280,0.4247,NO_MATCH,"close_date_7d, city, claim_type",1,0.7907,0.0,0.1,0.2205,0,0
CLM00178,CLM00316,0.4245,SIMILAR,"invoice_id, close_date_30d, claim_type",26,0.892,1.0,0.1,0.2359,0,1
CLM00034,CLM00131,0.4243,NO_MATCH,"close_date_30d, close_amount_10pct, city, claim_type",13,0.9416,0.0,0.0,0.2205,1,0
CLM00134,CLM00279,0.4241,NO_MATCH,"close_date_7d, close_amount_10pct, city, claim_type",1,0.9225,0.0,0.0,0.2359,0,0
CLM00119,CLM00136,0.4238,SIMILAR,"claimant_id, close_date_30d, city",30,0.7074,0.0,0.0,1.0,0,0
CLM00190,CLM00238,0.4236,SIMILAR,"invoice_id, close_date_30d, claim_type",22,0.7929,1.0,0.1,0.2359,0,0
CLM00144,CLM00165,0.4235,SIMILAR,"policy_id, close_date_30d, claim_type",13,0.2074,0.0,0.0,0.2359,0,0
CLM00254,CLM00287,0.4235,SIMILAR,"policy_id, close_date_30d, claim_type",14,0.2014,0.0,0.0,0.2513,0,0
CLM00006,CLM00095,0.4234,SIMILAR,"policy_id, close_date_30d",12,0.597,0.0,0.1,0.2513,0,0
CLM00014,CLM00289,0.423,NO_MATCH,"close_date_7d, city, claim_type",6,0.7326,0.0,0.0,0.2359,0,0
CLM00118,CLM00284,0.4227,SIMILAR,"claimant_id, city, claim_type",147,0.846,0.0,0.0,1.0,0,0
CLM00103,CLM00230,0.4227,SIMILAR,"claimant_id, city, claim_type",79,0.8458,0.0,0.0,1.0,0,1
CLM00165,CLM00247,0.4224,SIMILAR,"claimant_id, city",33,0.3278,0.0,0.1,1.0,0,0
CLM00211,CLM00301,0.4224,NO_MATCH,"exact_date, city, claim_type",0,0.8711,0.0,0.0,0.2359,0,0
CLM00023,CLM00134,0.4223,POSSIBLE_DUPLICATE,"vehicle_id, close_date_7d",5,0.5912,0.0,1.0,0.2359,1,0
CLM00078,CLM00166,0.4222,SIMILAR,"vehicle_id, city",41,0.6688,0.0,1.0,0.2513,0,0
CLM00196,CLM00236,0.4214,NO_MATCH,"close_date_30d, city, claim_type",14,0.8805,0.0,0.0,0.2513,0,0
CLM00075,CLM00101,0.4212,SIMILAR,"vehicle_id, exact_amount, claim_type",58,0.9844,0.0,1.0,0.2513,0,0
CLM00181,CLM00279,0.4207,NO_MATCH,"close_date_30d, city, claim_type",13,0.8579,0.0,0.0,0.2513,0,0
CLM00254,CLM00292,0.4206,NO_MATCH,"close_date_7d, close_amount_10pct, city, claim_type",3,0.9282,0.0,0.0,0.2359,0,0
CLM00197,CLM00312,0.4203,SIMILAR,"policy_id, close_date_30d",8,0.6189,0.0,0.0,0.2513,0,0
CLM00122,CLM00164,0.42,NO_MATCH,"provider_id, close_date_30d, close_amount_10pct, city",11,0.941,0.3,0.1,0.2513,0,0
CLM00006,CLM00270,0.4199,NO_MATCH,"close_date_7d, city, claim_type",2,0.4468,0.0,0.1,0.2359,0,0
CLM00140,CLM00259,0.4198,POSSIBLE_DUPLICATE,"vehicle_id, provider_id, close_date_30d",11,0.1297,0.3,1.0,0.2359,0,0
CLM00031,CLM00184,0.4196,SIMILAR,"policy_id, provider_id, close_date_7d",1,0.1637,0.3,0.0,0.2359,0,0
CLM00219,CLM00280,0.4195,NO_MATCH,"close_date_7d, city, claim_type",1,0.5366,0.0,0.0,0.2513,0,0
CLM00001,CLM00083,0.4195,POSSIBLE_DUPLICATE,"vehicle_id, close_date_7d",3,0.5137,0.0,1.0,0.2359,1,0
CLM00165,CLM00314,0.4194,SIMILAR,"claimant_id, close_date_30d, city",23,0.3375,0.0,0.1,1.0,0,0
CLM00211,CLM00302,0.4193,SIMILAR,"claimant_id, city",34,0.7619,0.0,0.0,1.0,0,0
CLM00199,CLM00255,0.4193,NO_MATCH,"close_date_30d, city, claim_type",14,0.8995,0.0,0.0,0.2359,0,0
CLM00044,CLM00085,0.4192,SIMILAR,"claimant_id, city, claim_type",133,0.8119,0.0,0.0,1.0,0,1
CLM00099,CLM00228,0.419,NO_MATCH,"close_date_7d, close_amount_10pct, city, claim_type",3,0.9173,0.0,0.0,0.2359,0,0
CLM00158,CLM00307,0.4185,SIMILAR,"vehicle_id, close_date_30d, city",25,0.5673,0.0,1.0,0.2359,0,0
CLM00013,CLM00160,0.4185,POSSIBLE_DUPLICATE,"vehicle_id, close_date_7d",1,0.1217,0.0,1.0,0.2513,0,1
CLM00053,CLM00208,0.4183,SIMILAR,"policy_id, close_date_30d",22,0.8359,0.0,0.1,0.2359,0,0
CLM00056,CLM00153,0.4182,SIMILAR,"policy_id, close_date_7d",2,0.4747,0.0,0.0,0.2359,0,0
CLM00267,CLM00297,0.4182,NO_MATCH,"close_date_7d, city, claim_type",4,0.4697,0.0,0.1,0.2359,0,0
CLM00012,CLM00044,0.4181,NO_MATCH,"close_date_7d, city, claim_type",6,0.6796,0.0,0.0,0.2359,0,0
CLM00190,CLM00242,0.4179,SIMILAR,"policy_id, vehicle_id",56,0.3048,0.0,1.0,0.2513,0,0
CLM00270,CLM00301,0.4179,SIMILAR,"policy_id, close_date_30d, city",29,0.651,0.0,0.0,0.2359,0,0
CLM00093,CLM00251,0.4177,NO_MATCH,"close_date_7d, city, claim_type",6,0.7989,0.0,0.1,0.2513,0,0
CLM00005,CLM00166,0.4177,NO_MATCH,"close_date_7d, city, claim_type",4,0.775,0.0,0.1,0.2359,0,0
CLM00050,CLM00290,0.4176,SIMILAR,"claimant_id, city, claim_type",84,0.7905,0.0,0.0,1.0,1,1
CLM00005,CLM00269,0.4173,NO_MATCH,"provider_id, close_date_30d, city, claim_type",29,0.7959,0.3,0.1,0.2359,0,0
CLM00179,CLM00262,0.4172,SIMILAR,"claimant_id, city",44,0.851,0.0,0.1,1.0,0,0
CLM00095,CLM00247,0.417,SIMILAR,"policy_id, close_date_30d",23,0.848,0.0,0.1,0.2359,0,0
CLM00025,CLM00053,0.417,SIMILAR,"invoice_id, claim_type",38,0.7776,1.0,0.1,0.2513,0,0
CLM00054,CLM00071,0.4168,NO_MATCH,"close_date_7d, close_amount_10pct, city, claim_type",5,0.9414,0.0,0.0,0.2359,1,0
CLM00076,CLM00308,0.4168,NO_MATCH,"close_date_30d, exact_amount, city, claim_type",13,0.9962,0.0,0.1,0.2359,0,0
CLM00269,CLM00307,0.4167,SIMILAR,"vehicle_id, close_date_30d",26,0.7734,0.0,1.0,0.2359,0,0
CLM00241,CLM00315,0.4163,POSSIBLE_DUPLICATE,"vehicle_id, close_date_30d",9,0.6354,0.0,1.0,0.2359,0,0
CLM00146,CLM00179,0.4162,SIMILAR,"claimant_id, city",48,0.6307,0.0,0.1,1.0,1,0
CLM00047,CLM00177,0.4162,SIMILAR,"policy_id, close_amount_10pct, city",40,0.9053,0.0,0.0,0.2359,0,0
CLM00187,CLM00218,0.4162,SIMILAR,"claimant_id, city",33,0.3964,0.0,0.0,1.0,1,0
CLM00081,CLM00083,0.416,NO_MATCH,"close_date_7d, exact_amount, city, claim_type",7,0.9735,0.0,0.0,0.2359,0,0
CLM00057,CLM00078,0.4159,SIMILAR,"claimant_id, city, claim_type",173,0.769,0.0,0.0,1.0,0,0
CLM00143,CLM00231,0.4158,SIMILAR,"policy_id, close_date_30d",18,0.6741,0.0,0.1,0.2513,0,0
CLM00064,CLM00189,0.4157,SIMILAR,"policy_id, close_date_30d",13,0.7042,0.0,0.0,0.2513,0,0
CLM00203,CLM00287,0.4156,SIMILAR,"claimant_id, city",32,0.6749,0.0,0.0,1.0,0,0
CLM00039,CLM00066,0.4154,NO_MATCH,"close_date_7d, city, claim_type",2,0.8213,0.0,0.0,0.2513,0,0
CLM00155,CLM00198,0.4153,SIMILAR,"policy_id, close_date_7d",3,0.4755,0.0,0.0,0.2359,1,1
CLM00158,CLM00198,0.4152,NO_MATCH,"provider_id, close_date_30d, city, claim_type",15,0.4151,0.3,0.1,0.2359,0,1
CLM00012,CLM00255,0.4149,SIMILAR,"invoice_id, close_date_30d, city",23,0.8165,1.0,0.1,0.2359,0,0
CLM00025,CLM00295,0.4147,NO_MATCH,"close_date_30d, close_amount_10pct, city, claim_type",11,0.905,0.0,0.1,0.2359,0,1
CLM00097,CLM00273,0.4144,SIMILAR,"claimant_id, city",39,0.8332,0.0,0.0,1.0,0,0
CLM00182,CLM00208,0.4144,NO_MATCH,"close_date_30d, close_amount_10pct, city, claim_type",17,0.9166,0.0,0.0,0.2359,0,0
CLM00222,CLM00244,0.4144,SIMILAR,"claimant_id, city, claim_type",47,0.1384,0.0,0.0,1.0,0,0
CLM00164,CLM00235,0.414,NO_MATCH,"close_date_7d, close_amount_10pct, city, claim_type",6,0.9473,0.0,0.0,0.2359,0,0
CLM00077,CLM00134,0.4137,NO_MATCH,"close_date_30d, exact_amount, city, claim_type",14,0.9895,0.0,0.1,0.2359,1,0
CLM00241,CLM00290,0.4134,SIMILAR,"claimant_id, city, claim_type",71,0.4526,0.0,0.0,1.0,0,1
CLM00253,CLM00264,0.4134,NO_MATCH,"close_date_30d, city, claim_type",9,0.5255,0.0,0.1,0.2513,0,0
CLM00006,CLM00255,0.4133,SIMILAR,"policy_id, claim_type",39,0.7564,0.0,0.0,0.2359,0,0
CLM00018,CLM00125,0.4132,SIMILAR,"claimant_id, city",34,0.3965,0.0,0.0,1.0,1,0
CLM00166,CLM00209,0.4132,NO_MATCH,"close_date_7d, claim_type",1,0.8335,0.0,0.1,0.2513,0,0
CLM00102,CLM00182,0.4131,SIMILAR,"claimant_id, city",32,0.6406,0.0,0.0,1.0,0,0
CLM00020,CLM00157,0.413,NO_MATCH,"close_date_7d, city, claim_type",1,0.8072,0.0,0.0,0.2359,0,0
CLM00207,CLM00257,0.4127,SIMILAR,"vehicle_id, close_date_30d",21,0.5902,0.0,1.0,0.2359,1,1
CLM00062,CLM00298,0.4127,SIMILAR,"claimant_id, provider_id, city",120,0.8918,0.3,0.1,1.0,0,0
CLM00018,CLM00213,0.4126,SIMILAR,"claimant_id, city",33,0.6652,0.0,0.0,1.0,1,0
CLM00126,CLM00145,0.4124,SIMILAR,"vehicle_id, close_date_30d",29,0.7965,0.0,1.0,0.2359,0,1
CLM00115,CLM00151,0.412,NO_MATCH,"close_date_7d, close_amount_10pct, city",1,0.9331,0.0,0.1,0.2359,1,0
CLM00073,CLM00146,0.4119,NO_MATCH,"close_date_7d, exact_amount, city",3,0.9656,0.0,0.1,0.2513,1,1
CLM00023,CLM00141,0.4117,SIMILAR,"policy_id, close_date_7d",3,0.2949,0.0,0.1,0.2359,1,0
CLM00222,CLM00311,0.4117,SIMILAR,"invoice_id, close_date_7d, city",4,0.4428,1.0,0.0,0.2513,0,0
CLM00040,CLM00119,0.4116,NO_MATCH,"close_date_7d, exact_amount, claim_type",1,0.9934,0.0,0.0,0.2359,0,0
CLM00168,CLM00285,0.4115,NO_MATCH,"close_date_30d, exact_amount, city, claim_type",8,0.9934,0.0,0.0,0.2205,0,0
CLM00213,CLM00252,0.4114,NO_MATCH,"close_date_7d, exact_amount, claim_type",1,0.9554,0.0,0.0,0.2513,0,0
CLM00098,CLM00246,0.4113,NO_MATCH,"close_date_30d, exact_amount, city, claim_type",8,0.9651,0.0,0.0,0.2359,0,0
CLM00183,CLM00205,0.4111,SIMILAR,"policy_id, close_date_7d",6,0.5183,0.0,0.0,0.2359,0,0
CLM00059,CLM00071,0.4109,SIMILAR,"policy_id, close_date_7d",6,0.5378,0.0,0.0,0.2205,0,0
CLM00017,CLM00270,0.4109,NO_MATCH,"provider_id, close_date_7d, city, claim_type",4,0.1023,0.3,0.1,0.2359,0,0
CLM00073,CLM00212,0.4109,NO_MATCH,"close_date_7d, city, claim_type",2,0.7808,0.0,0.0,0.2513,1,1
CLM00033,CLM00200,0.4108,POSSIBLE_DUPLICATE,"vehicle_id, close_date_7d",4,0.4606,0.0,1.0,0.2359,1,0
CLM00170,CLM00204,0.4106,SIMILAR,"vehicle_id, exact_amount, claim_type",100,0.9533,0.0,1.0,0.2359,0,0
CLM00233,CLM00292,0.4103,SIMILAR,"claimant_id, city, claim_type",41,0.2469,0.0,0.0,1.0,0,0
CLM00241,CLM00312,0.4103,NO_MATCH,"close_date_7d, city, claim_type",3,0.7944,0.0,0.0,0.2513,0,0
CLM00144,CLM00273,0.4102,POSSIBLE_DUPLICATE,"vehicle_id, close_date_7d",3,0.1334,0.0,1.0,0.2359,0,0
CLM00126,CLM00314,0.4102,SIMILAR,"claimant_id, city, claim_type",41,0.0963,0.0,0.1,1.0,0,0
CLM00095,CLM00145,0.41,NO_MATCH,"close_date_7d, claim_type",1,0.8178,0.0,0.1,0.2359,0,1
CLM00070,CLM00100,0.41,NO_MATCH,"close_date_7d, close_amount_10pct, claim_type",5,0.9176,0.0,0.1,0.2359,1,0
CLM00010,CLM00100,0.4098,NO_MATCH,"close_date_30d, city, claim_type",11,0.7058,0.0,0.0,0.2359,1,0
CLM00029,CLM00091,0.4098,NO_MATCH,"close_date_7d, city, claim_type",3,0.511,0.0,0.0,0.2359,0,1
CLM00190,CLM00193,0.4097,SIMILAR,"claimant_id, city",154,0.8566,0.0,0.1,1.0,0,1
CLM00111,CLM00283,0.4095,SIMILAR,"policy_id, close_date_7d",2,0.3708,0.0,0.0,0.2513,1,0
CLM00221,CLM00254,0.4094,SIMILAR,"vehicle_id, close_amount_10pct, claim_type",69,0.9415,0.0,1.0,0.2359,1,0
CLM00120,CLM00298,0.4094,SIMILAR,"claimant_id, close_date_30d, city",30,0.5627,0.0,0.0,1.0,0,0
CLM00020,CLM00048,0.4092,NO_MATCH,"exact_date, close_amount_10pct, claim_type",0,0.9093,0.0,0.0,0.2513,0,1
CLM00118,CLM00199,0.409,SIMILAR,"policy_id, claim_type",49,0.8428,0.0,0.1,0.2205,0,0
CLM00127,CLM00209,0.409,SIMILAR,"policy_id, close_date_30d",8,0.5061,0.0,0.0,0.2513,1,0
CLM00245,CLM00280,0.409,SIMILAR,"policy_id, close_date_30d",21,0.8316,0.0,0.0,0.2513,1,0
CLM00228,CLM00259,0.4089,NO_MATCH,"close_date_7d, city, claim_type",3,0.8116,0.0,0.0,0.2359,0,0
CLM00132,CLM00261,0.4089,SIMILAR,"policy_id, close_date_30d, claim_type",21,0.2611,0.0,0.0,0.2359,0,0
CLM00019,CLM00058,0.4089,NO_MATCH,"close_date_30d, city, claim_type",16,0.806,0.0,0.0,0.2513,1,1
CLM00294,CLM00307,0.4087,SIMILAR,"vehicle_id, city, claim_type",82,0.7126,0.0,1.0,0.2513,0,0
CLM00225,CLM00256,0.4083,POSSIBLE_DUPLICATE,"vehicle_id, close_date_30d",8,0.5208,0.0,1.0,0.2359,0,0
CLM00225,CLM00297,0.4082,SIMILAR,"claimant_id, city, claim_type",83,0.7008,0.0,0.0,1.0,0,0
CLM00114,CLM00152,0.4081,NO_MATCH,"provider_id, close_date_30d, exact_amount, city",11,0.9721,0.3,0.0,0.2513,1,0
CLM00067,CLM00120,0.408,SIMILAR,"claimant_id, city, claim_type",141,0.7042,0.0,0.0,1.0,0,0
CLM00049,CLM00237,0.4078,SIMILAR,"claimant_id, provider_id, city",108,0.5524,0.3,0.1,1.0,0,0
CLM00097,CLM00251,0.4076,NO_MATCH,"provider_id, close_date_30d, exact_amount, city",10,0.9784,0.3,0.0,0.2359,0,0
CLM00024,CLM00245,0.4073,NO_MATCH,"close_date_7d, city, claim_type",4,0.537,0.0,0.0,0.2205,0,1
CLM00119,CLM00228,0.4072,SIMILAR,"claimant_id, city",155,0.8508,0.0,0.1,1.0,0,0
CLM00025,CLM00272,0.407,NO_MATCH,"close_date_7d, close_amount_10pct, claim_type",7,0.9076,0.0,0.1,0.2513,0,0
CLM00054,CLM00298,0.4069,SIMILAR,"policy_id, claim_type",40,0.7221,0.0,0.0,0.2359,1,0
CLM00079,CLM00308,0.4068,SIMILAR,"claimant_id, close_amount_10pct, city",46,0.9428,0.0,0.0,1.0,0,0
CLM00006,CLM00269,0.4068,SIMILAR,"claimant_id, close_amount_10pct, city",51,0.9027,0.0,0.1,1.0,0,0
CLM00054,CLM00218,0.4067,NO_MATCH,"close_date_7d, city, claim_type",1,0.7452,0.0,0.0,0.2359,1,0
CLM00033,CLM00238,0.4067,SIMILAR,"claimant_id, city, claim_type",85,0.6819,0.0,0.0,1.0,1,0
CLM00006,CLM00060,0.4066,SIMILAR,"claimant_id, city",80,0.8212,0.0,0.1,1.0,0,1
CLM00139,CLM00268,0.4066,NO_MATCH,"close_date_7d, close_amount_10pct, claim_type",7,0.9477,0.0,0.1,0.2359,0,0
CLM00019,CLM00236,0.4063,NO_MATCH,"close_date_7d, city, claim_type",5,0.8406,0.0,0.0,0.2359,1,0
CLM00035,CLM00056,0.4063,NO_MATCH,"close_date_7d, city, claim_type",3,0.4763,0.0,0.0,0.2359,0,0
CLM00026,CLM00175,0.4063,NO_MATCH,"close_date_7d, city, claim_type",7,0.7719,0.0,0.1,0.2205,0,0
CLM00007,CLM00051,0.4062,SIMILAR,"invoice_id, close_date_7d, close_amount_10pct",4,0.9053,1.0,0.0,0.2359,0,0
CLM00070,CLM00230,0.406,NO_MATCH,"provider_id, close_date_7d, city",1,0.8469,0.3,0.1,0.2513,1,1
CLM00010,CLM00311,0.4059,SIMILAR,"claimant_id, close_date_30d, city",18,0.2237,0.0,0.0,1.0,1,0
CLM00109,CLM00268,0.4059,SIMILAR,"claimant_id, city",41,0.5124,0.0,0.0,1.0,0,0
CLM00027,CLM00039,0.4058,SIMILAR,"claimant_id, exact_amount, city",172,0.9782,0.0,0.0,1.0,0,0
CLM00027,CLM00119,0.4057,POSSIBLE_DUPLICATE,"vehicle_id, close_date_30d",9,0.5038,0.0,1.0,0.2513,0,0
CLM00007,CLM00131,0.4056,NO_MATCH,"provider_id, close_date_7d, city, claim_type",7,0.5795,0.3,0.0,0.2359,0,0
CLM00078,CLM00110,0.4056,SIMILAR,"vehicle_id, close_amount_10pct, claim_type",193,0.9091,0.0,1.0,0.2359,0,0
CLM00006,CLM00193,0.4055,NO_MATCH,"close_date_30d, city, claim_type",15,0.7472,0.0,0.0,0.2513,0,1
CLM00054,CLM00162,0.4054,NO_MATCH,"close_date_7d, exact_amount, city",5,0.9812,0.0,0.1,0.2359,1,0
CLM00029,CLM00082,0.4053,SIMILAR,"claimant_id, city",45,0.8884,0.0,0.0,1.0,0,0
CLM00043,CLM00137,0.4053,SIMILAR,"claimant_id, city, claim_type",102,0.6677,0.0,0.0,1.0,0,0
CLM00030,CLM00104,0.4052,SIMILAR,"claimant_id, close_amount_10pct, city",59,0.9412,0.0,0.0,1.0,0,0
CLM00037,CLM00055,0.405,SIMILAR,"claimant_id, close_date_30d, city",12,0.0696,0.0,0.0,1.0,0,0
CLM00042,CLM00256,0.405,SIMILAR,"invoice_id, close_date_7d, claim_type",5,0.3177,1.0,0.0,0.2359,0,0
CLM00175,CLM00289,0.4049,SIMILAR,"invoice_id, close_date_7d",1,0.8,1.0,0.0,0.2513,0,0
CLM00026,CLM00205,0.4049,NO_MATCH,"close_date_7d, close_amount_10pct, claim_type",1,0.9172,0.0,0.0,0.2359,0,0
CLM00073,CLM00173,0.4049,NO_MATCH,"close_date_30d, exact_amount, claim_type",9,0.9566,0.0,0.1,0.2359,1,0
CLM00032,CLM00186,0.4048,NO_MATCH,"close_date_7d, close_amount_10pct, claim_type",1,0.9258,0.0,0.0,0.2359,0,0
CLM00086,CLM00289,0.4046,SIMILAR,"claimant_id, city, claim_type",64,0.6607,0.0,0.0,1.0,0,0
CLM00040,CLM00112,0.4045,NO_MATCH,"close_date_7d, exact_amount, claim_type",3,0.9722,0.0,0.0,0.2359,0,0
CLM00073,CLM00284,0.4045,NO_MATCH,"close_date_7d, exact_amount, claim_type",1,0.9532,0.0,0.0,0.2205,1,0
CLM00012,CLM00033,0.4043,NO_MATCH,"exact_date, claim_type",0,0.8912,0.0,0.0,0.2359,0,1
CLM00068,CLM00243,0.4042,NO_MATCH,"close_date_7d, close_amount_10pct, claim_type",2,0.9449,0.0,0.0,0.2359,0,0
CLM00114,CLM00292,0.4039,SIMILAR,"invoice_id, close_date_7d, claim_type",1,0.2205,1.0,0.0,0.2359,1,0
CLM00162,CLM00289,0.4039,NO_MATCH,"close_date_30d, exact_amount, claim_type",11,0.9804,0.0,0.1,0.2513,0,0
CLM00080,CLM00320,0.4035,SIMILAR,"policy_id, close_date_30d",15,0.622,0.0,0.0,0.2513,1,0
CLM00095,CLM00294,0.4035,SIMILAR,"vehicle_id, exact_amount, city",171,0.9778,0.0,1.0,0.2359,0,0
CLM00007,CLM00191,0.4034,SIMILAR,"claimant_id, exact_amount, city",123,0.9536,0.0,0.0,1.0,0,0
CLM00074,CLM00280,0.4034,SIMILAR,"claimant_id, exact_amount, city",80,0.958,0.0,0.0,1.0,0,0
CLM00047,CLM00207,0.4032,NO_MATCH,"close_date_7d, exact_amount, city",1,0.9996,0.0,0.0,0.2359,0,1
CLM00006,CLM00247,0.4031,SIMILAR,"policy_id, provider_id",35,0.704,0.3,0.1,0.2359,0,0
CLM00219,CLM00245,0.403,SIMILAR,"vehicle_id, close_date_30d",20,0.4462,0.0,1.0,0.2513,0,1
CLM00183,CLM00190,0.4029,NO_MATCH,"close_date_7d, city, claim_type",5,0.5008,0.0,0.0,0.2359,0,0
CLM00043,CLM00230,0.4027,SIMILAR,"policy_id, close_date_30d",30,0.8694,0.0,0.1,0.2359,0,1
CLM00134,CLM00152,0.4026,SIMILAR,"claimant_id, city, claim_type",106,0.6453,0.0,0.0,1.0,0,0
CLM00057,CLM00192,0.4026,SIMILAR,"claimant_id, city",67,0.8009,0.0,0.1,1.0,0,0
CLM00114,CLM00216,0.4025,SIMILAR,"claimant_id, city, claim_type",75,0.6437,0.0,0.0,1.0,1,0
CLM00025,CLM00040,0.4025,SIMILAR,"invoice_id, close_date_30d, claim_type",21,0.6983,1.0,0.0,0.2359,0,0
CLM00127,CLM00260,0.4025,NO_MATCH,"close_date_7d, claim_type",1,0.8669,0.0,0.0,0.2513,1,0
CLM00139,CLM00150,0.4023,NO_MATCH,"close_date_7d, city, claim_type",5,0.4953,0.0,0.0,0.2359,0,0
CLM00060,CLM00152,0.4021,SIMILAR,"invoice_id, close_date_30d",12,0.7732,1.0,0.0,0.2359,1,0
CLM00169,CLM00204,0.402,SIMILAR,"policy_id, close_date_30d",24,0.8767,0.0,0.0,0.2359,0,0
CLM00033,CLM00220,0.402,SIMILAR,"claimant_id, close_date_30d, city",22,0.2947,0.0,0.0,1.0,1,0
CLM00003,CLM00024,0.402,NO_MATCH,"provider_id, close_date_7d, city, claim_type",6,0.183,0.3,0.0,0.2513,0,0
CLM00043,CLM00084,0.4019,NO_MATCH,"close_date_30d, city, claim_type",15,0.7012,0.0,0.0,0.2513,0,0
CLM00018,CLM00098,0.4016,SIMILAR,"vehicle_id, claim_type",42,0.673,0.0,1.0,0.2513,1,0
CLM00152,CLM00198,0.4015,NO_MATCH,"close_date_7d, exact_amount, city",1,0.9874,0.0,0.0,0.2359,0,1
CLM00030,CLM00174,0.4015,NO_MATCH,"close_date_7d, city, claim_type",3,0.623,0.0,0.1,0.2205,0,0
CLM00114,CLM00307,0.4014,NO_MATCH,"close_date_7d, city, claim_type",2,0.7204,0.0,0.0,0.2359,1,0
CLM00123,CLM00136,0.4011,SIMILAR,"policy_id, close_date_7d",5,0.3429,0.0,0.0,0.2513,0,0
CLM00199,CLM00271,0.4009,NO_MATCH,"exact_date, exact_amount, city",0,0.9558,0.0,0.0,0.2359,0,0
CLM00027,CLM00301,0.4009,NO_MATCH,"close_date_7d, close_amount_10pct, claim_type",3,0.9363,0.0,0.0,0.2359,0,0
CLM00192,CLM00200,0.4008,NO_MATCH,"close_date_30d, exact_amount, city, claim_type",25,0.9801,0.0,0.0,0.2359,0,0
CLM00119,CLM00124,0.4007,NO_MATCH,"close_date_30d, city, claim_type",8,0.673,0.0,0.1,0.2513,0,0
CLM00005,CLM00297,0.4005,SIMILAR,"claimant_id, close_amount_10pct, city",140,0.9249,0.0,0.0,1.0,0,0
CLM00255,CLM00257,0.4002,NO_MATCH,"close_date_7d, city, claim_type",3,0.7149,0.0,0.0,0.2359,0,1
CLM00055,CLM00289,0.4001,SIMILAR,"vehicle_id, claim_type",45,0.7791,0.0,1.0,0.2359,0,0
CLM00043,CLM00192,0.3999,NO_MATCH,"close_date_30d, city, claim_type",12,0.7708,0.0,0.1,0.2513,0,0
CLM00058,CLM00315,0.3998,SIMILAR,"claimant_id, city",34,0.5624,0.0,0.0,1.0,1,0
CLM00135,CLM00215,0.3998,NO_MATCH,"close_date_7d, city, claim_type",5,0.7297,0.0,0.0,0.2513,0,1
CLM00015,CLM00154,0.3996,NO_MATCH,"close_date_7d, exact_amount, city",1,0.9538,0.0,0.0,0.2359,0,0
CLM00176,CLM00303,0.3996,NO_MATCH,"close_date_30d, city, claim_type",8,0.553,0.0,0.0,0.2359,0,0
CLM00178,CLM00290,0.3996,NO_MATCH,"close_date_7d, claim_type",1,0.7281,0.0,0.1,0.2359,0,1
CLM00004,CLM00237,0.3995,NO_MATCH,"close_date_30d, close_amount_10pct, city, claim_type",11,0.9184,0.0,0.0,0.2359,0,0
CLM00122,CLM00162,0.3995,NO_MATCH,"close_date_7d, claim_type",4,0.7826,0.0,0.1,0.2359,0,0
CLM00039,CLM00226,0.3994,SIMILAR,"policy_id, close_date_30d",20,0.7461,0.0,0.0,0.2359,0,0
CLM00005,CLM00123,0.3993,NO_MATCH,"close_date_30d, city, claim_type",12,0.4911,0.0,0.1,0.2359,0,0
CLM00091,CLM00141,0.3993,SIMILAR,"claimant_id, city, claim_type",186,0.3073,0.0,0.0,1.0,1,0
CLM00181,CLM00305,0.3993,SIMILAR,"claimant_id, close_date_30d, city",27,0.247,0.0,0.1,1.0,0,0
CLM00128,CLM00287,0.3993,SIMILAR,"claimant_id, provider_id, close_amount_10pct, city",109,0.9026,0.3,0.0,1.0,0,0
CLM00050,CLM00136,0.3993,NO_MATCH,"close_date_7d, exact_amount, city",3,0.9894,0.0,0.0,0.2513,1,0
CLM00012,CLM00152,0.399,NO_MATCH,"provider_id, close_date_7d, exact_amount, claim_type",6,0.9728,0.3,0.0,0.2359,0,0
CLM00225,CLM00290,0.3989,SIMILAR,"policy_id, provider_id, close_date_30d",17,0.3616,0.3,0.0,0.2359,0,1
CLM00136,CLM00142,0.3988,NO_MATCH,"exact_date, claim_type",0,0.8349,0.0,0.0,0.2359,0,1
CLM00135,CLM00175,0.3988,NO_MATCH,"close_date_7d, exact_amount, city",1,0.9505,0.0,0.0,0.2359,0,0
CLM00065,CLM00066,0.3988,SIMILAR,"policy_id, close_date_30d",8,0.4263,0.0,0.0,0.2359,0,0
CLM00034,CLM00059,0.3987,SIMILAR,"claimant_id, exact_amount, city",50,0.9568,0.0,0.0,1.0,1,0
CLM00104,CLM00197,0.3987,SIMILAR,"claimant_id, city",44,0.5058,0.0,0.0,1.0,0,0
CLM00051,CLM00160,0.3986,NO_MATCH,"close_date_7d, close_amount_10pct, city",5,0.9038,0.0,0.1,0.2359,0,1
CLM00004,CLM00060,0.3985,SIMILAR,"claimant_id, close_amount_10pct, city",129,0.9004,0.0,0.0,1.0,0,1
CLM00068,CLM00292,0.3985,SIMILAR,"claimant_id, city",33,0.2347,0.0,0.0,1.0,0,0
CLM00173,CLM00235,0.3983,SIMILAR,"claimant_id, city",152,0.7523,0.0,0.1,1.0,0,0
CLM00091,CLM00170,0.3982,NO_MATCH,"close_date_7d, exact_amount, claim_type",7,0.969,0.0,0.0,0.2513,1,0
CLM00022,CLM00211,0.3982,POSSIBLE_DUPLICATE,"vehicle_id, close_date_7d",3,0.2994,0.0,1.0,0.2359,0,0
CLM00169,CLM00291,0.3981,SIMILAR,"vehicle_id, close_date_30d, claim_type",27,0.2727,0.0,1.0,0.2513,0,0
CLM00015,CLM00061,0.398,NO_MATCH,"close_date_30d, city, claim_type",8,0.7874,0.0,0.0,0.2513,0,0
CLM00085,CLM00181,0.398,NO_MATCH,"close_date_7d, claim_type",1,0.8174,0.0,0.0,0.2513,1,0
CLM00260,CLM00271,0.398,SIMILAR,"policy_id, city",35,0.5714,0.0,0.0,0.2513,0,0
CLM00143,CLM00249,0.3979,SIMILAR,"claimant_id, city",88,0.7477,0.0,0.1,1.0,0,0
CLM00024,CLM00027,0.3978,NO_MATCH,"close_date_30d, city, claim_type",13,0.4601,0.0,0.1,0.2513,0,0
CLM00175,CLM00249,0.3977,NO_MATCH,"close_date_7d, exact_amount, city",2,0.9833,0.0,0.0,0.2359,0,0
CLM00213,CLM00236,0.3976,NO_MATCH,"close_date_7d, exact_amount, city",3,0.9577,0.0,0.0,0.2513,0,0
CLM00118,CLM00204,0.3975,NO_MATCH,"close_date_7d, close_amount_10pct, city",1,0.9257,0.0,0.0,0.2513,0,0
CLM00098,CLM00138,0.3974,NO_MATCH,"close_date_7d, claim_type",1,0.6915,0.0,0.1,0.2359,0,0
CLM00152,CLM00178,0.3973,SIMILAR,"vehicle_id, close_date_30d",27,0.5955,0.0,1.0,0.2359,0,0
CLM00011,CLM00160,0.3972,SIMILAR,"vehicle_id, city",37,0.64,0.0,1.0,0.2359,0,1
CLM00072,CLM00120,0.397,NO_MATCH,"close_date_30d, exact_amount, city, claim_type",27,0.9569,0.0,0.0,0.2513,0,0
CLM00095,CLM00229,0.3969,NO_MATCH,"close_date_30d, exact_amount, city, claim_type",26,0.9622,0.0,0.0,0.2359,0,0
CLM00280,CLM00319,0.3968,SIMILAR,"vehicle_id, city, claim_type",244,0.356,0.0,1.0,0.2205,0,0
CLM00239,CLM00240,0.3968,NO_MATCH,"provider_id, close_date_7d, exact_amount, city",4,0.9845,0.3,0.0,0.2513,0,0
CLM00246,CLM00285,0.3967,NO_MATCH,"close_date_30d, city, claim_type",15,0.6587,0.0,0.0,0.2513,0,0
CLM00032,CLM00034,0.3964,NO_MATCH,"provider_id, close_date_7d, exact_amount, claim_type",7,0.9777,0.3,0.0,0.2359,0,1
CLM00034,CLM00118,0.3963,NO_MATCH,"close_date_30d, exact_amount, claim_type",8,0.9846,0.0,0.0,0.2513,1,0
CLM00170,CLM00313,0.3961,NO_MATCH,"close_date_30d, exact_amount, city, claim_type",14,0.9585,0.0,0.0,0.2359,0,0
CLM00210,CLM00219,0.396,NO_MATCH,"close_date_7d, city, claim_type",2,0.6786,0.0,0.0,0.2205,0,0
CLM00055,CLM00153,0.396,NO_MATCH,"close_date_7d, city, claim_type",7,0.7775,0.0,0.0,0.2359,0,0
CLM00196,CLM00200,0.3959,NO_MATCH,"close_date_7d, city",5,0.8598,0.0,0.1,0.2513,0,0
CLM00091,CLM00314,0.3958,SIMILAR,"vehicle_id, close_date_30d, claim_type",21,0.0953,0.0,1.0,0.2513,1,0
CLM00016,CLM00191,0.3957,SIMILAR,"vehicle_id, close_amount_10pct, city",89,0.9003,0.0,1.0,0.2359,0,0
CLM00016,CLM00236,0.3956,NO_MATCH,"close_date_7d, claim_type",7,0.824,0.0,0.1,0.2359,0,0
CLM00042,CLM00106,0.3956,NO_MATCH,"close_date_30d, city, claim_type",23,0.8835,0.0,0.0,0.2359,0,0
CLM00150,CLM00255,0.3955,NO_MATCH,"close_date_7d, city",4,0.8525,0.0,0.1,0.2359,0,0
CLM00245,CLM00262,0.3954,NO_MATCH,"close_date_7d, claim_type",4,0.7516,0.0,0.1,0.2359,1,0
CLM00151,CLM00264,0.3954,NO_MATCH,"close_date_7d, claim_type",2,0.8603,0.0,0.0,0.2359,0,0
CLM00095,CLM00262,0.3952,SIMILAR,"policy_id, close_date_30d",25,0.6793,0.0,0.1,0.2359,0,0
CLM00091,CLM00166,0.395,NO_MATCH,"provider_id, close_date_30d, city, claim_type",30,0.562,0.3,0.1,0.2513,1,0
CLM00160,CLM00172,0.3948,NO_MATCH,"close_date_7d, exact_amount, claim_type",7,0.9698,0.0,0.0,0.2359,1,0
CLM00071,CLM00168,0.3948,SIMILAR,"policy_id, close_date_30d",12,0.5219,0.0,0.0,0.2205,0,0
CLM00066,CLM00129,0.3947,NO_MATCH,"close_date_30d, city, claim_type",24,0.7501,0.0,0.1,0.2359,0,0
CLM00100,CLM00172,0.3947,NO_MATCH,"close_date_30d, claim_type",9,0.838,0.0,0.1,0.2513,0,0
CLM00060,CLM00264,0.3946,NO_MATCH,"close_date_30d, city, claim_type",10,0.8388,0.0,0.0,0.2359,1,0
CLM00077,CLM00279,0.3945,NO_MATCH,"close_date_30d, close_amount_10pct, city, claim_type",15,0.9323,0.0,0.0,0.2513,1,0
CLM00160,CLM00239,0.3942,SIMILAR,"claimant_id, city",40,0.2203,0.0,0.1,1.0,1,0
CLM00016,CLM00155,0.394,NO_MATCH,"close_date_30d, city, claim_type",10,0.8326,0.0,0.0,0.2359,0,1
CLM00148,CLM00167,0.394,NO_MATCH,"provider_id, close_date_7d, close_amount_10pct, city",3,0.931,0.3,0.0,0.2513,0,0
CLM00078,CLM00165,0.3939,SIMILAR,"policy_id, close_date_30d",13,0.3359,0.0,0.1,0.2513,0,0
CLM00171,CLM00294,0.3939,NO_MATCH,"close_date_30d, exact_amount, city, claim_type",21,0.9705,0.0,0.1,0.2359,0,0
CLM00072,CLM00137,0.3936,SIMILAR,"policy_id, close_date_30d",21,0.704,0.0,0.0,0.2359,0,0
CLM00156,CLM00181,0.3935,NO_MATCH,"close_date_7d, close_amount_10pct, city",3,0.9268,0.0,0.0,0.2513,1,0
CLM00173,CLM00307,0.3933,SIMILAR,"claimant_id, city",112,0.7023,0.0,0.1,1.0,0,0
CLM00219,CLM00283,0.3932,NO_MATCH,"close_date_30d, close_amount_10pct, city",8,0.9294,0.0,0.1,0.2359,0,0
CLM00026,CLM00215,0.3931,NO_MATCH,"close_date_7d, city",1,0.8985,0.0,0.0,0.2359,0,1
CLM00057,CLM00135,0.393,NO_MATCH,"provider_id, close_date_7d, close_amount_10pct, claim_type",7,0.9481,0.3,0.0,0.2359,0,0
CLM00069,CLM00181,0.393,NO_MATCH,"close_date_30d, close_amount_10pct, city, claim_type",14,0.9327,0.0,0.0,0.2359,0,0
CLM00164,CLM00204,0.393,NO_MATCH,"close_date_30d, city, claim_type",20,0.777,0.0,0.0,0.2359,0,0
CLM00103,CLM00262,0.3929,SIMILAR,"vehicle_id, claim_type",67,0.7554,0.0,1.0,0.2513,0,0
CLM00016,CLM00196,0.3928,NO_MATCH,"close_date_7d, close_amount_10pct, claim_type",7,0.9358,0.0,0.0,0.2359,0,0
CLM00011,CLM00136,0.3926,SIMILAR,"vehicle_id, city",37,0.5944,0.0,1.0,0.2359,0,0
CLM00166,CLM00183,0.3925,SIMILAR,"claimant_id, city",138,0.8439,0.0,0.0,1.0,0,0
CLM00241,CLM00260,0.3925,NO_MATCH,"close_date_7d, city",7,0.8977,0.0,0.1,0.2359,0,0
CLM00200,CLM00213,0.3924,NO_MATCH,"close_date_30d, city, claim_type",22,0.7905,0.0,0.0,0.2513,0,0
CLM00013,CLM00202,0.3922,POSSIBLE_DUPLICATE,"vehicle_id, close_date_30d",11,0.18,0.0,1.0,0.2205,0,0
CLM00103,CLM00197,0.3921,NO_MATCH,"close_date_30d, city, claim_type",10,0.7872,0.0,0.0,0.2513,0,0
CLM00112,CLM00124,0.3921,NO_MATCH,"close_date_7d, city, claim_type",4,0.6587,0.0,0.0,0.2359,0,0
CLM00044,CLM00251,0.392,SIMILAR,"vehicle_id, claim_type",97,0.7729,0.0,1.0,0.2359,0,0
CLM00191,CLM00247,0.392,NO_MATCH,"exact_date, city, claim_type",0,0.5773,0.0,0.0,0.2359,0,0
CLM00082,CLM00252,0.392,NO_MATCH,"close_date_7d, close_amount_10pct, claim_type",7,0.9382,0.0,0.0,0.2359,0,0
CLM00058,CLM00196,0.3919,NO_MATCH,"close_date_7d, city, claim_type",7,0.5966,0.0,0.1,0.2359,1,0
CLM00215,CLM00294,0.3919,NO_MATCH,"close_date_7d, close_amount_10pct, city",3,0.9409,0.0,0.0,0.2359,1,0
CLM00045,CLM00197,0.3918,SIMILAR,"policy_id, close_date_30d, city",17,0.0959,0.0,0.0,0.2359,0,0
CLM00109,CLM00206,0.3917,SIMILAR,"invoice_id, close_date_30d, claim_type",15,0.4081,1.0,0.0,0.2513,0,0
CLM00075,CLM00301,0.3916,SIMILAR,"policy_id, close_date_30d",27,0.6625,0.0,0.1,0.2513,0,0
CLM00007,CLM00206,0.3916,NO_MATCH,"close_date_7d, city, claim_type",5,0.5387,0.0,0.1,0.2359,0,0
CLM00125,CLM00304,0.3916,SIMILAR,"policy_id, claim_type",76,0.892,0.0,0.1,0.2513,0,1
CLM00081,CLM00105,0.3915,SIMILAR,"claimant_id, city",220,0.8299,0.0,0.0,1.0,0,1
CLM00224,CLM00267,0.3915,SIMILAR,"invoice_id, city, claim_type",48,0.7319,1.0,0.0,0.2513,0,0
CLM00196,CLM00278,0.3915,SIMILAR,"vehicle_id, close_date_30d",16,0.5714,0.0,1.0,0.2359,0,0
CLM00082,CLM00315,0.3914,NO_MATCH,"close_date_7d, exact_amount, city",4,0.9668,0.0,0.0,0.2359,0,0
CLM00255,CLM00262,0.3913,SIMILAR,"policy_id, provider_id, city",76,0.8607,0.3,0.0,0.2359,0,0
CLM00242,CLM00256,0.3913,SIMILAR,"claimant_id, city",42,0.5325,0.0,0.1,1.0,0,0
CLM00050,CLM00088,0.3913,NO_MATCH,"close_date_7d, city, claim_type",5,0.6552,0.0,0.0,0.2513,1,0
CLM00040,CLM00177,0.3912,NO_MATCH,"close_date_7d, claim_type",4,0.6834,0.0,0.1,0.2513,0,0
CLM00003,CLM00245,0.3912,NO_MATCH,"close_date_7d, city, claim_type",2,0.3408,0.0,0.0,0.2205,0,1
CLM00154,CLM00231,0.3912,NO_MATCH,"provider_id, close_date_30d, claim_type",9,0.834,0.3,0.1,0.2359,0,0
CLM00121,CLM00145,0.3911,NO_MATCH,"close_date_30d, city, claim_type",8,0.727,0.0,0.0,0.2513,0,1
CLM00003,CLM00027,0.391,NO_MATCH,"close_date_7d, city, claim_type",7,0.3976,0.0,0.0,0.2513,0,0
CLM00178,CLM00186,0.391,NO_MATCH,"close_date_7d, city, claim_type",7,0.723,0.0,0.0,0.2359,0,0
CLM00111,CLM00176,0.391,NO_MATCH,"close_date_7d, close_amount_10pct, claim_type",7,0.9319,0.0,0.0,0.2359,1,0
CLM00025,CLM00251,0.391,NO_MATCH,"close_date_7d, claim_type",4,0.8428,0.0,0.0,0.2359,0,0
CLM00092,CLM00171,0.391,SIMILAR,"claimant_id, city, claim_type",79,0.0842,0.0,0.1,1.0,0,0
CLM00136,CLM00260,0.3909,NO_MATCH,"close_date_7d, city, claim_type",3,0.6311,0.0,0.0,0.2359,0,0
CLM00001,CLM00057,0.3909,NO_MATCH,"close_date_30d, claim_type",10,0.8528,0.0,0.1,0.2359,1,0
CLM00160,CLM00181,0.3908,SIMILAR,"policy_id, claim_type",99,0.8745,0.0,0.1,0.2513,1,0
CLM00174,CLM00273,0.3908,SIMILAR,"vehicle_id, close_date_30d",24,0.4856,0.0,1.0,0.2205,0,0
CLM00073,CLM00149,0.3908,SIMILAR,"policy_id, close_date_30d",13,0.4855,0.0,0.0,0.2359,1,0
CLM00264,CLM00296,0.3907,NO_MATCH,"close_date_30d, close_amount_10pct, claim_type",8,0.9444,0.0,0.0,0.2359,0,0
CLM00068,CLM00138,0.3907,NO_MATCH,"close_date_7d, exact_amount, city",7,0.9946,0.0,0.0,0.2513,0,0
CLM00118,CLM00290,0.3906,NO_MATCH,"close_date_7d, close_amount_10pct, claim_type",6,0.9129,0.0,0.0,0.2359,0,1
CLM00131,CLM00256,0.3906,NO_MATCH,"close_date_30d, city, claim_type",10,0.6627,0.0,0.1,0.2359,0,0
CLM00057,CLM00077,0.3905,NO_MATCH,"provider_id, close_date_7d, close_amount_10pct",2,0.9433,0.3,0.1,0.2359,0,1
CLM00060,CLM00231,0.3905,NO_MATCH,"close_date_7d, exact_amount, claim_type",2,0.9572,0.0,0.1,0.2359,1,0
CLM00109,CLM00150,0.3903,SIMILAR,"policy_id, provider_id, close_amount_10pct",43,0.916,0.3,0.0,0.2359,0,0
CLM00252,CLM00304,0.3903,SIMILAR,"invoice_id, close_date_30d, claim_type",10,0.3094,1.0,0.0,0.2359,0,1
CLM00059,CLM00285,0.3903,NO_MATCH,"close_date_7d, exact_amount, claim_type",2,0.9769,0.0,0.1,0.2205,0,0
CLM00031,CLM00234,0.3901,POSSIBLE_DUPLICATE,"vehicle_id, close_date_7d",7,0.2878,0.0,1.0,0.2513,0,0
CLM00070,CLM00172,0.3901,NO_MATCH,"close_date_30d, close_amount_10pct, claim_type",14,0.9133,0.0,0.1,0.2513,1,0
CLM00269,CLM00287,0.3901,SIMILAR,"policy_id, close_date_30d",16,0.5482,0.0,0.0,0.2359,0,0
CLM00107,CLM00140,0.3899,SIMILAR,"claimant_id, close_date_30d, city",27,0.1333,0.0,0.1,1.0,0,0
CLM00052,CLM00277,0.3898,NO_MATCH,"close_date_30d, close_amount_10pct, city, claim_type",28,0.9409,0.0,0.0,0.2359,0,0
CLM00099,CLM00169,0.3897,NO_MATCH,"close_date_30d, exact_amount, claim_type",16,0.9903,0.0,0.1,0.2359,0,0
CLM00093,CLM00111,0.3896,NO_MATCH,"close_date_30d, claim_type",12,0.8984,0.0,0.1,0.2359,0,1
CLM00034,CLM00178,0.3896,NO_MATCH,"close_date_7d, claim_type",1,0.6544,0.0,0.1,0.2205,1,0
CLM00238,CLM00285,0.3895,NO_MATCH,"provider_id, close_date_7d, city",5,0.808,0.3,0.1,0.2359,0,0
CLM00218,CLM00236,0.3894,SIMILAR,"claimant_id, exact_amount, city",95,0.9626,0.0,0.1,1.0,0,0
CLM00065,CLM00215,0.3894,NO_MATCH,"close_date_7d, close_amount_10pct, claim_type",2,0.9365,0.0,0.1,0.2359,0,1
CLM00038,CLM00190,0.3894,SIMILAR,"claimant_id, exact_amount, city",184,0.9682,0.0,0.1,1.0,0,0
CLM00241,CLM00255,0.3894,NO_MATCH,"close_date_30d, city, claim_type",14,0.441,0.0,0.1,0.2359,0,0
CLM00211,CLM00269,0.3893,SIMILAR,"claimant_id, city",78,0.6622,0.0,0.1,1.0,0,0
CLM00027,CLM00159,0.3893,NO_MATCH,"close_date_7d, city",1,0.6904,0.0,0.1,0.2513,0,0
CLM00052,CLM00142,0.3893,NO_MATCH,"close_date_30d, city, claim_type",21,0.761,0.0,0.0,0.2359,0,1
CLM00111,CLM00303,0.3892,NO_MATCH,"close_date_7d, claim_type",1,0.5934,0.0,0.1,0.2513,1,0
CLM00199,CLM00257,0.3892,NO_MATCH,"close_date_30d, city, claim_type",11,0.6431,0.0,0.1,0.2513,0,1
CLM00033,CLM00278,0.3891,NO_MATCH,"close_date_30d, close_amount_10pct, claim_type",15,0.9376,0.0,0.1,0.2513,1,0
CLM00061,CLM00131,0.3891,NO_MATCH,"close_date_7d, city",5,0.7779,0.0,0.1,0.2513,0,0
CLM00169,CLM00186,0.3889,NO_MATCH,"close_date_30d, exact_amount, city, claim_type",25,0.9708,0.0,0.1,0.2513,0,0
CLM00010,CLM00193,0.3889,SIMILAR,"claimant_id, city",101,0.8033,0.0,0.0,1.0,1,1
CLM00071,CLM00240,0.3888,SIMILAR,"policy_id, close_date_7d",5,0.2655,0.0,0.0,0.2359,0,0
CLM00132,CLM00294,0.3888,NO_MATCH,"close_date_30d, close_amount_10pct, claim_type",9,0.9293,0.0,0.0,0.2513,0,0
CLM00093,CLM00295,0.3887,NO_MATCH,"close_date_30d, exact_amount, claim_type",9,0.9547,0.0,0.0,0.2359,0,1
CLM00107,CLM00237,0.3885,SIMILAR,"claimant_id, city",191,0.8044,0.0,0.0,1.0,0,0
CLM00139,CLM00241,0.3885,NO_MATCH,"close_date_7d, exact_amount, city",5,0.9573,0.0,0.0,0.2359,0,0
CLM00074,CLM00214,0.3884,SIMILAR,"claimant_id, close_amount_10pct, city",161,0.9489,0.0,0.1,1.0,0,1
CLM00204,CLM00250,0.3884,SIMILAR,"vehicle_id, city",31,0.0965,0.0,1.0,0.2359,0,0
CLM00122,CLM00246,0.3884,NO_MATCH,"close_date_7d, close_amount_10pct, claim_type",7,0.9063,0.0,0.0,0.2359,0,0
CLM00175,CLM00218,0.3884,NO_MATCH,"close_date_30d, close_amount_10pct, claim_type",8,0.9308,0.0,0.0,0.2359,0,0
CLM00035,CLM00130,0.3884,NO_MATCH,"close_date_30d, claim_type",10,0.7957,0.0,0.1,0.2513,0,0
CLM00166,CLM00269,0.3882,NO_MATCH,"close_date_30d, exact_amount, city, claim_type",25,0.9736,0.0,0.1,0.2513,0,0
CLM00019,CLM00196,0.3882,NO_MATCH,"close_date_30d, city, claim_type",9,0.7402,0.0,0.0,0.2359,1,0
CLM00029,CLM00222,0.3881,SIMILAR,"claimant_id, city, claim_type",109,0.1958,0.0,0.0,1.0,0,0
CLM00081,CLM00320,0.3879,SIMILAR,"vehicle_id, close_date_30d",29,0.5569,0.0,1.0,0.2359,0,0
CLM00298,CLM00317,0.3879,NO_MATCH,"close_date_30d, exact_amount, city, claim_type",17,0.9607,0.0,0.0,0.2359,0,0
CLM00221,CLM00266,0.3878,SIMILAR,"vehicle_id, close_date_30d, city",21,0.1506,0.0,1.0,0.2359,1,0
CLM00049,CLM00082,0.3878,NO_MATCH,"provider_id, city, claim_type",32,0.695,0.3,0.0,0.2513,0,0
CLM00077,CLM00080,0.3878,NO_MATCH,"close_date_7d, city",2,0.7261,0.0,0.1,0.2359,1,1
CLM00062,CLM00091,0.3877,POSSIBLE_DUPLICATE,"vehicle_id, close_date_30d",13,0.42,0.0,1.0,0.2513,0,1
CLM00044,CLM00050,0.3877,SIMILAR,"invoice_id, close_amount_10pct, city",44,0.9253,1.0,0.0,0.2359,0,1
CLM00026,CLM00080,0.3876,NO_MATCH,"close_date_7d, exact_amount, city",1,0.9997,0.0,0.1,0.2359,0,1
CLM00202,CLM00276,0.3876,SIMILAR,"invoice_id, close_date_30d",15,0.8478,1.0,0.1,0.2359,0,0
CLM00024,CLM00163,0.3875,NO_MATCH,"close_date_30d, exact_amount, claim_type",17,0.972,0.0,0.1,0.2513,0,0
CLM00109,CLM00131,0.3874,NO_MATCH,"close_date_7d, claim_type",3,0.765,0.0,0.0,0.2513,0,0
CLM00156,CLM00319,0.3873,SIMILAR,"policy_id, close_date_7d",5,0.2147,0.0,0.0,0.2513,1,0
CLM00066,CLM00149,0.3873,SIMILAR,"claimant_id, city",181,0.7971,0.0,0.0,1.0,0,0
CLM00206,CLM00291,0.3873,NO_MATCH,"close_date_7d, claim_type",7,0.865,0.0,0.0,0.2513,0,0
CLM00024,CLM00262,0.3872,NO_MATCH,"exact_date, claim_type",0,0.7144,0.0,0.0,0.2359,0,0
CLM00036,CLM00147,0.3872,SIMILAR,"policy_id, close_date_30d, city",21,0.1495,0.0,0.0,0.2359,0,0
CLM00106,CLM00252,0.387,SIMILAR,"claimant_id, city",44,0.2481,0.0,0.1,1.0,0,0
CLM00018,CLM00058,0.3868,NO_MATCH,"close_date_30d, city, claim_type",9,0.4317,0.0,0.0,0.2359,1,1
CLM00017,CLM00318,0.3867,SIMILAR,"policy_id, close_date_7d",3,0.1541,0.0,0.0,0.2513,0,1
CLM00224,CLM00311,0.3867,NO_MATCH,"close_date_30d, city, claim_type",20,0.8742,0.0,0.1,0.2359,0,0
CLM00298,CLM00300,0.3867,NO_MATCH,"close_date_7d, city",3,0.7185,0.0,0.1,0.2513,0,0
CLM00003,CLM00305,0.3866,SIMILAR,"claimant_id, close_amount_10pct, city",192,0.9262,0.0,0.1,1.0,0,0
CLM00052,CLM00287,0.3866,NO_MATCH,"exact_amount, city, claim_type",31,0.9836,0.0,0.0,0.2359,0,0
CLM00006,CLM00262,0.3866,SIMILAR,policy_id,37,0.8788,0.0,0.1,0.2359,0,0
CLM00058,CLM00114,0.3866,NO_MATCH,"close_date_30d, exact_amount, claim_type",11,0.9931,0.0,0.0,0.2359,1,1
CLM00157,CLM00212,0.3865,NO_MATCH,"close_date_7d, city, claim_type",1,0.2067,0.0,0.0,0.2513,0,1
CLM00076,CLM00268,0.3865,NO_MATCH,"close_date_7d, claim_type",5,0.8324,0.0,0.0,0.2359,0,0
CLM00054,CLM00193,0.3865,SIMILAR,"claimant_id, city",128,0.6393,0.0,0.1,1.0,1,1
CLM00038,CLM00123,0.3865,SIMILAR,"policy_id, close_date_30d, city",25,0.2332,0.0,0.0,0.2359,0,0
CLM00109,CLM00209,0.3865,SIMILAR,"policy_id, close_amount_10pct, city",53,0.928,0.0,0.0,0.2359,0,0
CLM00099,CLM00175,0.3864,SIMILAR,"invoice_id, provider_id, close_date_7d",7,0.7922,1.0,0.0,0.2359,0,0
CLM00123,CLM00189,0.3864,NO_MATCH,"close_date_30d, exact_amount, city, claim_type",25,0.986,0.0,0.1,0.2359,0,0
CLM00125,CLM00224,0.3863,NO_MATCH,"provider_id, close_date_7d, city",7,0.6548,0.3,0.0,0.2513,0,0
CLM00078,CLM00193,0.3863,NO_MATCH,"close_date_30d, exact_amount, city, claim_type",30,0.9654,0.0,0.0,0.2359,0,1
CLM00027,CLM00313,0.3862,POSSIBLE_DUPLICATE,"vehicle_id, close_date_30d",13,0.4394,0.0,1.0,0.2359,0,0
CLM00072,CLM00080,0.386,NO_MATCH,"close_date_7d, claim_type",2,0.7585,0.0,0.0,0.2359,0,1
CLM00069,CLM00077,0.386,NO_MATCH,"close_date_30d, city, claim_type",14,0.8583,0.0,0.0,0.2359,0,1
CLM00042,CLM00311,0.386,SIMILAR,policy_id,32,0.7621,0.0,0.1,0.2359,0,0
CLM00154,CLM00198,0.386,NO_MATCH,"close_date_7d, claim_type",2,0.8763,0.0,0.1,0.2513,0,1
CLM00114,CLM00255,0.3859,SIMILAR,vehicle_id,40,0.8159,0.0,1.0,0.2359,1,0
CLM00082,CLM00270,0.3856,SIMILAR,"claimant_id, city",36,0.4708,0.0,0.0,1.0,0,0
CLM00102,CLM00191,0.3856,NO_MATCH,"close_date_7d, city, claim_type",1,0.5283,0.0,0.0,0.2359,0,0
CLM00115,CLM00282,0.3856,NO_MATCH,"provider_id, close_date_30d, claim_type",10,0.6325,0.3,0.0,0.2513,1,1
CLM00111,CLM00286,0.3855,NO_MATCH,"close_date_7d, claim_type",4,0.7806,0.0,0.0,0.2513,1,0
CLM00207,CLM00229,0.3855,NO_MATCH,"close_date_7d, city, claim_type",7,0.6771,0.0,0.0,0.2359,1,0
CLM00169,CLM00178,0.3855,NO_MATCH,"provider_id, city, claim_type",32,0.7019,0.3,0.0,0.2359,0,0
CLM00058,CLM00145,0.3854,SIMILAR,"vehicle_id, city",81,0.7965,0.0,1.0,0.2359,1,1
CLM00204,CLM00235,0.3854,NO_MATCH,"close_date_30d, city, claim_type",14,0.8203,0.0,0.0,0.2513,0,0
CLM00002,CLM00277,0.3854,NO_MATCH,"provider_id, close_date_30d, exact_amount, city",8,0.9615,0.3,0.0,0.2513,0,0
CLM00178,CLM00273,0.3853,SIMILAR,"claimant_id, city",87,0.7722,0.0,0.0,1.0,0,0
CLM00026,CLM00294,0.3853,NO_MATCH,"close_date_7d, city",2,0.8454,0.0,0.0,0.2359,0,0
CLM00194,CLM00223,0.3853,NO_MATCH,"close_date_30d, city, claim_type",9,0.7042,0.0,0.0,0.2513,0,0
CLM00107,CLM00186,0.3852,SIMILAR,"vehicle_id, city",51,0.874,0.0,1.0,0.2359,0,0
CLM00059,CLM00132,0.3851,NO_MATCH,"close_date_30d, exact_amount, city, claim_type",24,0.984,0.0,0.1,0.2205,0,0
CLM00074,CLM00166,0.3851,NO_MATCH,"exact_date, claim_type",0,0.7348,0.0,0.0,0.2205,0,0
CLM00004,CLM00159,0.3851,NO_MATCH,"provider_id, close_date_30d, exact_amount, claim_type",24,0.9682,0.3,0.0,0.2513,0,0
CLM00257,CLM00312,0.385,NO_MATCH,"close_date_30d, city, claim_type",14,0.3969,0.0,0.1,0.2359,1,0
CLM00021,CLM00180,0.385,NO_MATCH,"close_date_30d, city, claim_type",11,0.4988,0.0,0.0,0.2205,1,1
CLM00050,CLM00312,0.3849,NO_MATCH,"close_date_30d, city, claim_type",16,0.7208,0.0,0.1,0.2513,1,0
CLM00256,CLM00299,0.3849,NO_MATCH,"close_date_7d, claim_type",4,0.7654,0.0,0.0,0.2513,0,0
CLM00006,CLM00079,0.3848,NO_MATCH,"close_date_30d, city, claim_type",9,0.4167,0.0,0.0,0.2359,0,0
CLM00099,CLM00215,0.3848,NO_MATCH,"close_date_30d, claim_type",13,0.8755,0.0,0.1,0.2359,0,1
CLM00073,CLM00293,0.3846,SIMILAR,"policy_id, exact_amount, claim_type",127,0.9885,0.0,0.0,0.2359,1,0
CLM00040,CLM00120,0.3845,SIMILAR,"claimant_id, city",149,0.7598,0.0,0.0,1.0,0,0
CLM00025,CLM00111,0.3845,NO_MATCH,"provider_id, close_date_30d, close_amount_10pct, claim_type",10,0.9478,0.3,0.0,0.2359,0,1
CLM00101,CLM00123,0.3845,SIMILAR,"claimant_id, city",48,0.764,0.0,0.0,1.0,0,0
CLM00068,CLM00320,0.3844,SIMILAR,vehicle_id,32,0.5662,0.0,1.0,0.2513,0,0
CLM00084,CLM00192,0.3844,NO_MATCH,"close_date_7d, city, claim_type",3,0.5405,0.0,0.0,0.2513,0,0
CLM00151,CLM00231,0.3844,NO_MATCH,"close_date_7d, claim_type",6,0.6908,0.0,0.1,0.2359,0,0
CLM00085,CLM00259,0.3843,SIMILAR,"vehicle_id, city",52,0.5858,0.0,1.0,0.2359,1,0
CLM00244,CLM00265,0.3843,NO_MATCH,"close_date_30d, city, claim_type",15,0.7153,0.0,0.1,0.2359,0,0
CLM00232,CLM00234,0.3843,NO_MATCH,"close_date_30d, city, claim_type",11,0.6062,0.0,0.1,0.2359,0,0
CLM00128,CLM00280,0.3841,NO_MATCH,"close_date_30d, city, claim_type",12,0.4785,0.0,0.0,0.2359,0,0
CLM00115,CLM00293,0.3841,NO_MATCH,"close_date_30d, exact_amount, claim_type",12,0.9982,0.0,0.0,0.2359,1,0
CLM00092,CLM00109,0.384,SIMILAR,"claimant_id, close_date_30d, city",23,0.1296,0.0,0.0,1.0,0,0
CLM00082,CLM00200,0.3839,NO_MATCH,"close_date_30d, city, claim_type",28,0.8818,0.0,0.0,0.2359,0,0
CLM00115,CLM00199,0.3839,NO_MATCH,"close_date_30d, city, claim_type",18,0.7553,0.0,0.1,0.2513,1,0
CLM00167,CLM00257,0.3839,NO_MATCH,"close_date_7d, claim_type",5,0.8107,0.0,0.0,0.2359,0,1
CLM00080,CLM00154,0.3838,SIMILAR,"policy_id, exact_amount, claim_type",89,0.991,0.0,0.0,0.2359,1,0
CLM00009,CLM00271,0.3838,NO_MATCH,"exact_amount, city, claim_type",32,0.9857,0.0,0.0,0.2359,0,0
CLM00148,CLM00158,0.3837,SIMILAR,"invoice_id, close_date_30d",8,0.4744,1.0,0.0,0.2359,0,0
CLM00174,CLM00304,0.3837,NO_MATCH,"close_date_7d, city",3,0.89,0.0,0.0,0.2205,0,1
CLM00130,CLM00224,0.3837,NO_MATCH,"close_date_30d, exact_amount, city",8,0.9631,0.0,0.0,0.2513,0,0
CLM00126,CLM00295,0.3836,SIMILAR,"invoice_id, city",42,0.6835,1.0,0.1,0.2359,0,1
CLM00151,CLM00296,0.3836,NO_MATCH,"close_date_7d, claim_type",6,0.8125,0.0,0.0,0.2513,0,0
CLM00016,CLM00232,0.3835,SIMILAR,"invoice_id, close_date_30d, claim_type",19,0.1622,1.0,0.0,0.2359,0,0
CLM00276,CLM00278,0.3835,SIMILAR,"policy_id, close_date_30d",15,0.4474,0.0,0.0,0.2359,0,0
CLM00295,CLM00303,0.3835,NO_MATCH,"close_date_30d, city, claim_type",20,0.6918,0.0,0.0,0.2359,1,0
CLM00012,CLM00271,0.3834,NO_MATCH,"close_date_30d, city, claim_type",9,0.702,0.0,0.0,0.2359,0,0
CLM00007,CLM00256,0.3832,NO_MATCH,"close_date_30d, city, claim_type",17,0.8745,0.0,0.0,0.2513,0,0
CLM00130,CLM00187,0.383,NO_MATCH,"close_date_30d, close_amount_10pct, city, claim_type",17,0.9021,0.0,0.0,0.2359,0,1
CLM00122,CLM00285,0.383,NO_MATCH,"close_date_30d, claim_type",8,0.7268,0.0,0.1,0.2359,0,0
CLM00143,CLM00253,0.3829,NO_MATCH,"provider_id, close_date_7d, exact_amount",1,0.9708,0.3,0.0,0.2513,0,0
CLM00130,CLM00315,0.3829,SIMILAR,"claimant_id, city, claim_type",92,0.4476,0.0,0.0,1.0,0,0
CLM00033,CLM00287,0.3829,NO_MATCH,"close_date_7d, close_amount_10pct, city",5,0.9063,0.0,0.0,0.2359,1,0
CLM00118,CLM00245,0.3828,SIMILAR,"claimant_id, city",135,0.6062,0.0,0.1,1.0,0,1
CLM00179,CLM00295,0.3827,SIMILAR,vehicle_id,33,0.8684,0.0,1.0,0.2513,0,1
CLM00091,CLM00126,0.3827,NO_MATCH,"close_date_30d, exact_amount, claim_type",20,0.9888,0.0,0.1,0.2513,1,0
CLM00215,CLM00259,0.3827,NO_MATCH,"close_date_30d, exact_amount, claim_type",19,0.9895,0.0,0.1,0.2359,1,0
CLM00281,CLM00308,0.3827,NO_MATCH,"close_date_30d, city, claim_type",15,0.5497,0.0,0.0,0.2359,0,0
CLM00259,CLM00271,0.3826,SIMILAR,"claimant_id, city",84,0.7453,0.0,0.0,1.0,0,0
CLM00004,CLM00280,0.3825,NO_MATCH,"close_date_7d, claim_type",5,0.6486,0.0,0.1,0.2359,0,0
CLM00059,CLM00065,0.3825,NO_MATCH,"close_date_30d, exact_amount, city",14,0.9636,0.0,0.1,0.2359,0,0
CLM00184,CLM00229,0.3825,SIMILAR,"vehicle_id, close_date_30d, city",18,0.0316,0.0,1.0,0.2359,0,0
CLM00246,CLM00293,0.3824,SIMILAR,"claimant_id, city",44,0.6426,0.0,0.0,1.0,0,0
CLM00078,CLM00145,0.3824,NO_MATCH,"close_date_7d, city",2,0.6769,0.0,0.1,0.2359,0,1
CLM00058,CLM00287,0.3823,NO_MATCH,"close_date_7d, exact_amount, claim_type",1,0.9908,0.0,0.0,0.2359,1,0
CLM00151,CLM00198,0.3823,NO_MATCH,"close_date_7d, close_amount_10pct, claim_type",5,0.9453,0.0,0.1,0.2359,0,1
CLM00002,CLM00006,0.3823,NO_MATCH,"exact_date, claim_type",0,0.6309,0.0,0.0,0.2513,0,0
CLM00096,CLM00238,0.3822,NO_MATCH,"close_date_30d, city, claim_type",23,0.7189,0.0,0.0,0.2513,1,0
CLM00100,CLM00187,0.3821,NO_MATCH,"close_date_7d, city, claim_type",4,0.3871,0.0,0.1,0.2513,0,1
CLM00063,CLM00085,0.382,SIMILAR,"claimant_id, city",208,0.7396,0.0,0.0,1.0,0,1
CLM00194,CLM00293,0.382,NO_MATCH,"close_date_30d, close_amount_10pct, city",13,0.9119,0.0,0.1,0.2513,0,0
CLM00224,CLM00273,0.382,SIMILAR,"claimant_id, city",110,0.5888,0.0,0.1,1.0,0,0
CLM00075,CLM00302,0.382,NO_MATCH,"close_date_7d, exact_amount, claim_type",7,0.9981,0.0,0.1,0.2359,0,0
CLM00179,CLM00211,0.382,SIMILAR,vehicle_id,34,0.6174,0.0,1.0,0.2359,0,0
CLM00203,CLM00258,0.3819,NO_MATCH,"close_date_7d, close_amount_10pct, claim_type",5,0.9413,0.0,0.1,0.2359,0,0
CLM00162,CLM00215,0.3819,SIMILAR,"invoice_id, close_date_30d",18,0.5659,1.0,0.1,0.2359,0,1
CLM00037,CLM00235,0.3819,NO_MATCH,"close_date_7d, city, claim_type",1,0.0371,0.0,0.1,0.2359,0,0
CLM00097,CLM00247,0.3819,NO_MATCH,"provider_id, close_date_7d, claim_type",4,0.6119,0.3,0.1,0.2359,0,0
CLM00051,CLM00061,0.3815,NO_MATCH,"close_date_30d, claim_type",8,0.8228,0.0,0.0,0.2513,0,0
CLM00172,CLM00226,0.3815,NO_MATCH,"provider_id, exact_amount, claim_type",32,0.9814,0.3,0.1,0.2513,0,0
CLM00042,CLM00223,0.3814,SIMILAR,"vehicle_id, close_date_30d",21,0.2815,0.0,1.0,0.2359,0,0
CLM00038,CLM00146,0.3814,NO_MATCH,"provider_id, close_date_30d, exact_amount, claim_type",26,0.9854,0.3,0.0,0.2513,0,1
CLM00018,CLM00049,0.3813,NO_MATCH,"provider_id, close_date_7d, close_amount_10pct, city",7,0.9365,0.3,0.0,0.2359,1,0
CLM00163,CLM00303,0.3813,NO_MATCH,"close_date_30d, exact_amount, city",8,0.9606,0.0,0.0,0.2359,0,0
CLM00143,CLM00200,0.3813,NO_MATCH,"close_date_7d, close_amount_10pct, claim_type",6,0.939,0.0,0.1,0.2513,0,0
CLM00008,CLM00296,0.3813,SIMILAR,"policy_id, claim_type",95,0.8113,0.0,0.1,0.2359,0,0
CLM00010,CLM00130,0.3813,NO_MATCH,"close_date_30d, city, claim_type",10,0.2465,0.0,0.1,0.2359,1,0
CLM00144,CLM00174,0.3812,SIMILAR,"vehicle_id, close_date_30d",21,0.2746,0.0,1.0,0.2359,0,0
CLM00128,CLM00286,0.3812,NO_MATCH,"close_date_30d, city",9,0.8244,0.0,0.1,0.2359,0,0
CLM00131,CLM00293,0.3811,NO_MATCH,"close_date_7d, claim_type",2,0.8587,0.0,0.1,0.2359,0,0
CLM00059,CLM00103,0.3811,SIMILAR,"invoice_id, exact_amount, city, claim_type",114,0.9943,1.0,0.0,0.2205,0,0
CLM00286,CLM00303,0.3809,NO_MATCH,"close_date_7d, claim_type",5,0.7602,0.0,0.0,0.2513,0,0
CLM00043,CLM00200,0.3809,NO_MATCH,"close_date_30d, city, claim_type",13,0.7555,0.0,0.0,0.2513,0,0
CLM00070,CLM00226,0.3809,NO_MATCH,"close_date_30d, close_amount_10pct, claim_type",18,0.9306,0.0,0.1,0.2513,1,0
CLM00264,CLM00269,0.3809,NO_MATCH,"close_date_30d, city, claim_type",19,0.6218,0.0,0.0,0.2359,0,0
CLM00088,CLM00185,0.3809,NO_MATCH,"close_date_7d, city",2,0.6516,0.0,0.1,0.2359,0,1
CLM00105,CLM00301,0.3808,SIMILAR,"vehicle_id, close_date_30d",21,0.5802,0.0,1.0,0.2359,1,0
CLM00044,CLM00084,0.3808,SIMILAR,vehicle_id,38,0.6966,0.0,1.0,0.2359,0,0
CLM00233,CLM00244,0.3808,SIMILAR,"invoice_id, close_date_30d",30,0.8246,1.0,0.1,0.2513,0,0
CLM00025,CLM00124,0.3808,NO_MATCH,"close_date_30d, exact_amount, claim_type",14,0.9702,0.0,0.0,0.2513,0,0
CLM00127,CLM00134,0.3807,POSSIBLE_DUPLICATE,"vehicle_id, invoice_id",157,0.5539,1.0,1.0,0.2359,1,0
CLM00025,CLM00176,0.3806,NO_MATCH,"close_date_30d, city, claim_type",17,0.8832,0.0,0.0,0.2359,0,0
CLM00061,CLM00217,0.3806,SIMILAR,"vehicle_id, claim_type",105,0.6184,0.0,1.0,0.2513,0,0
CLM00161,CLM00219,0.3806,SIMILAR,"claimant_id, city",244,0.8754,0.0,0.1,1.0,0,0
CLM00062,CLM00314,0.3805,POSSIBLE_DUPLICATE,"vehicle_id, close_date_30d",8,0.2268,0.0,1.0,0.2513,0,0
CLM00012,CLM00115,0.3805,NO_MATCH,"close_date_30d, exact_amount, city",9,0.9724,0.0,0.0,0.2359,0,1
CLM00176,CLM00286,0.3805,NO_MATCH,"close_date_7d, claim_type",3,0.7274,0.0,0.0,0.2359,0,0
CLM00062,CLM00177,0.3805,NO_MATCH,"close_date_7d, claim_type",3,0.7016,0.0,0.0,0.2513,0,0
CLM00127,CLM00150,0.3802,SIMILAR,"policy_id, close_date_30d",18,0.4996,0.0,0.0,0.2359,1,0
CLM00162,CLM00285,0.3802,NO_MATCH,"close_date_7d, claim_type",4,0.5688,0.0,0.1,0.2513,0,0
CLM00006,CLM00017,0.3802,NO_MATCH,"close_date_7d, city, claim_type",2,0.0457,0.0,0.1,0.2359,0,0
CLM00246,CLM00296,0.3802,SIMILAR,"claimant_id, city",49,0.7366,0.0,0.0,1.0,0,0
CLM00180,CLM00185,0.3799,NO_MATCH,"close_date_30d, city, claim_type",8,0.3679,0.0,0.0,0.2205,1,1
CLM00046,CLM00224,0.3798,NO_MATCH,"close_date_30d, exact_amount, claim_type",9,0.9853,0.0,0.1,0.2513,0,0
CLM00087,CLM00219,0.3798,NO_MATCH,"close_date_30d, exact_amount, claim_type",11,0.9564,0.0,0.0,0.2205,0,0
CLM00102,CLM00303,0.3797,NO_MATCH,"close_date_30d, exact_amount, city",10,0.963,0.0,0.0,0.2513,0,0
CLM00090,CLM00198,0.3797,SIMILAR,"claimant_id, city, claim_type",117,0.4117,0.0,0.0,1.0,0,1
CLM00151,CLM00154,0.3796,NO_MATCH,"close_date_7d, claim_type",3,0.8283,0.0,0.1,0.2513,0,0
CLM00199,CLM00299,0.3795,NO_MATCH,"close_date_30d, exact_amount, city, claim_type",22,0.9825,0.0,0.0,0.2359,0,0
CLM00136,CLM00179,0.3794,NO_MATCH,"close_date_30d, close_amount_10pct, city",8,0.941,0.0,0.0,0.2359,0,0
CLM00032,CLM00254,0.3794,SIMILAR,"vehicle_id, close_date_30d",20,0.2366,0.0,1.0,0.2359,0,0
CLM00009,CLM00266,0.3794,SIMILAR,"policy_id, close_date_30d, claim_type",30,0.042,0.0,0.1,0.2359,0,0
CLM00207,CLM00209,0.3793,NO_MATCH,"close_date_7d, exact_amount, city",4,0.9811,0.0,0.1,0.2359,1,0
CLM00049,CLM00308,0.3793,NO_MATCH,"close_date_30d, city, claim_type",15,0.6702,0.0,0.1,0.2359,0,0
CLM00071,CLM00175,0.3792,NO_MATCH,"close_date_30d, claim_type",12,0.7537,0.0,0.1,0.2513,0,0
CLM00112,CLM00177,0.3792,NO_MATCH,"close_date_7d, claim_type",1,0.6644,0.0,0.0,0.2359,0,0
CLM00069,CLM00096,0.3792,SIMILAR,"vehicle_id, claim_type",50,0.68,0.0,1.0,0.2359,0,1
CLM00153,CLM00165,0.3792,SIMILAR,"policy_id, claim_type",113,0.8991,0.0,0.0,0.2513,0,0
CLM00079,CLM00225,0.3792,SIMILAR,"policy_id, city",70,0.8948,0.0,0.1,0.2359,0,0
CLM00287,CLM00296,0.3791,NO_MATCH,"close_date_30d, city",11,0.8326,0.0,0.1,0.2513,0,0
CLM00083,CLM00267,0.3791,NO_MATCH,"close_date_7d, claim_type",1,0.6683,0.0,0.0,0.2359,0,0
CLM00153,CLM00224,0.3791,NO_MATCH,"close_date_7d, claim_type",7,0.8233,0.0,0.0,0.2359,0,0
CLM00154,CLM00264,0.379,NO_MATCH,"close_date_7d, exact_amount, claim_type",1,0.9628,0.0,0.0,0.2359,0,0
CLM00126,CLM00209,0.379,NO_MATCH,"close_date_30d, claim_type",9,0.6819,0.0,0.1,0.2513,0,0
CLM00147,CLM00175,0.3789,SIMILAR,"policy_id, close_amount_10pct, claim_type",136,0.9272,0.0,0.0,0.2359,0,0
CLM00098,CLM00186,0.3789,SIMILAR,"invoice_id, close_date_30d",17,0.8067,1.0,0.1,0.2359,0,0
CLM00103,CLM00258,0.3788,NO_MATCH,"provider_id, close_date_30d, city",10,0.6945,0.3,0.0,0.2359,0,0
CLM00043,CLM00166,0.3788,SIMILAR,"claimant_id, city",53,0.837,0.0,0.0,1.0,0,0
CLM00091,CLM00145,0.3788,NO_MATCH,"close_date_30d, city",9,0.8055,0.0,0.1,0.2359,1,1
CLM00231,CLM00264,0.3787,NO_MATCH,"close_date_30d, claim_type",8,0.803,0.0,0.0,0.2513,0,0
CLM00109,CLM00178,0.3786,NO_MATCH,"close_date_30d, close_amount_10pct, claim_type",17,0.9085,0.0,0.1,0.2359,0,0
CLM00120,CLM00265,0.3786,NO_MATCH,"close_date_7d, claim_type",1,0.6582,0.0,0.0,0.2359,0,0
CLM00097,CLM00211,0.3785,NO_MATCH,"close_date_7d, city",4,0.6877,0.0,0.1,0.2359,0,0
CLM00049,CLM00140,0.3785,SIMILAR,"claimant_id, city, claim_type",56,0.3,0.0,0.0,1.0,0,0
CLM00046,CLM00239,0.3784,NO_MATCH,"close_date_7d, city, claim_type",2,0.4865,0.0,0.0,0.2359,0,0
CLM00069,CLM00171,0.3784,NO_MATCH,"close_date_7d, city",6,0.7371,0.0,0.1,0.2359,0,0
CLM00073,CLM00306,0.3783,NO_MATCH,"close_date_30d, exact_amount, city",12,0.995,0.0,0.0,0.2513,1,0
CLM00007,CLM00034,0.3783,NO_MATCH,"close_date_7d, city, claim_type",6,0.5457,0.0,0.0,0.2513,0,1
CLM00176,CLM00251,0.3782,NO_MATCH,"provider_id, close_date_30d, exact_amount, claim_type",13,0.9542,0.3,0.0,0.2359,0,0
CLM00019,CLM00116,0.3779,SIMILAR,"vehicle_id, city",41,0.5163,0.0,1.0,0.2513,1,0
CLM00057,CLM00093,0.3778,SIMILAR,"claimant_id, exact_amount, city",193,0.9985,0.0,0.0,1.0,0,0
CLM00058,CLM00126,0.3778,SIMILAR,"vehicle_id, exact_amount",52,0.9999,0.0,1.0,0.2513,1,0
CLM00270,CLM00304,0.3778,SIMILAR,policy_id,33,0.7006,0.0,0.1,0.2359,0,1
CLM00046,CLM00083,0.3778,NO_MATCH,"close_amount_10pct, city, claim_type",38,0.9267,0.0,0.1,0.2359,0,0
CLM00174,CLM00275,0.3778,NO_MATCH,"close_date_30d, city, claim_type",11,0.2814,0.0,0.1,0.2205,0,0
CLM00015,CLM00049,0.3777,NO_MATCH,"close_date_7d, claim_type",2,0.4947,0.0,0.1,0.2513,0,0
CLM00066,CLM00080,0.3777,NO_MATCH,"close_date_30d, city, claim_type",8,0.4442,0.0,0.1,0.2513,0,1
CLM00011,CLM00229,0.3777,SIMILAR,"vehicle_id, claim_type",38,0.3795,0.0,1.0,0.2359,0,0
CLM00103,CLM00126,0.3776,NO_MATCH,"close_date_30d, close_amount_10pct, city",14,0.9234,0.0,0.1,0.2359,0,0
CLM00083,CLM00297,0.3775,NO_MATCH,"close_date_7d, claim_type",3,0.7028,0.0,0.0,0.2359,0,0
CLM00043,CLM00268,0.3775,SIMILAR,"vehicle_id, claim_type",42,0.4775,0.0,1.0,0.2359,0,0
CLM00147,CLM00207,0.3774,NO_MATCH,"close_date_7d, close_amount_10pct, claim_type",7,0.9467,0.0,0.1,0.2359,0,1
CLM00160,CLM00271,0.3774,NO_MATCH,"city, claim_type",36,0.8409,0.0,0.1,0.2513,1,0
CLM00066,CLM00175,0.3773,NO_MATCH,"exact_date, city",0,0.5757,0.0,0.1,0.2359,0,0
CLM00111,CLM00251,0.3773,NO_MATCH,"close_date_7d, claim_type",6,0.8892,0.0,0.1,0.2513,1,0
CLM00176,CLM00295,0.3773,NO_MATCH,"close_date_30d, city, claim_type",28,0.7993,0.0,0.0,0.2513,0,1
CLM00038,CLM00211,0.3773,NO_MATCH,"close_date_30d, city, claim_type",12,0.3952,0.0,0.0,0.2513,0,0
CLM00162,CLM00246,0.3772,NO_MATCH,"close_date_30d, claim_type",11,0.8635,0.0,0.0,0.2513,0,0
CLM00203,CLM00213,0.3771,NO_MATCH,"provider_id, close_date_30d, exact_amount",9,0.9526,0.3,0.1,0.2513,0,0
CLM00165,CLM00182,0.3771,NO_MATCH,"close_date_7d, city, claim_type",2,0.4683,0.0,0.0,0.2359,0,0
CLM00185,CLM00207,0.3771,NO_MATCH,"close_date_30d, close_amount_10pct, claim_type",12,0.9279,0.0,0.0,0.2359,1,1
CLM00160,CLM00290,0.377,NO_MATCH,"close_date_7d, city",7,0.742,0.0,0.1,0.2359,1,1
CLM00124,CLM00177,0.3769,NO_MATCH,"close_date_7d, exact_amount, claim_type",3,0.9914,0.0,0.0,0.2359,0,0
CLM00094,CLM00263,0.3769,NO_MATCH,"close_date_30d, city, claim_type",9,0.6464,0.0,0.0,0.2359,0,0
CLM00093,CLM00124,0.3767,NO_MATCH,"provider_id, close_date_30d, close_amount_10pct, claim_type",12,0.9197,0.3,0.0,0.2359,0,0
CLM00147,CLM00191,0.3767,SIMILAR,"claimant_id, city",49,0.7114,0.0,0.0,1.0,0,0
CLM00065,CLM00188,0.3767,NO_MATCH,"close_date_30d, claim_type",10,0.8702,0.0,0.0,0.2359,0,0
CLM00012,CLM00151,0.3767,NO_MATCH,"close_date_30d, exact_amount, city",10,0.9595,0.0,0.0,0.2359,0,0
CLM00214,CLM00261,0.3766,SIMILAR,"invoice_id, close_date_7d",2,0.5536,1.0,0.0,0.2359,1,0
CLM00151,CLM00312,0.3766,SIMILAR,"claimant_id, city",44,0.4349,0.0,0.1,1.0,0,0
CLM00245,CLM00301,0.3765,NO_MATCH,"close_date_7d, claim_type",6,0.8024,0.0,0.0,0.2205,1,0
CLM00047,CLM00175,0.3765,SIMILAR,"claimant_id, exact_amount, city",130,0.9797,0.0,0.0,1.0,0,0
CLM00013,CLM00220,0.3765,NO_MATCH,"close_date_7d, city, claim_type",4,0.2173,0.0,0.0,0.2359,0,0
CLM00127,CLM00273,0.3765,NO_MATCH,"close_date_30d, city",9,0.7774,0.0,0.1,0.2359,1,0
CLM00048,CLM00303,0.3764,POSSIBLE_DUPLICATE,"vehicle_id, close_date_7d",4,0.1169,0.0,1.0,0.2359,1,0
CLM00247,CLM00295,0.3763,NO_MATCH,"close_date_30d, city",9,0.785,0.0,0.1,0.2359,0,1
CLM00020,CLM00073,0.3763,NO_MATCH,"close_date_7d, city, claim_type",2,0.1303,0.0,0.0,0.2513,0,1
CLM00072,CLM00244,0.3763,NO_MATCH,"provider_id, close_date_30d, claim_type",11,0.8805,0.3,0.0,0.2359,0,0
CLM00079,CLM00302,0.3762,NO_MATCH,"close_date_7d, close_amount_10pct, city",2,0.915,0.0,0.1,0.2359,0,0
CLM00065,CLM00135,0.3761,NO_MATCH,"close_date_7d, claim_type",7,0.7792,0.0,0.0,0.2359,0,0
CLM00072,CLM00238,0.3761,NO_MATCH,"close_date_30d, city",13,0.8481,0.0,0.1,0.2513,0,0
CLM00018,CLM00155,0.3761,NO_MATCH,"close_date_30d, close_amount_10pct, claim_type",13,0.9286,0.0,0.0,0.2359,1,1
CLM00131,CLM00164,0.3761,SIMILAR,policy_id,42,0.8776,0.0,0.1,0.2513,0,0
CLM00031,CLM00221,0.376,NO_MATCH,"close_date_30d, exact_amount, city",19,0.997,0.0,0.1,0.2513,0,1
CLM00051,CLM00085,0.3759,SIMILAR,"policy_id, exact_amount, city",105,0.9669,0.0,0.0,0.2513,0,1
CLM00025,CLM00179,0.3757,SIMILAR,"policy_id, exact_amount",44,0.9595,0.0,0.1,0.2359,0,0
CLM00226,CLM00299,0.3756,SIMILAR,"vehicle_id, city",53,0.8594,0.0,1.0,0.2205,0,0
CLM00093,CLM00237,0.3755,NO_MATCH,"close_date_7d, city",3,0.8917,0.0,0.1,0.2513,0,0
CLM00109,CLM00118,0.3754,NO_MATCH,"close_date_30d, city, claim_type",24,0.7317,0.0,0.0,0.2205,0,0
CLM00172,CLM00223,0.3754,NO_MATCH,"close_date_30d, exact_amount, claim_type",9,0.9764,0.0,0.1,0.2359,0,0
CLM00028,CLM00095,0.3752,SIMILAR,"claimant_id, city",44,0.5721,0.0,0.0,1.0,1,0
CLM00037,CLM00135,0.3752,SIMILAR,"claimant_id, city",35,0.0413,0.0,0.0,1.0,0,0
CLM00202,CLM00260,0.3752,SIMILAR,"policy_id, exact_amount, city",59,0.995,0.0,0.0,0.2205,0,0
CLM00208,CLM00295,0.3751,NO_MATCH,"close_date_7d, exact_amount, city",5,0.9728,0.0,0.1,0.2359,0,1
CLM00118,CLM00186,0.3751,NO_MATCH,"exact_date, close_amount_10pct, claim_type",0,0.9193,0.0,0.0,0.2205,0,0
CLM00050,CLM00295,0.3751,SIMILAR,"vehicle_id, close_amount_10pct",38,0.9131,0.0,1.0,0.2513,1,1
CLM00039,CLM00244,0.375,NO_MATCH,"close_date_7d, claim_type",1,0.6279,0.0,0.0,0.2359,0,0
CLM00085,CLM00279,0.375,NO_MATCH,"close_date_30d, exact_amount, claim_type",14,0.9528,0.0,0.0,0.2359,1,0
CLM00014,CLM00162,0.375,NO_MATCH,"close_date_7d, claim_type",5,0.7183,0.0,0.0,0.2359,0,0
CLM00025,CLM00093,0.375,NO_MATCH,"close_date_7d, close_amount_10pct, claim_type",2,0.9479,0.0,0.0,0.2359,0,0
CLM00268,CLM00298,0.3749,SIMILAR,"policy_id, claim_type",66,0.8561,0.0,0.0,0.2513,0,0
CLM00086,CLM00292,0.3748,NO_MATCH,"close_date_7d, city, claim_type",7,0.276,0.0,0.0,0.2359,0,0
CLM00025,CLM00303,0.3748,NO_MATCH,"close_date_30d, city, claim_type",9,0.6261,0.0,0.0,0.2359,0,0
CLM00238,CLM00320,0.3748,NO_MATCH,"close_date_7d, claim_type",4,0.6955,0.0,0.0,0.2359,0,0
CLM00011,CLM00049,0.3748,NO_MATCH,"close_date_30d, close_amount_10pct, claim_type",18,0.9274,0.0,0.1,0.2205,0,0
CLM00030,CLM00315,0.3747,NO_MATCH,"close_date_7d, claim_type",1,0.6153,0.0,0.0,0.2359,0,0
CLM00173,CLM00283,0.3747,POSSIBLE_DUPLICATE,"vehicle_id, close_date_30d",10,0.2134,0.0,1.0,0.2513,0,0
CLM00049,CLM00281,0.3747,NO_MATCH,"exact_date, city, claim_type",0,0.3684,0.0,0.0,0.2513,0,0
CLM00076,CLM00082,0.3746,NO_MATCH,"close_date_7d, city, claim_type",4,0.464,0.0,0.0,0.2513,0,0
CLM00036,CLM00197,0.3746,SIMILAR,"claimant_id, close_date_30d, city",27,0.1453,0.0,0.0,1.0,0,0
CLM00284,CLM00310,0.3746,NO_MATCH,"close_date_7d, city",4,0.8337,0.0,0.0,0.2205,0,0
CLM00143,CLM00252,0.3745,NO_MATCH,"close_date_30d, city, claim_type",15,0.7769,0.0,0.0,0.2359,0,0
CLM00029,CLM00067,0.3744,NO_MATCH,"close_date_7d, close_amount_10pct, claim_type",1,0.917,0.0,0.0,0.2359,0,0
CLM00076,CLM00213,0.3744,NO_MATCH,"close_date_7d, city, claim_type",2,0.4159,0.0,0.0,0.2513,0,0
CLM00290,CLM00299,0.3744,NO_MATCH,"close_date_30d, close_amount_10pct, city, claim_type",21,0.9071,0.0,0.0,0.2359,1,0
CLM00011,CLM00150,0.3744,NO_MATCH,"provider_id, close_date_30d, city, claim_type",17,0.5427,0.3,0.0,0.2205,0,0
CLM00105,CLM00111,0.3744,NO_MATCH,"close_date_7d, city, claim_type",1,0.4163,0.0,0.0,0.2359,1,1
CLM00148,CLM00271,0.3742,NO_MATCH,"close_date_30d, claim_type",9,0.8143,0.0,0.0,0.2359,0,0
CLM00159,CLM00173,0.3741,NO_MATCH,"close_date_30d, city, claim_type",10,0.6388,0.0,0.0,0.2359,0,0
CLM00223,CLM00252,0.3741,SIMILAR,"policy_id, exact_amount",42,0.9977,0.0,0.0,0.2513,0,0
CLM00144,CLM00294,0.374,SIMILAR,"claimant_id, city, claim_type",148,0.059,0.0,0.0,1.0,0,0
CLM00051,CLM00202,0.374,NO_MATCH,"close_date_7d, city",7,0.7481,0.0,0.1,0.2205,0,0
CLM00227,CLM00265,0.374,NO_MATCH,"provider_id, close_date_30d, exact_amount, claim_type",16,0.9873,0.3,0.0,0.2359,0,0
CLM00160,CLM00223,0.374,NO_MATCH,"close_date_7d, close_amount_10pct, claim_type",2,0.947,0.0,0.0,0.2359,1,0
CLM00136,CLM00185,0.3737,NO_MATCH,"close_date_7d, exact_amount, city",6,0.984,0.0,0.1,0.2359,0,1
CLM00227,CLM00235,0.3737,NO_MATCH,"close_date_7d, claim_type",1,0.7591,0.0,0.1,0.2359,0,0
CLM00114,CLM00198,0.3737,NO_MATCH,"close_date_30d, exact_amount, city",12,0.9845,0.0,0.0,0.2359,1,1
CLM00164,CLM00227,0.3737,NO_MATCH,"close_date_7d, claim_type",5,0.7191,0.0,0.0,0.2359,0,0
CLM00025,CLM00208,0.3737,NO_MATCH,"close_date_30d, close_amount_10pct, city",16,0.9303,0.0,0.1,0.2359,0,0
CLM00031,CLM00174,0.3736,NO_MATCH,"close_date_7d, city",1,0.8849,0.0,0.1,0.2205,0,0
CLM00060,CLM00198,0.3736,NO_MATCH,"close_date_30d, claim_type",13,0.7634,0.0,0.1,0.2359,1,1
CLM00001,CLM00065,0.3736,NO_MATCH,"close_date_30d, city, claim_type",10,0.63,0.0,0.0,0.2359,1,0
CLM00121,CLM00196,0.3735,SIMILAR,"claimant_id, city",82,0.6536,0.0,0.0,1.0,0,0
CLM00074,CLM00203,0.3735,NO_MATCH,"close_date_30d, city, claim_type",9,0.6131,0.0,0.0,0.2359,0,0
CLM00024,CLM00145,0.3735,SIMILAR,"invoice_id, close_date_30d",24,0.7776,1.0,0.0,0.2359,0,1
CLM00182,CLM00274,0.3735,SIMILAR,"claimant_id, provider_id, city, claim_type",85,0.0538,0.3,0.0,1.0,0,0
CLM00007,CLM00236,0.3734,SIMILAR,"policy_id, provider_id",41,0.7074,0.3,0.0,0.2359,0,0
CLM00012,CLM00306,0.3734,SIMILAR,"policy_id, exact_amount, city",118,0.9868,0.0,0.0,0.2359,0,0
CLM00037,CLM00206,0.3733,SIMILAR,"policy_id, provider_id, close_date_30d",23,0.1101,0.3,0.1,0.2359,0,0
CLM00012,CLM00278,0.3733,NO_MATCH,"close_date_30d, exact_amount, claim_type",15,0.9506,0.0,0.0,0.2359,0,0
CLM00077,CLM00090,0.3733,SIMILAR,"claimant_id, city",210,0.653,0.0,0.0,1.0,1,0
CLM00059,CLM00107,0.3733,NO_MATCH,"close_date_30d, exact_amount, claim_type",9,0.9909,0.0,0.1,0.2205,0,0
CLM00269,CLM00308,0.3733,NO_MATCH,"provider_id, close_date_7d, city",4,0.4896,0.3,0.0,0.2359,0,0
CLM00043,CLM00049,0.3732,NO_MATCH,"close_date_30d, city, claim_type",9,0.5954,0.0,0.0,0.2359,0,0
CLM00029,CLM00097,0.3732,NO_MATCH,"close_date_30d, exact_amount, city, claim_type",24,0.97,0.0,0.0,0.2359,0,0
CLM00029,CLM00166,0.3732,NO_MATCH,"close_amount_10pct, city, claim_type",33,0.9093,0.0,0.0,0.2359,0,0
CLM00073,CLM00128,0.3732,NO_MATCH,"close_date_7d, close_amount_10pct, claim_type",2,0.9349,0.0,0.0,0.2359,1,0
CLM00078,CLM00264,0.3731,SIMILAR,"claimant_id, exact_amount, city",85,0.955,0.0,0.0,1.0,0,0
CLM00067,CLM00179,0.3731,NO_MATCH,"close_date_30d, claim_type",15,0.7985,0.0,0.1,0.2359,0,0
CLM00085,CLM00150,0.3731,SIMILAR,"policy_id, city",154,0.7927,0.0,0.1,0.2513,1,0
CLM00141,CLM00264,0.373,SIMILAR,"claimant_id, city, claim_type",112,0.3492,0.0,0.0,1.0,0,0
CLM00111,CLM00124,0.373,NO_MATCH,"close_date_30d, exact_amount, city, claim_type",24,0.9769,0.0,0.0,0.2359,1,0
CLM00137,CLM00166,0.3729,SIMILAR,"claimant_id, city",155,0.7977,0.0,0.1,1.0,0,0
CLM00131,CLM00138,0.3729,SIMILAR,vehicle_id,37,0.8917,0.0,1.0,0.2359,0,0
CLM00064,CLM00157,0.3727,NO_MATCH,"close_date_30d, exact_amount, claim_type",15,0.9546,0.0,0.0,0.2359,0,0
CLM00285,CLM00289,0.3726,NO_MATCH,"close_date_7d, claim_type",7,0.5577,0.0,0.1,0.2513,0,0
CLM00060,CLM00296,0.3726,NO_MATCH,"close_date_7d, claim_type",2,0.8882,0.0,0.0,0.2513,1,0
CLM00067,CLM00298,0.3725,SIMILAR,"claimant_id, city",111,0.7991,0.0,0.1,1.0,0,0
CLM00030,CLM00047,0.3725,SIMILAR,"invoice_id, close_date_30d",15,0.5175,1.0,0.0,0.2513,0,0
CLM00015,CLM00200,0.3725,NO_MATCH,"close_date_7d, claim_type",2,0.6277,0.0,0.0,0.2359,0,0
CLM00158,CLM00288,0.3725,SIMILAR,"claimant_id, city",51,0.4187,0.0,0.0,1.0,0,1
CLM00178,CLM00308,0.3724,SIMILAR,"vehicle_id, city",40,0.4713,0.0,1.0,0.2359,0,0
CLM00068,CLM00108,0.3724,SIMILAR,"invoice_id, close_date_30d, city",19,0.4422,1.0,0.0,0.2359,0,0
CLM00043,CLM00061,0.3724,NO_MATCH,"close_date_7d, close_amount_10pct, claim_type",3,0.9477,0.0,0.0,0.2359,0,0
CLM00110,CLM00205,0.3724,NO_MATCH,"close_date_30d, exact_amount, city",20,0.99,0.0,0.1,0.2513,0,0
CLM00024,CLM00204,0.3724,SIMILAR,"policy_id, exact_amount, city",140,0.9569,0.0,0.0,0.2359,0,0
CLM00136,CLM00216,0.3724,NO_MATCH,"close_date_30d, exact_amount, claim_type",11,0.9866,0.0,0.1,0.2359,0,0
CLM00006,CLM00029,0.3724,NO_MATCH,"close_date_7d, city",7,0.8431,0.0,0.0,0.2359,0,0
CLM00176,CLM00190,0.3723,SIMILAR,"vehicle_id, claim_type",223,0.5704,0.0,1.0,0.2359,0,0
CLM00131,CLM00290,0.3723,NO_MATCH,"close_date_30d, exact_amount, claim_type",15,0.9545,0.0,0.0,0.2359,0,1
CLM00062,CLM00112,0.3723,NO_MATCH,"close_date_7d, claim_type",2,0.4661,0.0,0.1,0.2359,0,0
CLM00136,CLM00160,0.3722,SIMILAR,"vehicle_id, close_amount_10pct, city",74,0.9288,0.0,1.0,0.2513,0,1
CLM00005,CLM00116,0.3722,NO_MATCH,"close_date_30d, close_amount_10pct, city",11,0.9449,0.0,0.0,0.2359,0,0
CLM00024,CLM00146,0.3721,NO_MATCH,"close_date_7d, exact_amount, claim_type",4,0.9639,0.0,0.0,0.2359,0,1
CLM00115,CLM00256,0.3721,NO_MATCH,"exact_date, claim_type",0,0.568,0.0,0.0,0.2359,1,0
CLM00258,CLM00303,0.372,SIMILAR,"claimant_id, city",86,0.649,0.0,0.0,1.0,0,0
CLM00209,CLM00258,0.3718,NO_MATCH,"close_date_30d, close_amount_10pct, claim_type",15,0.9404,0.0,0.0,0.2359,0,0
CLM00263,CLM00283,0.3718,SIMILAR,"claimant_id, close_date_30d, city",27,0.1026,0.0,0.0,1.0,0,0
CLM00060,CLM00211,0.3717,SIMILAR,"claimant_id, provider_id, city",107,0.4909,0.3,0.1,1.0,1,0
CLM00182,CLM00221,0.3717,NO_MATCH,"close_date_30d, city, claim_type",16,0.314,0.0,0.1,0.2359,0,1
CLM00077,CLM00135,0.3717,NO_MATCH,"provider_id, close_date_30d, city",9,0.8943,0.3,0.0,0.2359,1,0
CLM00199,CLM00253,0.3716,SIMILAR,"invoice_id, close_date_30d",8,0.6415,1.0,0.0,0.2513,0,0
CLM00062,CLM00120,0.3716,SIMILAR,"claimant_id, city",150,0.631,0.0,0.0,1.0,0,0
CLM00076,CLM00224,0.3716,SIMILAR,"policy_id, exact_amount, city",76,0.9684,0.0,0.0,0.2359,0,0
CLM00107,CLM00162,0.3715,NO_MATCH,"close_date_30d, city, claim_type",15,0.5876,0.0,0.1,0.2359,0,0
CLM00062,CLM00124,0.3715,NO_MATCH,"provider_id, close_date_7d, claim_type",6,0.7077,0.3,0.0,0.2359,0,0
CLM00004,CLM00128,0.3714,NO_MATCH,"close_date_7d, claim_type",7,0.7377,0.0,0.0,0.2359,0,0
CLM00119,CLM00312,0.3713,SIMILAR,"policy_id, city",43,0.5045,0.0,0.0,0.2513,0,0
CLM00301,CLM00303,0.3713,SIMILAR,"policy_id, close_date_30d",19,0.4258,0.0,0.0,0.2359,0,0
CLM00129,CLM00141,0.3713,NO_MATCH,"close_date_30d, close_amount_10pct, claim_type",8,0.9104,0.0,0.1,0.2359,0,0
CLM00158,CLM00209,0.3713,NO_MATCH,"close_date_30d, city, claim_type",27,0.5953,0.0,0.1,0.2359,0,0
CLM00057,CLM00236,0.3712,SIMILAR,"policy_id, exact_amount, city",111,0.9645,0.0,0.0,0.2359,0,0
CLM00276,CLM00317,0.3712,NO_MATCH,"close_date_7d, city",6,0.7789,0.0,0.0,0.2513,0,0
CLM00067,CLM00262,0.3712,SIMILAR,"vehicle_id, close_date_30d",29,0.6795,0.0,1.0,0.2359,0,0
CLM00006,CLM00091,0.3712,NO_MATCH,"close_date_7d, city",4,0.6061,0.0,0.1,0.2359,0,1
CLM00097,CLM00178,0.3712,SIMILAR,"claimant_id, close_amount_10pct, city",126,0.9268,0.0,0.0,1.0,0,0
CLM00168,CLM00294,0.371,NO_MATCH,"close_date_30d, close_amount_10pct, claim_type",9,0.9423,0.0,0.1,0.2359,0,0
CLM00084,CLM00186,0.3709,NO_MATCH,"close_date_30d, city",8,0.8211,0.0,0.0,0.2513,0,0
CLM00057,CLM00228,0.3709,NO_MATCH,"close_date_30d, claim_type",18,0.8614,0.0,0.1,0.2359,0,0
CLM00239,CLM00289,0.3709,NO_MATCH,"provider_id, close_date_30d, city, claim_type",20,0.2462,0.3,0.0,0.2359,0,0
CLM00107,CLM00168,0.3709,NO_MATCH,"close_date_7d, exact_amount, claim_type",3,0.9616,0.0,0.0,0.2205,0,0
CLM00122,CLM00294,0.3708,NO_MATCH,"close_date_30d, city, claim_type",25,0.6804,0.0,0.0,0.2359,0,0
CLM00136,CLM00184,0.3708,SIMILAR,"vehicle_id, close_date_30d",17,0.0495,0.0,1.0,0.2513,0,0
CLM00119,CLM00177,0.3707,NO_MATCH,"close_date_7d, claim_type",5,0.6789,0.0,0.0,0.2359,0,0
CLM00252,CLM00268,0.3707,NO_MATCH,"close_date_30d, city, claim_type",8,0.5229,0.0,0.0,0.2513,0,0
CLM00293,CLM00299,0.3706,NO_MATCH,"close_date_30d, claim_type",8,0.7434,0.0,0.0,0.2359,0,0
CLM00167,CLM00255,0.3706,NO_MATCH,"close_date_30d, claim_type",8,0.8818,0.0,0.1,0.2513,0,0
CLM00011,CLM00143,0.3705,NO_MATCH,"provider_id, close_date_30d, claim_type",8,0.7784,0.3,0.0,0.2205,0,0
CLM00208,CLM00211,0.3704,NO_MATCH,"close_date_7d, claim_type",6,0.5511,0.0,0.1,0.2359,0,0
CLM00074,CLM00209,0.3704,NO_MATCH,"close_date_7d, claim_type",1,0.6125,0.0,0.0,0.2205,0,0
CLM00242,CLM00298,0.3704,NO_MATCH,"close_date_30d, claim_type",10,0.7707,0.0,0.0,0.2513,0,0
CLM00183,CLM00279,0.3703,NO_MATCH,"close_date_30d, claim_type",11,0.8346,0.0,0.0,0.2359,0,0
CLM00055,CLM00135,0.3703,SIMILAR,"claimant_id, city",47,0.5924,0.0,0.0,1.0,0,0
CLM00110,CLM00188,0.3703,NO_MATCH,"close_date_30d, close_amount_10pct, claim_type",10,0.9195,0.0,0.1,0.2513,0,0
CLM00108,CLM00130,0.3703,NO_MATCH,"close_date_7d, claim_type",4,0.6103,0.0,0.0,0.2513,0,0
CLM00204,CLM00227,0.3703,NO_MATCH,"close_date_30d, close_amount_10pct, claim_type",15,0.9254,0.0,0.0,0.2359,0,0
CLM00119,CLM00197,0.3702,SIMILAR,policy_id,35,0.8151,0.0,0.0,0.2359,0,0
CLM00043,CLM00143,0.3701,NO_MATCH,"provider_id, close_date_30d, claim_type",19,0.7094,0.3,0.0,0.2359,0,0
CLM00076,CLM00193,0.3701,SIMILAR,"invoice_id, close_date_30d, city",27,0.329,1.0,0.0,0.2359,0,1
CLM00096,CLM00119,0.3701,SIMILAR,"policy_id, claim_type",139,0.8442,0.0,0.0,0.2359,1,0
CLM00097,CLM00191,0.3701,NO_MATCH,"close_date_7d, close_amount_10pct, claim_type",4,0.9435,0.0,0.0,0.2359,0,0
CLM00052,CLM00238,0.37,SIMILAR,"claimant_id, city",111,0.7649,0.0,0.1,1.0,0,0
CLM00002,CLM00128,0.37,NO_MATCH,"close_amount_10pct, city, claim_type",42,0.9378,0.0,0.1,0.2359,0,0
CLM00008,CLM00129,0.37,NO_MATCH,"provider_id, close_date_7d, claim_type",1,0.2731,0.3,0.0,0.2359,0,0
CLM00077,CLM00286,0.3699,SIMILAR,"vehicle_id, claim_type",211,0.8208,0.0,1.0,0.2513,1,0
CLM00152,CLM00308,0.3699,POSSIBLE_DUPLICATE,"vehicle_id, close_date_30d",13,0.2806,0.0,1.0,0.2359,0,0
CLM00198,CLM00204,0.3699,NO_MATCH,"exact_amount, city, claim_type",36,0.9555,0.0,0.0,0.2359,1,0
CLM00171,CLM00279,0.3698,NO_MATCH,"provider_id, close_date_7d, city",5,0.5898,0.3,0.1,0.2513,0,0
CLM00161,CLM00168,0.3698,SIMILAR,"claimant_id, city",41,0.2825,0.0,0.1,1.0,0,0
CLM00058,CLM00225,0.3698,NO_MATCH,"close_date_30d, city, claim_type",11,0.2855,0.0,0.0,0.2513,1,0
CLM00128,CLM00212,0.3697,NO_MATCH,"exact_date, claim_type",0,0.8352,0.0,0.0,0.2359,0,1
CLM00109,CLM00114,0.3696,NO_MATCH,"close_date_7d, city",1,0.6371,0.0,0.0,0.2513,0,1
CLM00009,CLM00150,0.3696,NO_MATCH,"close_date_30d, exact_amount, city",14,0.9941,0.0,0.0,0.2359,0,0
CLM00033,CLM00148,0.3696,NO_MATCH,"close_date_30d, city, claim_type",18,0.7682,0.0,0.0,0.2513,1,0
CLM00088,CLM00151,0.3696,SIMILAR,"claimant_id, close_amount_10pct, city",65,0.9209,0.0,0.0,1.0,0,0
CLM00168,CLM00279,0.3695,SIMILAR,"vehicle_id, close_date_30d",25,0.6075,0.0,1.0,0.2205,0,0
CLM00122,CLM00289,0.3695,NO_MATCH,"close_date_30d, claim_type",15,0.7673,0.0,0.1,0.2359,0,0
CLM00027,CLM00164,0.3694,SIMILAR,"claimant_id, city",147,0.6188,0.0,0.0,1.0,0,0
CLM00272,CLM00284,0.3694,NO_MATCH,"close_date_7d, city",1,0.6666,0.0,0.0,0.2359,0,0
CLM00126,CLM00258,0.3694,NO_MATCH,"close_date_30d, city, claim_type",24,0.6412,0.0,0.0,0.2359,0,0
CLM00200,CLM00281,0.3693,NO_MATCH,"close_date_7d, city, claim_type",4,0.2903,0.0,0.1,0.2359,0,0
CLM00002,CLM00088,0.3693,NO_MATCH,"close_date_7d, exact_amount, claim_type",7,0.9804,0.0,0.0,0.2513,0,0
CLM00093,CLM00303,0.3693,NO_MATCH,"close_date_30d, claim_type",11,0.6605,0.0,0.1,0.2359,0,0
CLM00183,CLM00297,0.3693,NO_MATCH,"close_date_7d, city",2,0.8493,0.0,0.1,0.2359,0,0
CLM00032,CLM00188,0.3692,SIMILAR,"policy_id, claim_type",67,0.8447,0.0,0.0,0.2359,0,0
CLM00018,CLM00114,0.3692,NO_MATCH,"close_date_7d, claim_type",2,0.4347,0.0,0.1,0.2359,1,1
CLM00126,CLM00269,0.3691,SIMILAR,"invoice_id, claim_type",35,0.5534,1.0,0.1,0.2359,0,0
CLM00044,CLM00063,0.3691,SIMILAR,"claimant_id, close_amount_10pct, city",75,0.911,0.0,0.0,1.0,0,0
CLM00058,CLM00198,0.3691,NO_MATCH,"close_date_7d, exact_amount",1,0.9777,0.0,0.1,0.2513,1,1
CLM00082,CLM00236,0.3691,NO_MATCH,"close_date_30d, city",9,0.8585,0.0,0.0,0.2359,0,0
CLM00142,CLM00197,0.369,NO_MATCH,"close_date_7d, exact_amount, claim_type",5,0.962,0.0,0.0,0.2359,1,0
CLM00218,CLM00244,0.369,NO_MATCH,"close_date_7d, exact_amount, city",7,0.9624,0.0,0.1,0.2359,0,0
CLM00125,CLM00242,0.3689,NO_MATCH,"close_date_7d, claim_type",2,0.5863,0.0,0.0,0.2359,0,0
CLM00011,CLM00139,0.3689,NO_MATCH,"close_date_30d, close_amount_10pct, city, claim_type",22,0.9125,0.0,0.0,0.2205,0,0
CLM00098,CLM00203,0.3689,SIMILAR,"policy_id, close_amount_10pct, city",84,0.9416,0.0,0.0,0.2359,0,0
CLM00010,CLM00038,0.3688,SIMILAR,"claimant_id, close_amount_10pct, city",131,0.9079,0.0,0.0,1.0,1,0
CLM00215,CLM00218,0.3688,SIMILAR,"invoice_id, close_date_30d",14,0.7451,1.0,0.0,0.2513,1,0
CLM00047,CLM00193,0.3688,NO_MATCH,"close_date_7d, claim_type",5,0.8151,0.0,0.1,0.2359,0,1
CLM00086,CLM00138,0.3687,NO_MATCH,"city, claim_type",33,0.8552,0.0,0.0,0.2359,0,0
CLM00082,CLM00139,0.3686,NO_MATCH,"provider_id, close_date_30d, claim_type",8,0.5881,0.3,0.1,0.2359,0,0
CLM00269,CLM00302,0.3686,SIMILAR,"claimant_id, city",44,0.5045,0.0,0.0,1.0,0,0
CLM00186,CLM00290,0.3686,NO_MATCH,"close_date_7d, exact_amount, claim_type",6,0.993,0.0,0.0,0.2359,0,1
CLM00002,CLM00288,0.3685,NO_MATCH,"close_date_7d, exact_amount",1,0.9979,0.0,0.1,0.2359,0,1
CLM00152,CLM00160,0.3685,NO_MATCH,"provider_id, close_date_30d, claim_type",21,0.6068,0.3,0.1,0.2359,0,1
CLM00268,CLM00304,0.3685,NO_MATCH,"close_date_7d, claim_type",2,0.5917,0.0,0.0,0.2359,0,1
CLM00109,CLM00290,0.3685,NO_MATCH,"close_date_30d, claim_type",18,0.8015,0.0,0.1,0.2513,0,1
CLM00172,CLM00294,0.3683,SIMILAR,"claimant_id, city",63,0.6016,0.0,0.0,1.0,0,0
CLM00164,CLM00205,0.3683,SIMILAR,policy_id,35,0.7845,0.0,0.0,0.2513,0,0
CLM00076,CLM00304,0.3683,NO_MATCH,"close_date_7d, claim_type",7,0.7109,0.0,0.0,0.2359,0,1
CLM00193,CLM00270,0.3683,NO_MATCH,"close_date_30d, city, claim_type",13,0.3338,0.0,0.0,0.2513,1,0
CLM00056,CLM00293,0.3682,SIMILAR,"claimant_id, close_date_30d, city",30,0.1564,0.0,0.0,1.0,0,0
CLM00155,CLM00227,0.3682,SIMILAR,"claimant_id, city",54,0.4605,0.0,0.0,1.0,1,0
CLM00009,CLM00119,0.3682,NO_MATCH,"provider_id, city, claim_type",36,0.7701,0.3,0.1,0.2359,0,0
CLM00032,CLM00290,0.3682,NO_MATCH,"close_date_7d, close_amount_10pct, claim_type",5,0.9193,0.0,0.0,0.2513,0,1
CLM00071,CLM00162,0.3681,NO_MATCH,"exact_date, close_amount_10pct, city",0,0.9237,0.0,0.0,0.2359,0,0
CLM00193,CLM00255,0.3681,NO_MATCH,"close_date_30d, exact_amount, claim_type",24,0.9878,0.0,0.1,0.2359,1,0
CLM00057,CLM00107,0.3681,NO_MATCH,"close_date_7d, city",5,0.7184,0.0,0.0,0.2513,0,0
CLM00019,CLM00183,0.368,SIMILAR,"claimant_id, city",112,0.595,0.0,0.0,1.0,1,0
CLM00166,CLM00258,0.368,NO_MATCH,"close_date_30d, claim_type",14,0.8863,0.0,0.0,0.2359,0,0
CLM00231,CLM00293,0.3679,NO_MATCH,"close_date_7d, city",5,0.7417,0.0,0.0,0.2359,0,0
CLM00128,CLM00203,0.3679,SIMILAR,"claimant_id, city",77,0.7477,0.0,0.1,1.0,0,0
CLM00198,CLM00264,0.3678,NO_MATCH,"close_date_7d, close_amount_10pct, claim_type",3,0.9101,0.0,0.0,0.2359,1,0
CLM00049,CLM00317,0.3678,NO_MATCH,"provider_id, close_date_30d, close_amount_10pct, claim_type",16,0.9,0.3,0.0,0.2513,0,0
CLM00038,CLM00078,0.3678,NO_MATCH,"exact_date, close_amount_10pct, city",0,0.9165,0.0,0.0,0.2359,0,0
CLM00045,CLM00312,0.3677,SIMILAR,"policy_id, close_date_30d",9,0.155,0.0,0.0,0.2359,0,0
CLM00004,CLM00093,0.3677,NO_MATCH,"close_date_30d, exact_amount, city",14,0.9709,0.0,0.0,0.2359,0,0
CLM00050,CLM00185,0.3677,NO_MATCH,"close_date_7d, exact_amount, city",3,0.9945,0.0,0.0,0.2359,1,1
CLM00139,CLM00275,0.3676,SIMILAR,"invoice_id, close_date_30d",9,0.1773,1.0,0.1,0.2513,0,0
CLM00259,CLM00291,0.3676,SIMILAR,"vehicle_id, claim_type",37,0.239,0.0,1.0,0.2359,0,0
CLM00231,CLM00307,0.3676,NO_MATCH,"close_date_7d, exact_amount",1,0.9987,0.0,0.1,0.2359,0,0
CLM00008,CLM00081,0.3675,SIMILAR,"invoice_id, close_date_7d",1,0.2839,1.0,0.1,0.2359,0,0
CLM00119,CLM00295,0.3675,NO_MATCH,"provider_id, close_date_30d, claim_type",11,0.7665,0.3,0.0,0.2513,0,1
CLM00286,CLM00310,0.3674,NO_MATCH,"close_date_7d, claim_type",2,0.8812,0.0,0.0,0.2359,0,0
CLM00005,CLM00074,0.3674,NO_MATCH,"close_date_7d, close_amount_10pct, claim_type",4,0.9482,0.0,0.0,0.2205,0,0
CLM00073,CLM00157,0.3674,NO_MATCH,"close_date_7d, city, claim_type",1,0.1614,0.0,0.1,0.2513,1,0
CLM00078,CLM00237,0.3674,NO_MATCH,"close_date_30d, city, claim_type",23,0.8612,0.0,0.0,0.2513,0,0
CLM00187,CLM00308,0.3674,SIMILAR,"invoice_id, exact_amount, city",54,0.9709,1.0,0.0,0.2359,1,0
CLM00165,CLM00221,0.3673,NO_MATCH,"close_date_30d, city, claim_type",14,0.6704,0.0,0.0,0.2359,0,1
CLM00039,CLM00080,0.3673,NO_MATCH,"close_date_30d, city, claim_type",10,0.5409,0.0,0.0,0.2513,0,1
CLM00190,CLM00264,0.3672,SIMILAR,"vehicle_id, close_amount_10pct, city",99,0.9291,0.0,1.0,0.2359,0,0
CLM00196,CLM00225,0.3672,NO_MATCH,"provider_id, close_date_30d, city, claim_type",18,0.4785,0.3,0.0,0.2359,0,0
CLM00198,CLM00279,0.3671,SIMILAR,"vehicle_id, city",108,0.5878,0.0,1.0,0.2513,1,0
CLM00051,CLM00192,0.3671,NO_MATCH,"close_date_7d, exact_amount, claim_type",7,0.9885,0.0,0.0,0.2359,0,0
CLM00102,CLM00295,0.3671,NO_MATCH,"close_date_30d, city",10,0.7184,0.0,0.1,0.2359,0,1
CLM00087,CLM00283,0.3671,NO_MATCH,"provider_id, close_date_7d",3,0.8888,0.3,0.0,0.2359,0,0
CLM00091,CLM00313,0.3671,NO_MATCH,"close_date_7d, exact_amount, claim_type",7,0.9892,0.0,0.0,0.2359,1,0
CLM00089,CLM00256,0.3671,SIMILAR,"vehicle_id, claim_type",33,0.1488,0.0,1.0,0.2359,0,0
CLM00225,CLM00311,0.3669,NO_MATCH,"close_date_30d, city, claim_type",19,0.8004,0.0,0.0,0.2359,0,0
CLM00005,CLM00179,0.3669,NO_MATCH,"close_date_30d, claim_type",15,0.742,0.0,0.1,0.2359,0,0
CLM00106,CLM00201,0.3669,SIMILAR,"claimant_id, city",36,0.1376,0.0,0.1,1.0,0,0
CLM00213,CLM00315,0.3669,NO_MATCH,"close_date_30d, city",10,0.8666,0.0,0.0,0.2359,0,0
CLM00163,CLM00176,0.3669,NO_MATCH,"exact_date, city",0,0.5757,0.0,0.0,0.2513,0,0
CLM00220,CLM00293,0.3668,NO_MATCH,"close_date_7d, city, claim_type",1,0.3406,0.0,0.0,0.2359,0,0
CLM00056,CLM00240,0.3667,NO_MATCH,"provider_id, close_date_30d, claim_type",20,0.8699,0.3,0.1,0.2359,0,0
CLM00043,CLM00060,0.3667,NO_MATCH,"close_date_7d, close_amount_10pct, city",1,0.9096,0.0,0.0,0.2513,0,1
CLM00116,CLM00147,0.3667,NO_MATCH,"close_date_7d, claim_type",3,0.589,0.0,0.0,0.2359,0,0
CLM00035,CLM00300,0.3667,NO_MATCH,"close_date_30d, city",10,0.8602,0.0,0.0,0.2359,0,0
CLM00095,CLM00159,0.3666,NO_MATCH,"provider_id, close_date_30d, city",13,0.6338,0.3,0.0,0.2359,0,0
CLM00031,CLM00116,0.3666,SIMILAR,"invoice_id, close_date_30d",20,0.4584,1.0,0.1,0.2359,0,0
CLM00111,CLM00139,0.3665,SIMILAR,"claimant_id, city",77,0.5835,0.0,0.0,1.0,1,0
CLM00102,CLM00277,0.3665,SIMILAR,"vehicle_id, exact_amount",44,0.9818,0.0,1.0,0.2513,0,0
CLM00077,CLM00238,0.3665,NO_MATCH,"close_date_30d, claim_type",13,0.8118,0.0,0.0,0.2513,1,0
CLM00111,CLM00262,0.3664,NO_MATCH,"close_date_30d, city",10,0.8405,0.0,0.0,0.2513,1,0
CLM00014,CLM00239,0.3664,NO_MATCH,"close_date_30d, city, claim_type",14,0.3361,0.0,0.0,0.2513,0,0
CLM00285,CLM00294,0.3664,NO_MATCH,"close_date_30d, close_amount_10pct, claim_type",17,0.9361,0.0,0.0,0.2359,0,0
CLM00173,CLM00186,0.3664,SIMILAR,"policy_id, claim_type",137,0.7805,0.0,0.0,0.2513,0,0
CLM00014,CLM00108,0.3663,NO_MATCH,"close_date_30d, close_amount_10pct, city",13,0.931,0.0,0.0,0.2359,0,0
CLM00071,CLM00315,0.3663,SIMILAR,"claimant_id, city",104,0.878,0.0,0.0,1.0,0,0
CLM00078,CLM00159,0.3663,NO_MATCH,"close_date_30d, claim_type",10,0.7657,0.0,0.0,0.2359,0,0
CLM00197,CLM00216,0.3663,NO_MATCH,"close_date_30d, claim_type",16,0.8796,0.0,0.0,0.2513,0,0
CLM00047,CLM00055,0.3662,SIMILAR,"vehicle_id, city",84,0.6106,0.0,1.0,0.2359,0,0
CLM00040,CLM00306,0.3662,SIMILAR,"vehicle_id, close_amount_10pct",40,0.9045,0.0,1.0,0.2359,0,0
CLM00168,CLM00188,0.3662,NO_MATCH,"close_date_30d, close_amount_10pct, city",18,0.9306,0.0,0.1,0.2205,0,0
CLM00151,CLM00299,0.3661,NO_MATCH,"close_date_7d, city",3,0.6924,0.0,0.0,0.2359,0,0
CLM00109,CLM00299,0.3661,NO_MATCH,"close_date_7d, claim_type",3,0.8836,0.0,0.0,0.2359,0,0
CLM00015,CLM00132,0.3661,SIMILAR,"claimant_id, city",100,0.8759,0.0,0.0,1.0,0,0
CLM00038,CLM00301,0.3661,NO_MATCH,"close_date_30d, city, claim_type",12,0.4536,0.0,0.1,0.2359,0,0
CLM00115,CLM00257,0.366,NO_MATCH,"close_date_30d, city, claim_type",29,0.8514,0.0,0.1,0.2513,1,1
CLM00210,CLM00291,0.366,SIMILAR,"invoice_id, city, claim_type",155,0.648,1.0,0.1,0.2359,0,0
CLM00055,CLM00120,0.366,SIMILAR,"policy_id, close_date_30d",29,0.6067,0.0,0.0,0.2513,0,0
CLM00101,CLM00225,0.366,NO_MATCH,"close_date_30d, exact_amount, city",21,0.9916,0.0,0.1,0.2359,0,0
CLM00050,CLM00211,0.366,SIMILAR,vehicle_id,39,0.5871,0.0,1.0,0.2359,1,0
CLM00113,CLM00248,0.366,NO_MATCH,"close_date_7d, city",1,0.6109,0.0,0.0,0.2513,0,0
CLM00010,CLM00070,0.3659,NO_MATCH,"close_date_7d, claim_type",6,0.6476,0.0,0.0,0.2359,1,1
CLM00179,CLM00185,0.3659,NO_MATCH,"close_date_7d, exact_amount, city",2,0.9563,0.0,0.0,0.2359,0,1
CLM00005,CLM00253,0.3659,NO_MATCH,"close_amount_10pct, city, claim_type",39,0.9419,0.0,0.0,0.2513,0,0
CLM00248,CLM00292,0.3658,NO_MATCH,"provider_id, close_date_30d, city, claim_type",13,0.1491,0.3,0.1,0.2513,0,0
CLM00080,CLM00164,0.3658,NO_MATCH,"provider_id, city, claim_type",35,0.855,0.3,0.0,0.2513,1,0
CLM00102,CLM00313,0.3658,NO_MATCH,"close_date_30d, close_amount_10pct, city, claim_type",25,0.9306,0.0,0.0,0.2359,0,0
CLM00047,CLM00197,0.3658,NO_MATCH,"exact_date, close_amount_10pct",0,0.92,0.0,0.1,0.2513,0,0
CLM00102,CLM00170,0.3658,NO_MATCH,"exact_amount, city, claim_type",39,0.9709,0.0,0.0,0.2359,0,0
CLM00165,CLM00206,0.3657,SIMILAR,"vehicle_id, close_amount_10pct, city",95,0.9047,0.0,1.0,0.2359,0,0
CLM00129,CLM00134,0.3657,NO_MATCH,"exact_date, city",0,0.4541,0.0,0.1,0.2359,0,0
CLM00032,CLM00204,0.3657,NO_MATCH,"close_date_7d, close_amount_10pct, city",2,0.9193,0.0,0.0,0.2513,0,0
CLM00022,CLM00179,0.3657,SIMILAR,"vehicle_id, city",31,0.1848,0.0,1.0,0.2359,0,0
CLM00022,CLM00318,0.3657,NO_MATCH,"close_date_30d, city, claim_type",25,0.6036,0.0,0.0,0.2513,0,1
CLM00126,CLM00313,0.3656,NO_MATCH,"close_date_30d, exact_amount, city, claim_type",27,0.9781,0.0,0.0,0.2359,0,0
CLM00124,CLM00295,0.3656,NO_MATCH,"close_date_7d, claim_type",3,0.8781,0.0,0.0,0.2359,0,1
CLM00024,CLM00173,0.3656,NO_MATCH,"close_date_7d, exact_amount, city",2,0.9584,0.0,0.0,0.2359,0,0
CLM00002,CLM00078,0.3656,NO_MATCH,"close_date_30d, claim_type",15,0.8747,0.0,0.0,0.2359,0,0
CLM00054,CLM00244,0.3655,NO_MATCH,"close_date_7d, city",6,0.7171,0.0,0.0,0.2513,1,0
CLM00279,CLM00295,0.3653,SIMILAR,"invoice_id, claim_type",201,0.8408,1.0,0.1,0.2359,0,1
CLM00142,CLM00147,0.3653,NO_MATCH,"close_date_7d, close_amount_10pct",1,0.9353,0.0,0.1,0.2513,1,0
CLM00086,CLM00254,0.3653,NO_MATCH,"close_date_7d, city, claim_type",4,0.2562,0.0,0.1,0.2359,0,0
CLM00014,CLM00046,0.3653,NO_MATCH,"close_date_30d, city, claim_type",16,0.6909,0.0,0.0,0.2359,0,0
CLM00075,CLM00315,0.3653,SIMILAR,"invoice_id, claim_type",34,0.4955,1.0,0.1,0.2359,0,0
CLM00132,CLM00190,0.3652,NO_MATCH,"close_date_7d, exact_amount",1,0.9742,0.0,0.1,0.2359,0,0
CLM00039,CLM00249,0.3651,NO_MATCH,"exact_date, city",0,0.7128,0.0,0.1,0.2513,0,0
CLM00031,CLM00304,0.3651,NO_MATCH,"close_date_7d, exact_amount, city",4,0.9943,0.0,0.0,0.2359,0,1
CLM00233,CLM00246,0.3651,NO_MATCH,"close_date_30d, claim_type",8,0.698,0.0,0.0,0.2359,0,0
CLM00047,CLM00312,0.3651,NO_MATCH,"close_date_30d, claim_type",8,0.6727,0.0,0.0,0.2513,0,0
CLM00276,CLM00287,0.365,NO_MATCH,"close_date_30d, city, claim_type",25,0.4628,0.0,0.1,0.2359,0,0
CLM00210,CLM00312,0.365,SIMILAR,"policy_id, claim_type",83,0.7663,0.0,0.0,0.2513,0,0
CLM00247,CLM00303,0.365,NO_MATCH,"close_date_30d, city",11,0.8813,0.0,0.0,0.2359,0,0
CLM00098,CLM00120,0.365,NO_MATCH,"close_date_30d, exact_amount, city",14,0.9531,0.0,0.0,0.2359,0,0
CLM00303,CLM00310,0.365,NO_MATCH,"close_date_7d, claim_type",3,0.8627,0.0,0.0,0.2359,0,0
CLM00163,CLM00197,0.3649,SIMILAR,"invoice_id, city, claim_type",74,0.7659,1.0,0.0,0.2513,0,0
CLM00152,CLM00271,0.3649,NO_MATCH,"close_date_30d, claim_type",15,0.7216,0.0,0.1,0.2359,0,0
CLM00232,CLM00254,0.3648,SIMILAR,"vehicle_id, claim_type",46,0.4457,0.0,1.0,0.2359,0,0
CLM00058,CLM00060,0.3648,NO_MATCH,"close_date_30d, city",12,0.7464,0.0,0.1,0.2359,1,1
CLM00023,CLM00167,0.3648,SIMILAR,"claimant_id, city",132,0.872,0.0,0.0,1.0,1,0
CLM00173,CLM00272,0.3647,NO_MATCH,"close_date_30d, city",9,0.669,0.0,0.1,0.2359,0,0
CLM00132,CLM00285,0.3646,NO_MATCH,"close_date_30d, exact_amount, claim_type",26,0.9928,0.0,0.1,0.2359,0,0
CLM00140,CLM00291,0.3646,SIMILAR,"vehicle_id, close_date_30d",26,0.5429,0.0,1.0,0.2359,0,0
CLM00009,CLM00315,0.3646,NO_MATCH,"provider_id, close_date_30d, claim_type",13,0.819,0.3,0.0,0.2359,0,0
CLM00125,CLM00213,0.3645,SIMILAR,"claimant_id, city, claim_type",67,0.2637,0.0,0.0,1.0,0,0
CLM00082,CLM00150,0.3645,NO_MATCH,"close_date_7d, claim_type",3,0.8421,0.0,0.0,0.2513,0,0
CLM00011,CLM00308,0.3645,NO_MATCH,"close_date_7d, claim_type",3,0.7227,0.0,0.1,0.2359,0,0
CLM00136,CLM00182,0.3644,NO_MATCH,"close_date_30d, exact_amount, claim_type",19,0.9662,0.0,0.0,0.2359,0,0
CLM00108,CLM00148,0.3644,SIMILAR,"vehicle_id, claim_type",86,0.4821,0.0,1.0,0.2359,0,0
CLM00017,CLM00275,0.3644,SIMILAR,"policy_id, close_date_30d",23,0.4617,0.0,0.0,0.2359,0,0
CLM00186,CLM00293,0.3643,NO_MATCH,"close_date_30d, claim_type",19,0.8254,0.0,0.1,0.2359,0,0
CLM00136,CLM00277,0.3643,NO_MATCH,"close_date_7d, claim_type",7,0.6753,0.0,0.0,0.2359,0,0
CLM00043,CLM00281,0.3642,NO_MATCH,"close_date_30d, city, claim_type",9,0.2194,0.0,0.0,0.2359,0,0
CLM00150,CLM00185,0.3642,NO_MATCH,"close_date_30d, city, claim_type",26,0.8985,0.0,0.0,0.2513,0,1
CLM00036,CLM00048,0.3642,NO_MATCH,"provider_id, close_amount_10pct, claim_type",35,0.9149,0.3,0.1,0.2359,0,1
CLM00203,CLM00209,0.3642,NO_MATCH,"close_date_30d, exact_amount, claim_type",10,0.999,0.0,0.0,0.2513,0,0
CLM00162,CLM00224,0.3642,NO_MATCH,"close_date_30d, city, claim_type",20,0.489,0.0,0.0,0.2359,0,0
CLM00030,CLM00234,0.3641,POSSIBLE_DUPLICATE,"vehicle_id, close_date_30d",11,0.1587,0.0,1.0,0.2359,0,0
CLM00114,CLM00224,0.3641,SIMILAR,"policy_id, claim_type",39,0.2632,0.0,0.0,0.2359,1,0
CLM00177,CLM00272,0.3641,NO_MATCH,"close_date_30d, city, claim_type",24,0.8882,0.0,0.0,0.2359,0,0
CLM00024,CLM00284,0.3641,NO_MATCH,"close_date_30d, exact_amount, city",8,0.955,0.0,0.1,0.2205,0,0
CLM00264,CLM00271,0.3641,SIMILAR,"invoice_id, close_date_30d",17,0.7829,1.0,0.0,0.2513,0,0
CLM00100,CLM00279,0.364,SIMILAR,"policy_id, claim_type",70,0.7973,0.0,0.0,0.2359,0,0
CLM00014,CLM00096,0.364,SIMILAR,"vehicle_id, close_date_30d",19,0.3636,0.0,1.0,0.2359,0,1
CLM00063,CLM00124,0.3639,NO_MATCH,"close_date_7d, city",4,0.8107,0.0,0.1,0.2513,0,0
CLM00109,CLM00152,0.3639,NO_MATCH,"close_date_30d, city",10,0.6554,0.0,0.1,0.2513,0,0
CLM00005,CLM00208,0.3639,SIMILAR,vehicle_id,43,0.6624,0.0,1.0,0.2359,0,0
CLM00146,CLM00306,0.3639,NO_MATCH,"close_date_30d, exact_amount, city",15,0.9608,0.0,0.0,0.2359,1,0
CLM00287,CLM00293,0.3638,NO_MATCH,"close_date_30d, exact_amount, city",16,0.9544,0.0,0.0,0.2513,0,0
CLM00016,CLM00282,0.3637,NO_MATCH,"close_date_7d, close_amount_10pct, city",7,0.9147,0.0,0.1,0.2359,0,1
CLM00076,CLM00139,0.3636,NO_MATCH,"close_date_30d, claim_type",12,0.7889,0.0,0.0,0.2359,0,0
CLM00077,CLM00294,0.3636,NO_MATCH,"provider_id, close_date_7d, city",1,0.614,0.3,0.0,0.2359,1,0
CLM00006,CLM00022,0.3635,SIMILAR,"vehicle_id, close_date_30d",24,0.179,0.0,1.0,0.2359,0,0
CLM00101,CLM00308,0.3635,NO_MATCH,"close_date_7d, exact_amount, city",3,0.9571,0.0,0.0,0.2359,0,0
CLM00245,CLM00295,0.3635,NO_MATCH,"provider_id, close_date_7d",7,0.767,0.3,0.1,0.2513,1,1
CLM00128,CLM00219,0.3635,NO_MATCH,"close_date_30d, city, claim_type",11,0.2568,0.0,0.0,0.2359,0,0
CLM00061,CLM00256,0.3634,NO_MATCH,"close_date_7d, city",5,0.8518,0.0,0.1,0.2359,0,0
CLM00190,CLM00279,0.3634,NO_MATCH,"close_date_7d, claim_type",6,0.6001,0.0,0.0,0.2513,0,0
CLM00224,CLM00225,0.3634,NO_MATCH,"close_amount_10pct, city, claim_type",39,0.9156,0.0,0.0,0.2513,0,0
CLM00107,CLM00132,0.3634,NO_MATCH,"close_date_30d, exact_amount, claim_type",15,0.975,0.0,0.1,0.2513,0,0
CLM00047,CLM00209,0.3634,NO_MATCH,"close_date_7d, exact_amount, city",5,0.9807,0.0,0.0,0.2513,0,0
CLM00255,CLM00312,0.3633,NO_MATCH,"close_date_30d, city, claim_type",11,0.5551,0.0,0.0,0.2359,0,0
CLM00220,CLM00291,0.3633,NO_MATCH,"close_date_30d, city, claim_type",16,0.6807,0.0,0.0,0.2359,0,0
CLM00052,CLM00223,0.3633,SIMILAR,"claimant_id, city",51,0.6231,0.0,0.0,1.0,0,0
CLM00012,CLM00075,0.3633,SIMILAR,"vehicle_id, city, claim_type",62,0.2808,0.0,1.0,0.2359,0,0
CLM00073,CLM00147,0.3632,SIMILAR,"vehicle_id, provider_id",58,0.7251,0.3,1.0,0.2359,1,0
CLM00209,CLM00231,0.3632,SIMILAR,"invoice_id, exact_amount, claim_type",53,0.9543,1.0,0.1,0.2359,0,0
CLM00038,CLM00311,0.3632,SIMILAR,"claimant_id, city, claim_type",113,0.2464,0.0,0.0,1.0,0,0
CLM00057,CLM00065,0.3631,NO_MATCH,"exact_date, claim_type",0,0.7387,0.0,0.0,0.2513,0,0
CLM00002,CLM00275,0.363,SIMILAR,"vehicle_id, close_date_30d",21,0.0625,0.0,1.0,0.2513,0,0
CLM00160,CLM00226,0.363,NO_MATCH,"exact_amount, city, claim_type",39,0.9518,0.0,0.0,0.2359,1,0
CLM00154,CLM00296,0.363,NO_MATCH,"close_date_30d, exact_amount, claim_type",9,0.9809,0.0,0.0,0.2513,0,0
CLM00027,CLM00211,0.3629,NO_MATCH,"close_date_7d, claim_type",3,0.8157,0.0,0.0,0.2513,0,0
CLM00051,CLM00084,0.3629,NO_MATCH,"provider_id, close_date_30d, claim_type",10,0.5468,0.3,0.1,0.2513,0,0
CLM00111,CLM00272,0.3628,NO_MATCH,"close_date_7d, claim_type",3,0.8602,0.0,0.0,0.2359,1,0
CLM00079,CLM00127,0.3628,NO_MATCH,"close_date_30d, city",8,0.7402,0.0,0.0,0.2513,0,1
CLM00063,CLM00119,0.3628,NO_MATCH,"close_date_7d, city",4,0.8302,0.0,0.1,0.2359,0,0
CLM00159,CLM00245,0.3628,NO_MATCH,"close_date_30d, city",8,0.8056,0.0,0.0,0.2205,0,1
CLM00052,CLM00103,0.3627,NO_MATCH,"close_date_7d, close_amount_10pct, claim_type",6,0.93,0.0,0.0,0.2359,0,0
CLM00080,CLM00215,0.3627,NO_MATCH,"close_date_7d, city",2,0.8987,0.0,0.0,0.2513,1,1
CLM00195,CLM00319,0.3627,NO_MATCH,"close_date_30d, city",8,0.5843,0.0,0.1,0.2513,0,0
CLM00067,CLM00097,0.3626,NO_MATCH,"close_date_30d, claim_type",23,0.8895,0.0,0.1,0.2359,0,0
CLM00065,CLM00132,0.3626,NO_MATCH,"close_date_30d, close_amount_10pct, city",10,0.9482,0.0,0.1,0.2513,0,0
CLM00043,CLM00264,0.3626,NO_MATCH,"close_date_30d, city",9,0.763,0.0,0.0,0.2513,0,0
CLM00069,CLM00156,0.3626,NO_MATCH,"close_date_30d, exact_amount, city",11,0.9936,0.0,0.1,0.2359,0,1
CLM00220,CLM00317,0.3626,NO_MATCH,"close_date_7d, close_amount_10pct, city",2,0.9018,0.0,0.0,0.2513,0,0
CLM00065,CLM00249,0.3626,NO_MATCH,"close_date_30d, claim_type",10,0.7282,0.0,0.0,0.2359,0,0
CLM00061,CLM00242,0.3626,NO_MATCH,"provider_id, city, claim_type",37,0.4536,0.3,0.1,0.2359,0,0
CLM00078,CLM00099,0.3625,SIMILAR,"invoice_id, exact_amount, claim_type",158,0.9732,1.0,0.0,0.2359,0,0
CLM00060,CLM00154,0.3624,NO_MATCH,"close_date_30d, claim_type",11,0.8712,0.0,0.1,0.2513,1,0
CLM00302,CLM00315,0.3624,NO_MATCH,"close_date_30d, city, claim_type",27,0.4964,0.0,0.1,0.2359,0,0
CLM00282,CLM00299,0.3624,NO_MATCH,"close_date_30d, claim_type",14,0.8524,0.0,0.0,0.2205,1,0
CLM00061,CLM00149,0.3623,SIMILAR,"vehicle_id, claim_type",107,0.7353,0.0,1.0,0.2513,0,0
CLM00110,CLM00171,0.3622,NO_MATCH,"provider_id, close_date_7d, exact_amount",2,0.9593,0.3,0.1,0.2359,0,0
CLM00002,CLM00193,0.3621,NO_MATCH,"close_date_30d, claim_type",15,0.8445,0.0,0.0,0.2359,0,1
CLM00118,CLM00178,0.3621,NO_MATCH,"close_date_7d, claim_type",7,0.6647,0.0,0.0,0.2205,0,0
CLM00049,CLM00213,0.362,NO_MATCH,"close_date_30d, city, claim_type",26,0.623,0.0,0.0,0.2359,0,0
CLM00120,CLM00238,0.362,NO_MATCH,"close_date_30d, city",14,0.8863,0.0,0.0,0.2513,0,0
CLM00010,CLM00096,0.3619,NO_MATCH,"close_date_30d, exact_amount, claim_type",8,0.9669,0.0,0.0,0.2359,1,1
CLM00291,CLM00293,0.3619,NO_MATCH,"close_date_30d, city, claim_type",17,0.2319,0.0,0.1,0.2359,0,0
CLM00007,CLM00147,0.3618,SIMILAR,"claimant_id, city",74,0.6783,0.0,0.1,1.0,0,0
CLM00058,CLM00264,0.3618,NO_MATCH,"close_date_7d, city",2,0.8898,0.0,0.0,0.2513,1,0
CLM00110,CLM00259,0.3618,NO_MATCH,"exact_amount, city, claim_type",41,1.0,0.0,0.0,0.2359,0,0
CLM00084,CLM00251,0.3617,SIMILAR,"vehicle_id, city",135,0.5384,0.0,1.0,0.2513,0,0
CLM00033,CLM00194,0.3617,NO_MATCH,"city, claim_type",34,0.7888,0.0,0.0,0.2513,1,0
CLM00093,CLM00286,0.3616,NO_MATCH,"close_date_30d, claim_type",16,0.8688,0.0,0.0,0.2359,0,0
CLM00272,CLM00286,0.3616,NO_MATCH,"close_date_7d, close_amount_10pct, claim_type",7,0.9074,0.0,0.0,0.2513,0,0
CLM00098,CLM00285,0.3615,NO_MATCH,"close_date_30d, city, claim_type",23,0.6825,0.0,0.1,0.2359,0,0
CLM00010,CLM00169,0.3615,NO_MATCH,"close_date_30d, city",11,0.8019,0.0,0.0,0.2513,1,0
CLM00066,CLM00249,0.3614,NO_MATCH,"close_date_7d, city",2,0.5854,0.0,0.0,0.2513,0,0
CLM00105,CLM00241,0.3614,SIMILAR,"claimant_id, city",73,0.6829,0.0,0.1,1.0,1,0
CLM00207,CLM00216,0.3614,NO_MATCH,"close_date_30d, exact_amount, city",17,0.9557,0.0,0.0,0.2513,1,0
CLM00185,CLM00191,0.3613,SIMILAR,policy_id,44,0.8099,0.0,0.1,0.2359,1,0
CLM00088,CLM00257,0.3613,NO_MATCH,"city, claim_type",35,0.8403,0.0,0.0,0.2359,0,1
CLM00116,CLM00127,0.3613,NO_MATCH,"close_date_7d, city",6,0.8292,0.0,0.1,0.2513,0,1
CLM00183,CLM00316,0.3613,SIMILAR,"vehicle_id, close_amount_10pct",43,0.9354,0.0,1.0,0.2359,0,1
CLM00054,CLM00140,0.3613,NO_MATCH,"close_date_30d, city, claim_type",17,0.2312,0.0,0.1,0.2359,1,0
CLM00079,CLM00241,0.3612,NO_MATCH,"close_date_30d, claim_type",16,0.7148,0.0,0.1,0.2359,0,0
CLM00010,CLM00035,0.3612,NO_MATCH,"exact_date, claim_type",0,0.3098,0.0,0.1,0.2359,1,0
CLM00109,CLM00307,0.3612,NO_MATCH,"close_date_7d, city",1,0.8845,0.0,0.0,0.2359,0,0
CLM00287,CLM00307,0.3611,NO_MATCH,"close_date_30d, claim_type",10,0.7088,0.0,0.0,0.2359,0,0
CLM00021,CLM00104,0.361,NO_MATCH,"close_date_30d, claim_type",14,0.8031,0.0,0.0,0.2359,1,0
CLM00270,CLM00302,0.3609,NO_MATCH,"close_date_7d, exact_amount, city",5,0.9809,0.0,0.0,0.2359,0,0
CLM00194,CLM00254,0.3609,SIMILAR,"policy_id, close_date_30d",15,0.2314,0.0,0.0,0.2359,0,0
CLM00205,CLM00257,0.3609,SIMILAR,"vehicle_id, city",116,0.8164,0.0,1.0,0.2513,0,1
CLM00035,CLM00153,0.3609,NO_MATCH,"close_date_7d, exact_amount",5,0.9965,0.0,0.1,0.2513,0,0
CLM00157,CLM00210,0.3609,NO_MATCH,"provider_id, close_date_30d, claim_type",12,0.4563,0.3,0.0,0.2359,0,0
CLM00079,CLM00273,0.3608,NO_MATCH,"close_date_7d, city",1,0.5754,0.0,0.0,0.2359,0,0
CLM00081,CLM00241,0.3608,SIMILAR,"claimant_id, city",147,0.8229,0.0,0.0,1.0,0,0
CLM00248,CLM00274,0.3608,NO_MATCH,"close_date_30d, exact_amount, claim_type",16,0.996,0.0,0.1,0.2359,0,0
CLM00008,CLM00244,0.3608,NO_MATCH,"close_date_30d, city, claim_type",24,0.7061,0.0,0.1,0.2359,0,0
CLM00001,CLM00313,0.3607,SIMILAR,"vehicle_id, city",179,0.5451,0.0,1.0,0.2359,1,0
CLM00096,CLM00243,0.3607,NO_MATCH,"close_date_30d, close_amount_10pct, city",15,0.9345,0.0,0.0,0.2359,1,0
CLM00033,CLM00044,0.3607,NO_MATCH,"close_date_7d, claim_type",6,0.6056,0.0,0.0,0.2359,1,0
CLM00032,CLM00252,0.3607,SIMILAR,"claimant_id, city",56,0.722,0.0,0.0,1.0,0,0
CLM00056,CLM00300,0.3607,NO_MATCH,"close_date_7d, city",7,0.5537,0.0,0.1,0.2513,0,0
CLM00008,CLM00190,0.3607,NO_MATCH,"close_date_7d, close_amount_10pct, city",4,0.9246,0.0,0.0,0.2513,0,0
CLM00182,CLM00216,0.3606,NO_MATCH,"close_date_30d, exact_amount, claim_type",8,0.9533,0.0,0.0,0.2359,0,0
CLM00200,CLM00308,0.3606,NO_MATCH,"close_date_30d, city, claim_type",11,0.5282,0.0,0.0,0.2359,0,0
CLM00147,CLM00185,0.3606,NO_MATCH,"close_date_7d, claim_type",5,0.8784,0.0,0.0,0.2359,0,1
CLM00078,CLM00249,0.3605,SIMILAR,"vehicle_id, claim_type",163,0.7581,0.0,1.0,0.2359,0,0
CLM00187,CLM00224,0.3605,NO_MATCH,"close_date_30d, close_amount_10pct, city",9,0.9367,0.0,0.1,0.2359,1,0
CLM00067,CLM00123,0.3604,NO_MATCH,"provider_id, close_date_30d, claim_type",18,0.4563,0.3,0.1,0.2359,0,0
CLM00025,CLM00310,0.3604,NO_MATCH,"close_date_30d, claim_type",12,0.7257,0.0,0.0,0.2513,0,0
CLM00225,CLM00292,0.3604,NO_MATCH,"close_date_7d, claim_type",1,0.7669,0.0,0.0,0.2359,0,0
CLM00139,CLM00260,0.3603,NO_MATCH,"close_date_30d, city",12,0.8594,0.0,0.0,0.2359,0,0
CLM00136,CLM00228,0.3603,SIMILAR,"claimant_id, city",125,0.8314,0.0,0.0,1.0,0,0
CLM00047,CLM00216,0.3603,NO_MATCH,"close_date_30d, exact_amount, city",16,0.9561,0.0,0.0,0.2359,0,0
CLM00256,CLM00293,0.3603,NO_MATCH,"close_date_30d, claim_type",12,0.569,0.0,0.1,0.2513,0,0
CLM00004,CLM00269,0.3603,SIMILAR,"claimant_id, city",100,0.8233,0.0,0.0,1.0,0,0
CLM00100,CLM00226,0.3603,NO_MATCH,"close_date_30d, claim_type",23,0.8539,0.0,0.1,0.2513,0,0
CLM00082,CLM00207,0.3602,NO_MATCH,"close_date_30d, claim_type",17,0.8696,0.0,0.0,0.2359,0,1
CLM00292,CLM00311,0.3601,NO_MATCH,"close_date_30d, exact_amount, claim_type",20,0.9582,0.0,0.0,0.2359,0,0
CLM00118,CLM00172,0.3601,NO_MATCH,"close_date_7d, city",6,0.6984,0.0,0.0,0.2359,0,0
CLM00264,CLM00293,0.3601,NO_MATCH,"provider_id, close_date_30d, close_amount_10pct",13,0.9237,0.3,0.1,0.2359,0,0
CLM00026,CLM00242,0.3601,SIMILAR,"policy_id, claim_type",44,0.3439,0.0,0.0,0.2359,0,0
CLM00007,CLM00057,0.36,SIMILAR,"policy_id, claim_type",70,0.7335,0.0,0.0,0.2359,0,0
CLM00100,CLM00178,0.36,NO_MATCH,"close_date_30d, city",10,0.7976,0.0,0.0,0.2359,0,0
CLM00102,CLM00163,0.36,NO_MATCH,"close_date_30d, exact_amount, city",18,0.9974,0.0,0.0,0.2359,0,0
CLM00280,CLM00298,0.36,SIMILAR,"policy_id, city",157,0.8688,0.0,0.0,0.2205,0,0
CLM00066,CLM00135,0.36,NO_MATCH,"close_date_7d, city",1,0.5471,0.0,0.0,0.2513,0,0
CLM00149,CLM00212,0.36,SIMILAR,"invoice_id, close_date_30d",11,0.6218,1.0,0.0,0.2359,0,1
CLM00214,CLM00319,0.36,NO_MATCH,"close_date_7d, city, claim_type",3,0.3526,0.0,0.0,0.2205,1,0
CLM00205,CLM00294,0.3599,NO_MATCH,"close_date_7d, close_amount_10pct",1,0.9217,0.0,0.1,0.2359,0,0
CLM00186,CLM00285,0.3599,SIMILAR,vehicle_id,40,0.846,0.0,1.0,0.2359,0,0
CLM00159,CLM00284,0.3599,NO_MATCH,"close_date_30d, city, claim_type",20,0.6365,0.0,0.1,0.2205,0,0
CLM00032,CLM00293,0.3599,NO_MATCH,"close_date_30d, claim_type",18,0.8915,0.0,0.0,0.2359,0,0
CLM00107,CLM00294,0.3599,NO_MATCH,"close_date_7d, close_amount_10pct, claim_type",6,0.9061,0.0,0.0,0.2359,0,0
CLM00077,CLM00175,0.3598,NO_MATCH,"close_date_30d, close_amount_10pct, city",10,0.9409,0.0,0.1,0.2359,1,0
CLM00063,CLM00247,0.3598,NO_MATCH,"close_date_30d, claim_type",16,0.8503,0.0,0.0,0.2359,0,0
CLM00077,CLM00181,0.3598,NO_MATCH,"close_date_30d, close_amount_10pct, city, claim_type",28,0.9202,0.0,0.0,0.2513,1,0
CLM00044,CLM00199,0.3598,NO_MATCH,"close_date_7d, close_amount_10pct, city",3,0.9253,0.0,0.0,0.2359,0,0
CLM00099,CLM00205,0.3597,NO_MATCH,"close_date_30d, city",15,0.8937,0.0,0.0,0.2513,0,0
CLM00009,CLM00318,0.3597,NO_MATCH,"close_date_30d, city, claim_type",20,0.2647,0.0,0.1,0.2513,0,1
CLM00145,CLM00288,0.3596,NO_MATCH,"close_date_30d, claim_type",14,0.7722,0.0,0.0,0.2513,1,1
CLM00043,CLM00253,0.3596,NO_MATCH,"provider_id, close_date_30d, city",18,0.6887,0.3,0.0,0.2359,0,0
CLM00136,CLM00197,0.3596,NO_MATCH,"close_date_7d, claim_type",5,0.8678,0.0,0.0,0.2359,0,0
CLM00108,CLM00240,0.3596,NO_MATCH,"close_date_7d, city, claim_type",3,0.3178,0.0,0.0,0.2359,0,0
CLM00024,CLM00159,0.3595,NO_MATCH,"close_date_30d, city",12,0.6665,0.0,0.1,0.2513,0,0
CLM00247,CLM00313,0.3595,NO_MATCH,"close_date_30d, city, claim_type",24,0.8517,0.0,0.0,0.2359,0,0
CLM00033,CLM00152,0.3595,NO_MATCH,"close_date_7d, claim_type",6,0.8669,0.0,0.0,0.2513,1,0
CLM00035,CLM00108,0.3595,NO_MATCH,"close_date_30d, claim_type",14,0.767,0.0,0.0,0.2513,0,0
CLM00150,CLM00271,0.3594,NO_MATCH,"close_date_30d, exact_amount, city",18,0.9915,0.0,0.0,0.2359,0,0
CLM00028,CLM00053,0.3593,SIMILAR,"claimant_id, city",57,0.7385,0.0,0.0,1.0,1,0
CLM00117,CLM00219,0.3593,SIMILAR,"claimant_id, city, claim_type",200,0.2123,0.0,0.0,1.0,0,0
CLM00059,CLM00230,0.3592,NO_MATCH,"city, claim_type",35,0.8506,0.0,0.0,0.2205,0,1
CLM00128,CLM00159,0.3592,NO_MATCH,"close_date_30d, claim_type",17,0.7143,0.0,0.1,0.2359,0,0
CLM00098,CLM00122,0.3592,NO_MATCH,"close_date_30d, close_amount_10pct, claim_type",15,0.939,0.0,0.1,0.2513,0,0
CLM00137,CLM00211,0.3592,SIMILAR,"vehicle_id, city",208,0.8083,0.0,1.0,0.2513,0,0
CLM00123,CLM00179,0.3592,NO_MATCH,"close_date_7d, claim_type",3,0.3644,0.0,0.1,0.2359,0,0
CLM00110,CLM00215,0.3592,NO_MATCH,"close_date_30d, exact_amount, claim_type",22,0.9895,0.0,0.0,0.2359,0,1
CLM00182,CLM00197,0.3591,NO_MATCH,"close_date_30d, city, claim_type",24,0.8385,0.0,0.0,0.2359,0,0
CLM00161,CLM00214,0.3591,NO_MATCH,"close_date_7d, city",4,0.6072,0.0,0.0,0.2513,0,1
CLM00162,CLM00169,0.359,NO_MATCH,"close_date_30d, city",11,0.6527,0.0,0.1,0.2359,0,0
CLM00194,CLM00296,0.359,NO_MATCH,"close_date_30d, exact_amount, city",18,0.9567,0.0,0.0,0.2513,0,0
CLM00056,CLM00296,0.359,SIMILAR,"claimant_id, city",35,0.1793,0.0,0.0,1.0,0,0
CLM00208,CLM00277,0.359,NO_MATCH,"provider_id, close_date_30d, claim_type",29,0.7118,0.3,0.1,0.2359,0,0
CLM00151,CLM00278,0.359,NO_MATCH,"close_date_7d, exact_amount",5,0.9906,0.0,0.1,0.2513,0,0
CLM00143,CLM00308,0.359,NO_MATCH,"close_date_7d, claim_type",5,0.5625,0.0,0.0,0.2359,0,0
CLM00274,CLM00298,0.3589,SIMILAR,"vehicle_id, close_date_30d",22,0.0865,0.0,1.0,0.2359,0,0
CLM00015,CLM00208,0.3589,SIMILAR,"claimant_id, city",89,0.8136,0.0,0.0,1.0,0,0
CLM00139,CLM00304,0.3589,NO_MATCH,"close_date_7d, claim_type",5,0.5608,0.0,0.0,0.2359,0,1
CLM00083,CLM00218,0.3589,SIMILAR,"policy_id, close_date_30d",23,0.4067,0.0,0.0,0.2359,0,0
CLM00147,CLM00229,0.3589,NO_MATCH,"exact_date, claim_type",0,0.7153,0.0,0.0,0.2513,0,0
CLM00152,CLM00172,0.3588,NO_MATCH,"close_date_30d, city, claim_type",28,0.6257,0.0,0.0,0.2359,0,0
CLM00043,CLM00213,0.3588,NO_MATCH,"exact_amount, city, claim_type",35,0.9558,0.0,0.1,0.2359,0,0
CLM00156,CLM00172,0.3588,SIMILAR,"policy_id, city",89,0.8356,0.0,0.0,0.2359,1,0
CLM00208,CLM00262,0.3587,NO_MATCH,"close_date_30d, exact_amount, claim_type",16,0.9533,0.0,0.1,0.2513,0,0
CLM00093,CLM00192,0.3587,SIMILAR,"claimant_id, city",126,0.8021,0.0,0.0,1.0,0,0
CLM00034,CLM00109,0.3587,NO_MATCH,"close_date_30d, claim_type",16,0.7204,0.0,0.1,0.2205,1,0
CLM00273,CLM00288,0.3586,NO_MATCH,"close_date_7d, claim_type",7,0.4579,0.0,0.1,0.2359,0,1
CLM00243,CLM00298,0.3586,NO_MATCH,"close_date_7d, city, claim_type",6,0.3837,0.0,0.0,0.2359,0,0
CLM00054,CLM00311,0.3586,SIMILAR,"claimant_id, city",45,0.4357,0.0,0.0,1.0,1,0
CLM00048,CLM00237,0.3586,NO_MATCH,"close_date_7d, city, claim_type",4,0.1578,0.0,0.1,0.2513,1,0
CLM00034,CLM00206,0.3586,NO_MATCH,"close_date_7d, city, claim_type",1,0.294,0.0,0.0,0.2205,1,0
CLM00205,CLM00207,0.3585,SIMILAR,"vehicle_id, claim_type",137,0.7229,0.0,1.0,0.2359,0,1
CLM00212,CLM00262,0.3585,NO_MATCH,"close_date_7d, close_amount_10pct, city",5,0.9167,0.0,0.0,0.2513,1,0
CLM00047,CLM00050,0.3585,NO_MATCH,"close_date_30d, close_amount_10pct, claim_type",8,0.9333,0.0,0.0,0.2359,0,1
CLM00147,CLM00197,0.3584,NO_MATCH,"close_date_7d, exact_amount, city",6,0.9722,0.0,0.0,0.2359,0,0
CLM00019,CLM00155,0.3584,NO_MATCH,"close_date_30d, claim_type",12,0.5767,0.0,0.1,0.2359,1,1
CLM00059,CLM00240,0.3584,SIMILAR,"policy_id, close_date_30d",11,0.1428,0.0,0.0,0.2205,0,0
CLM00100,CLM00186,0.3584,NO_MATCH,"close_date_7d, close_amount_10pct, city",3,0.9066,0.0,0.0,0.2359,0,0
CLM00087,CLM00178,0.3583,SIMILAR,"vehicle_id, claim_type",137,0.4255,0.0,1.0,0.2359,0,0
CLM00206,CLM00256,0.3583,NO_MATCH,"close_date_30d, city, claim_type",22,0.4711,0.0,0.0,0.2359,0,0
CLM00053,CLM00177,0.3583,NO_MATCH,"close_date_30d, city, claim_type",21,0.761,0.0,0.0,0.2359,0,0
CLM00152,CLM00278,0.3583,NO_MATCH,"close_date_30d, close_amount_10pct, claim_type",9,0.9247,0.0,0.0,0.2513,0,0
CLM00057,CLM00249,0.3583,NO_MATCH,"close_date_30d, exact_amount, claim_type",10,0.9858,0.0,0.0,0.2359,0,0
CLM00259,CLM00285,0.3582,NO_MATCH,"close_date_7d, exact_amount",5,0.9946,0.0,0.1,0.2359,0,0
CLM00065,CLM00264,0.3582,SIMILAR,"vehicle_id, exact_amount",88,0.9942,0.0,1.0,0.2513,0,0
CLM00105,CLM00157,0.3582,NO_MATCH,"close_date_7d, city",5,0.6445,0.0,0.0,0.2359,1,0
CLM00038,CLM00121,0.3582,NO_MATCH,"close_date_7d, exact_amount, city",6,0.9844,0.0,0.0,0.2359,0,0
CLM00040,CLM00231,0.3582,SIMILAR,"claimant_id, city",94,0.8066,0.0,0.0,1.0,0,0
CLM00168,CLM00246,0.3582,NO_MATCH,"close_date_30d, city, claim_type",23,0.6543,0.0,0.1,0.2359,0,0
CLM00114,CLM00225,0.3581,NO_MATCH,"exact_date, claim_type",0,0.2874,0.0,0.1,0.2359,1,0
CLM00159,CLM00234,0.3581,SIMILAR,"claimant_id, city",49,0.0844,0.0,0.1,1.0,0,0
CLM00005,CLM00199,0.3581,SIMILAR,vehicle_id,31,0.6042,0.0,1.0,0.2359,0,0
CLM00093,CLM00177,0.3581,NO_MATCH,"close_date_30d, close_amount_10pct, claim_type",15,0.9277,0.0,0.1,0.2513,0,0
CLM00082,CLM00244,0.3581,SIMILAR,"claimant_id, city",111,0.7953,0.0,0.0,1.0,0,0
CLM00029,CLM00063,0.3581,NO_MATCH,"close_date_30d, claim_type",12,0.6981,0.0,0.0,0.2513,0,0
CLM00131,CLM00282,0.3581,NO_MATCH,"close_date_30d, city, claim_type",20,0.738,0.0,0.0,0.2359,0,1
CLM00147,CLM00278,0.358,SIMILAR,"policy_id, city",63,0.6768,0.0,0.1,0.2359,0,0
CLM00032,CLM00235,0.358,NO_MATCH,"close_date_30d, city",16,0.8923,0.0,0.0,0.2513,0,0
CLM00093,CLM00272,0.358,NO_MATCH,"close_date_30d, exact_amount, claim_type",9,0.9575,0.0,0.0,0.2359,0,0
CLM00177,CLM00216,0.358,NO_MATCH,"close_date_30d, close_amount_10pct, city",24,0.9469,0.0,0.1,0.2513,0,0
CLM00108,CLM00255,0.358,SIMILAR,"claimant_id, city",91,0.509,0.0,0.0,1.0,0,0
CLM00196,CLM00269,0.358,NO_MATCH,"close_date_30d, close_amount_10pct, city",10,0.9274,0.0,0.1,0.2359,0,0
CLM00041,CLM00116,0.3579,SIMILAR,"policy_id, claim_type",42,0.1216,0.0,0.1,0.2359,0,0
CLM00278,CLM00287,0.3579,NO_MATCH,"provider_id, close_date_30d, exact_amount",10,0.9667,0.3,0.0,0.2359,0,0
CLM00207,CLM00213,0.3579,NO_MATCH,"close_date_30d, exact_amount, claim_type",23,0.9701,0.0,0.0,0.2513,1,0
CLM00177,CLM00295,0.3579,NO_MATCH,"close_date_7d, claim_type",6,0.8857,0.0,0.0,0.2359,0,1
CLM00077,CLM00320,0.3579,NO_MATCH,"close_date_30d, claim_type",17,0.8567,0.0,0.0,0.2359,1,0
CLM00052,CLM00167,0.3579,NO_MATCH,"close_date_30d, close_amount_10pct, city",11,0.9256,0.0,0.1,0.2513,0,0
CLM00021,CLM00280,0.3579,SIMILAR,"vehicle_id, exact_amount",44,0.9524,0.0,1.0,0.2205,1,0
CLM00093,CLM00178,0.3578,SIMILAR,"invoice_id, city",130,0.881,1.0,0.1,0.2359,0,0
CLM00112,CLM00295,0.3578,NO_MATCH,"close_date_7d, claim_type",7,0.7502,0.0,0.1,0.2359,0,1
CLM00116,CLM00123,0.3578,NO_MATCH,"close_date_7d, city",1,0.5197,0.0,0.0,0.2513,0,0
CLM00167,CLM00293,0.3578,NO_MATCH,"exact_amount, city, claim_type",36,0.954,0.0,0.1,0.2513,0,0
CLM00014,CLM00083,0.3578,NO_MATCH,"close_date_30d, city, claim_type",22,0.7456,0.0,0.0,0.2513,0,0
CLM00121,CLM00125,0.3578,SIMILAR,"claimant_id, city, claim_type",132,0.1875,0.0,0.0,1.0,0,0
CLM00011,CLM00252,0.3577,NO_MATCH,"close_date_7d, claim_type",7,0.6047,0.0,0.0,0.2359,0,0
CLM00176,CLM00242,0.3577,SIMILAR,"vehicle_id, city",167,0.5343,0.0,1.0,0.2359,0,0
CLM00260,CLM00285,0.3576,SIMILAR,"vehicle_id, claim_type",124,0.4236,0.0,1.0,0.2359,0,0
CLM00168,CLM00240,0.3576,SIMILAR,"policy_id, close_date_30d",17,0.1386,0.0,0.1,0.2205,0,0
CLM00006,CLM00273,0.3576,NO_MATCH,"close_date_30d, city",8,0.7242,0.0,0.0,0.2359,0,0
CLM00016,CLM00197,0.3575,NO_MATCH,"city, claim_type",34,0.7682,0.0,0.0,0.2359,0,0
CLM00100,CLM00160,0.3575,NO_MATCH,"close_date_30d, claim_type",16,0.8127,0.0,0.0,0.2359,0,1
CLM00107,CLM00297,0.3575,NO_MATCH,"close_date_30d, city, claim_type",9,0.4478,0.0,0.0,0.2359,0,0
CLM00249,CLM00305,0.3575,NO_MATCH,"provider_id, close_date_30d, city, claim_type",13,0.2568,0.3,0.0,0.2359,0,0
CLM00142,CLM00143,0.3575,SIMILAR,vehicle_id,45,0.6375,0.0,1.0,0.2359,1,0
CLM00029,CLM00170,0.3575,NO_MATCH,"close_date_30d, claim_type",10,0.5274,0.0,0.1,0.2359,0,0
CLM00096,CLM00098,0.3575,NO_MATCH,"close_date_7d, city",5,0.6073,0.0,0.0,0.2513,1,0
CLM00149,CLM00245,0.3575,NO_MATCH,"close_date_7d, close_amount_10pct, city",2,0.9025,0.0,0.0,0.2205,0,1
CLM00191,CLM00313,0.3575,NO_MATCH,"close_date_30d, city, claim_type",24,0.4917,0.0,0.0,0.2513,0,0
CLM00062,CLM00119,0.3574,NO_MATCH,"close_date_7d, claim_type",2,0.4763,0.0,0.0,0.2359,0,0
CLM00076,CLM00200,0.3574,NO_MATCH,"provider_id, close_date_30d, city, claim_type",24,0.5262,0.3,0.0,0.2359,0,0
CLM00058,CLM00071,0.3574,SIMILAR,"claimant_id, provider_id, city",70,0.4938,0.3,0.0,1.0,1,0
CLM00005,CLM00209,0.3573,NO_MATCH,"close_date_7d, claim_type",3,0.6459,0.0,0.1,0.2359,0,0
CLM00134,CLM00171,0.3573,NO_MATCH,"close_date_7d, city",6,0.6393,0.0,0.0,0.2513,0,0
CLM00166,CLM00315,0.3573,NO_MATCH,"close_date_30d, exact_amount, city",8,0.9896,0.0,0.0,0.2513,0,0
CLM00012,CLM00160,0.3572,NO_MATCH,"provider_id, close_date_30d, city, claim_type",27,0.5903,0.3,0.0,0.2359,0,1
CLM00128,CLM00173,0.3572,NO_MATCH,"close_date_7d, claim_type",7,0.8943,0.0,0.0,0.2359,0,0
CLM00018,CLM00019,0.3572,NO_MATCH,"close_date_30d, city, claim_type",25,0.5355,0.0,0.0,0.2359,1,1
CLM00098,CLM00233,0.3571,NO_MATCH,"exact_date, claim_type",0,0.7232,0.0,0.0,0.2359,0,0
CLM00124,CLM00251,0.3571,NO_MATCH,"close_date_30d, claim_type",18,0.8686,0.0,0.0,0.2359,0,0
CLM00210,CLM00300,0.357,SIMILAR,"claimant_id, city",161,0.7894,0.0,0.0,1.0,0,0
CLM00119,CLM00121,0.357,NO_MATCH,"close_date_7d, exact_amount",6,0.9769,0.0,0.1,0.2513,0,0
CLM00031,CLM00258,0.357,NO_MATCH,"close_date_30d, city, claim_type",9,0.2975,0.0,0.1,0.2359,0,0
CLM00144,CLM00153,0.357,SIMILAR,"policy_id, city, claim_type",100,0.1865,0.0,0.0,0.2513,0,0
CLM00029,CLM00189,0.357,NO_MATCH,"close_date_30d, city, claim_type",8,0.4126,0.0,0.0,0.2359,0,0
CLM00079,CLM00123,0.3569,NO_MATCH,"close_date_7d, city",1,0.8467,0.0,0.0,0.2359,0,0
CLM00115,CLM00231,0.3568,NO_MATCH,"provider_id, close_date_7d",7,0.7404,0.3,0.1,0.2359,1,0
CLM00025,CLM00247,0.3568,NO_MATCH,"close_date_7d, city",2,0.7104,0.0,0.1,0.2359,0,0
CLM00053,CLM00288,0.3568,NO_MATCH,"exact_date, city",0,0.8205,0.0,0.0,0.2359,0,1
CLM00080,CLM00294,0.3568,NO_MATCH,"close_date_7d, city",1,0.8456,0.0,0.0,0.2359,1,0
CLM00051,CLM00290,0.3568,NO_MATCH,"close_date_30d, city",12,0.6706,0.0,0.1,0.2359,0,1
CLM00146,CLM00212,0.3567,NO_MATCH,"close_date_7d, city",1,0.8086,0.0,0.0,0.2513,1,1
CLM00150,CLM00213,0.3567,NO_MATCH,"close_date_30d, close_amount_10pct, claim_type",9,0.9394,0.0,0.0,0.2359,0,0
CLM00038,CLM00277,0.3565,NO_MATCH,"close_date_30d, exact_amount, claim_type",23,0.9927,0.0,0.0,0.2359,0,0
CLM00109,CLM00256,0.3565,NO_MATCH,"close_date_7d, claim_type",7,0.8662,0.0,0.0,0.2513,0,0
CLM00251,CLM00310,0.3564,NO_MATCH,"close_date_30d, claim_type",8,0.6116,0.0,0.0,0.2359,0,0
CLM00019,CLM00052,0.3564,NO_MATCH,"provider_id, close_date_30d, claim_type",16,0.8119,0.3,0.0,0.2359,1,0
CLM00032,CLM00207,0.3564,SIMILAR,"claimant_id, city",80,0.7789,0.0,0.0,1.0,0,1
CLM00178,CLM00192,0.3563,NO_MATCH,"close_date_7d, close_amount_10pct, city",4,0.9104,0.0,0.0,0.2359,0,0
CLM00150,CLM00268,0.3563,NO_MATCH,"close_date_7d, claim_type",2,0.4694,0.0,0.0,0.2359,0,0
CLM00118,CLM00131,0.3563,NO_MATCH,"close_date_30d, exact_amount, claim_type",21,0.9564,0.0,0.0,0.2205,0,0
CLM00055,CLM00098,0.3563,NO_MATCH,"close_date_30d, claim_type",15,0.6366,0.0,0.1,0.2359,0,0
CLM00065,CLM00099,0.3562,NO_MATCH,"close_date_30d, close_amount_10pct, claim_type",15,0.9348,0.0,0.1,0.2359,0,0
CLM00075,CLM00304,0.3561,SIMILAR,policy_id,35,0.6885,0.0,0.0,0.2359,0,1
CLM00063,CLM00112,0.356,NO_MATCH,"exact_date, city",0,0.8125,0.0,0.0,0.2359,0,0
CLM00004,CLM00212,0.356,NO_MATCH,"close_date_7d, claim_type",7,0.8833,0.0,0.0,0.2359,0,1
CLM00022,CLM00111,0.356,NO_MATCH,"provider_id, close_date_30d, city, claim_type",23,0.1871,0.3,0.0,0.2359,0,1
CLM00047,CLM00088,0.356,NO_MATCH,"close_date_30d, claim_type",13,0.7021,0.0,0.0,0.2513,0,0
CLM00126,CLM00147,0.3559,NO_MATCH,"close_date_7d, city",2,0.7067,0.0,0.1,0.2359,0,0
CLM00159,CLM00177,0.3558,NO_MATCH,"close_date_7d, close_amount_10pct, city",5,0.9303,0.0,0.0,0.2359,0,0
CLM00236,CLM00315,0.3558,NO_MATCH,"close_date_30d, city",13,0.83,0.0,0.0,0.2359,0,0
CLM00035,CLM00298,0.3558,NO_MATCH,"close_date_30d, city",13,0.8353,0.0,0.0,0.2359,0,0
CLM00055,CLM00311,0.3557,NO_MATCH,"close_date_7d, claim_type",6,0.5596,0.0,0.0,0.2359,0,0
CLM00109,CLM00172,0.3557,NO_MATCH,"close_date_30d, exact_amount, city",18,0.9546,0.0,0.0,0.2359,0,0
CLM00155,CLM00196,0.3557,NO_MATCH,"close_date_7d, claim_type",3,0.7792,0.0,0.0,0.2359,1,0
CLM00009,CLM00260,0.3556,NO_MATCH,"close_date_7d, city",3,0.5797,0.0,0.0,0.2359,0,0
CLM00128,CLM00237,0.3556,NO_MATCH,"close_date_7d, claim_type",4,0.8033,0.0,0.0,0.2359,0,0
CLM00048,CLM00157,0.3556,NO_MATCH,"close_date_7d, claim_type",1,0.734,0.0,0.0,0.2359,1,0
CLM00154,CLM00282,0.3556,NO_MATCH,"provider_id, close_date_30d, city",8,0.7125,0.3,0.0,0.2359,0,1
CLM00225,CLM00254,0.3555,NO_MATCH,"close_date_7d, claim_type",2,0.7119,0.0,0.0,0.2513,0,0
CLM00125,CLM00298,0.3555,NO_MATCH,"close_date_30d, claim_type",8,0.4519,0.0,0.1,0.2359,0,0
CLM00018,CLM00060,0.3555,NO_MATCH,"close_date_7d, city",3,0.5783,0.0,0.0,0.2359,1,1
CLM00004,CLM00150,0.3555,SIMILAR,"vehicle_id, exact_amount",84,0.9729,0.0,1.0,0.2513,0,0
CLM00180,CLM00283,0.3555,SIMILAR,"vehicle_id, exact_amount",46,0.9521,0.0,1.0,0.2359,1,0
CLM00172,CLM00204,0.3555,NO_MATCH,"close_date_7d, city",7,0.6466,0.0,0.0,0.2513,0,0
CLM00134,CLM00175,0.3554,NO_MATCH,"close_date_30d, exact_amount, city",24,0.9509,0.0,0.1,0.2359,0,0
CLM00139,CLM00273,0.3554,NO_MATCH,"close_date_30d, claim_type",22,0.7707,0.0,0.1,0.2513,0,0
CLM00035,CLM00187,0.3554,NO_MATCH,"close_date_7d, claim_type",7,0.8821,0.0,0.0,0.2359,0,1
CLM00165,CLM00270,0.3553,NO_MATCH,"close_date_7d, exact_amount",4,0.9594,0.0,0.1,0.2359,0,0
CLM00027,CLM00149,0.3553,NO_MATCH,"close_date_7d, close_amount_10pct, city",7,0.9495,0.0,0.0,0.2513,0,0
CLM00233,CLM00285,0.3552,NO_MATCH,"close_date_30d, close_amount_10pct, claim_type",23,0.9437,0.0,0.0,0.2513,0,0
CLM00233,CLM00259,0.3552,NO_MATCH,"close_date_30d, close_amount_10pct, city",18,0.9488,0.0,0.0,0.2359,0,0
CLM00226,CLM00233,0.3552,NO_MATCH,"close_date_30d, city",9,0.694,0.0,0.0,0.2513,0,0
CLM00093,CLM00141,0.3552,SIMILAR,"claimant_id, city",217,0.4762,0.0,0.0,1.0,0,0
CLM00211,CLM00245,0.3552,NO_MATCH,"close_date_7d, claim_type",6,0.699,0.0,0.1,0.2359,0,1
CLM00099,CLM00285,0.3552,NO_MATCH,close_date_7d,1,0.88,0.0,0.1,0.2359,0,0
CLM00156,CLM00171,0.355,NO_MATCH,"close_date_7d, city",5,0.7418,0.0,0.1,0.2513,1,0
CLM00072,CLM00077,0.355,NO_MATCH,"exact_date, exact_amount",0,0.9572,0.0,0.0,0.2513,0,1
CLM00272,CLM00295,0.355,NO_MATCH,"close_date_30d, exact_amount, claim_type",18,0.9971,0.0,0.1,0.2359,0,1
CLM00150,CLM00199,0.355,NO_MATCH,"close_date_30d, close_amount_10pct, city",18,0.9477,0.0,0.0,0.2359,0,0
CLM00068,CLM00084,0.355,NO_MATCH,"close_date_30d, exact_amount, claim_type",17,0.9633,0.0,0.1,0.2359,0,0
CLM00176,CLM00310,0.355,NO_MATCH,"close_date_7d, claim_type",5,0.641,0.0,0.1,0.2513,0,0
CLM00115,CLM00154,0.355,NO_MATCH,"provider_id, close_date_7d",2,0.8878,0.3,0.1,0.2359,1,0
CLM00017,CLM00078,0.355,NO_MATCH,"close_date_30d, city, claim_type",13,0.033,0.0,0.1,0.2513,0,0
CLM00060,CLM00151,0.355,NO_MATCH,"close_date_30d, claim_type",8,0.7217,0.0,0.1,0.2513,1,0
CLM00185,CLM00216,0.3549,NO_MATCH,"close_date_7d, exact_amount",5,0.9709,0.0,0.1,0.2359,1,0
CLM00053,CLM00232,0.3549,SIMILAR,"claimant_id, city",34,0.1139,0.0,0.0,1.0,0,0
CLM00074,CLM00152,0.3549,SIMILAR,"policy_id, provider_id",42,0.4326,0.3,0.1,0.2205,0,0
CLM00086,CLM00307,0.3549,NO_MATCH,"close_date_30d, close_amount_10pct, claim_type",8,0.9018,0.0,0.0,0.2359,0,0
CLM00063,CLM00262,0.3549,NO_MATCH,"close_date_30d, close_amount_10pct, city",18,0.9421,0.0,0.0,0.2359,0,0
CLM00122,CLM00233,0.3548,NO_MATCH,"close_date_30d, claim_type",15,0.7702,0.0,0.0,0.2359,0,0
CLM00054,CLM00289,0.3547,NO_MATCH,"close_date_7d, exact_amount",6,0.9993,0.0,0.1,0.2359,1,0
CLM00014,CLM00099,0.3547,NO_MATCH,"exact_date, city",0,0.4643,0.0,0.0,0.2513,0,0
CLM00144,CLM00232,0.3547,NO_MATCH,"close_date_30d, city, claim_type",24,0.6536,0.0,0.1,0.2359,0,0
CLM00022,CLM00124,0.3546,NO_MATCH,"close_date_7d, city, claim_type",1,0.1828,0.0,0.0,0.2513,0,0
CLM00142,CLM00243,0.3546,SIMILAR,"claimant_id, city",94,0.7654,0.0,0.0,1.0,1,0
CLM00015,CLM00016,0.3545,NO_MATCH,"close_date_30d, city",14,0.6832,0.0,0.1,0.2359,0,0
CLM00030,CLM00036,0.3545,SIMILAR,"claimant_id, city",42,0.3053,0.0,0.0,1.0,0,0
CLM00143,CLM00158,0.3545,NO_MATCH,"close_date_30d, city",8,0.8427,0.0,0.1,0.2359,0,0
CLM00154,CLM00278,0.3545,NO_MATCH,"close_date_30d, city",8,0.8206,0.0,0.1,0.2513,0,0
CLM00228,CLM00316,0.3544,NO_MATCH,"close_date_30d, city, claim_type",19,0.6759,0.0,0.0,0.2359,0,1
CLM00130,CLM00140,0.3544,NO_MATCH,"exact_date, city",0,0.4818,0.0,0.0,0.2359,0,0
CLM00122,CLM00153,0.3543,NO_MATCH,"close_date_30d, city, claim_type",23,0.4648,0.0,0.0,0.2359,0,0
CLM00055,CLM00307,0.3543,NO_MATCH,"provider_id, close_date_30d, city, claim_type",27,0.5707,0.3,0.0,0.2359,0,0
CLM00207,CLM00288,0.3543,NO_MATCH,"close_date_30d, city, claim_type",20,0.69,0.0,0.0,0.2359,1,1
CLM00089,CLM00232,0.3542,NO_MATCH,"close_date_7d, close_amount_10pct, city",3,0.9003,0.0,0.0,0.2205,0,0
CLM00132,CLM00171,0.3541,NO_MATCH,"close_date_30d, exact_amount, claim_type",12,0.9576,0.0,0.0,0.2513,0,0
CLM00044,CLM00160,0.3541,NO_MATCH,"city, claim_type",33,0.8686,0.0,0.1,0.2359,0,1
CLM00029,CLM00273,0.3541,NO_MATCH,"close_date_30d, city",15,0.859,0.0,0.0,0.2359,0,0
CLM00237,CLM00251,0.354,NO_MATCH,"close_date_7d, city",3,0.7124,0.0,0.1,0.2359,0,0
CLM00032,CLM00109,0.354,NO_MATCH,"close_date_30d, city, claim_type",23,0.7368,0.0,0.0,0.2513,0,0
CLM00194,CLM00278,0.354,NO_MATCH,"close_date_30d, claim_type",19,0.8413,0.0,0.0,0.2513,0,0
CLM00172,CLM00194,0.354,NO_MATCH,"exact_date, claim_type",0,0.6877,0.0,0.0,0.2359,0,0
CLM00105,CLM00133,0.354,SIMILAR,"policy_id, claim_type",236,0.6566,0.0,0.0,0.2513,1,0
CLM00200,CLM00253,0.3539,NO_MATCH,"close_date_7d, close_amount_10pct, city",5,0.9116,0.0,0.0,0.2359,0,0
CLM00173,CLM00310,0.3539,NO_MATCH,"close_date_30d, city",14,0.8367,0.0,0.0,0.2359,0,0
CLM00038,CLM00182,0.3539,NO_MATCH,"close_date_30d, claim_type",11,0.6573,0.0,0.0,0.2359,0,0
CLM00082,CLM00268,0.3539,NO_MATCH,"close_date_7d, claim_type",1,0.5574,0.0,0.1,0.2359,0,0
CLM00124,CLM00272,0.3539,NO_MATCH,"close_date_30d, claim_type",21,0.8806,0.0,0.0,0.2513,0,0
CLM00082,CLM00116,0.3538,NO_MATCH,"close_date_30d, city, claim_type",27,0.7155,0.0,0.1,0.2359,0,0
CLM00056,CLM00125,0.3538,NO_MATCH,close_date_7d,2,0.8805,0.0,0.1,0.2359,0,0
CLM00009,CLM00075,0.3537,NO_MATCH,"close_date_30d, city, claim_type",21,0.4058,0.0,0.0,0.2359,0,0
CLM00280,CLM00286,0.3537,NO_MATCH,"close_date_7d, city",3,0.5804,0.0,0.0,0.2205,0,0
CLM00115,CLM00290,0.3536,NO_MATCH,"close_date_30d, city, claim_type",25,0.8181,0.0,0.0,0.2359,1,1
CLM00023,CLM00026,0.3536,NO_MATCH,"close_date_30d, claim_type",22,0.8055,0.0,0.1,0.2205,1,0
CLM00182,CLM00277,0.3536,NO_MATCH,"close_date_30d, claim_type",12,0.6524,0.0,0.0,0.2513,0,0
CLM00127,CLM00165,0.3536,NO_MATCH,"close_date_30d, claim_type",19,0.8271,0.0,0.0,0.2513,1,0
CLM00011,CLM00213,0.3535,NO_MATCH,"close_date_30d, claim_type",8,0.5777,0.0,0.0,0.2359,0,0
CLM00022,CLM00160,0.3535,SIMILAR,"policy_id, city, claim_type",113,0.1873,0.0,0.0,0.2359,0,1
CLM00186,CLM00291,0.3534,NO_MATCH,"close_date_7d, claim_type",2,0.2809,0.0,0.1,0.2359,0,0
CLM00162,CLM00261,0.3534,SIMILAR,"policy_id, claim_type",51,0.4558,0.0,0.0,0.2359,0,0
CLM00160,CLM00178,0.3534,NO_MATCH,"close_date_7d, exact_amount",6,0.9813,0.0,0.1,0.2359,1,0
CLM00283,CLM00286,0.3533,NO_MATCH,"provider_id, close_date_7d, city",6,0.2895,0.3,0.0,0.2513,0,0
CLM00093,CLM00301,0.3533,NO_MATCH,"close_date_30d, city",8,0.6446,0.0,0.0,0.2513,0,0
CLM00234,CLM00275,0.3533,NO_MATCH,"close_date_7d, close_amount_10pct",3,0.9049,0.0,0.1,0.2359,0,0
CLM00109,CLM00282,0.3533,NO_MATCH,"close_date_30d, exact_amount, claim_type",17,0.9647,0.0,0.1,0.2359,0,1
CLM00110,CLM00279,0.3533,NO_MATCH,"provider_id, close_date_7d",3,0.6148,0.3,0.1,0.2359,0,0
CLM00050,CLM00193,0.3533,NO_MATCH,"close_date_7d, claim_type",3,0.7607,0.0,0.0,0.2359,1,1
CLM00185,CLM00273,0.3533,NO_MATCH,"close_date_7d, claim_type",1,0.7152,0.0,0.0,0.2359,1,0
CLM00199,CLM00290,0.3532,NO_MATCH,"close_amount_10pct, city, claim_type",43,0.9232,0.0,0.0,0.2513,0,1
CLM00025,CLM00102,0.3532,NO_MATCH,"close_date_7d, city",1,0.6502,0.0,0.1,0.2359,0,0
CLM00226,CLM00246,0.3531,NO_MATCH,"close_date_7d, exact_amount",1,0.9942,0.0,0.0,0.2359,0,0
CLM00146,CLM00208,0.3531,NO_MATCH,"close_date_30d, claim_type",20,0.7066,0.0,0.1,0.2513,1,0
CLM00134,CLM00182,0.3531,SIMILAR,"vehicle_id, exact_amount",178,0.9783,0.0,1.0,0.2359,0,0
CLM00050,CLM00147,0.3531,NO_MATCH,close_date_7d,2,0.8832,0.0,0.1,0.2359,1,0
CLM00063,CLM00313,0.3531,NO_MATCH,"close_date_30d, claim_type",8,0.7241,0.0,0.1,0.2359,0,0
CLM00014,CLM00285,0.3531,NO_MATCH,"close_date_7d, claim_type",1,0.4086,0.0,0.0,0.2359,0,0
CLM00094,CLM00217,0.3531,SIMILAR,"policy_id, city, claim_type",208,0.0332,0.0,0.1,0.2359,0,0
CLM00135,CLM00294,0.353,NO_MATCH,"provider_id, close_date_30d, city",8,0.6866,0.3,0.0,0.2359,0,0
CLM00120,CLM00164,0.353,NO_MATCH,"close_date_30d, close_amount_10pct, claim_type",10,0.9271,0.0,0.0,0.2359,0,0
CLM00127,CLM00245,0.353,SIMILAR,"invoice_id, claim_type",50,0.6583,1.0,0.0,0.2205,1,1
CLM00062,CLM00231,0.353,SIMILAR,"claimant_id, city",95,0.5944,0.0,0.1,1.0,0,0
CLM00044,CLM00202,0.3529,NO_MATCH,"close_date_30d, city, claim_type",21,0.5873,0.0,0.1,0.2205,0,0
CLM00009,CLM00148,0.3529,NO_MATCH,"close_date_30d, claim_type",23,0.8027,0.0,0.1,0.2359,0,0
CLM00146,CLM00163,0.3529,NO_MATCH,"close_date_30d, exact_amount, claim_type",13,0.9916,0.0,0.0,0.2359,1,0
CLM00081,CLM00267,0.3529,NO_MATCH,"close_date_7d, claim_type",6,0.6505,0.0,0.1,0.2513,0,0
CLM00164,CLM00169,0.3529,NO_MATCH,close_date_7d,4,0.8863,0.0,0.1,0.2513,0,0
CLM00270,CLM00273,0.3529,NO_MATCH,"close_date_7d, city",6,0.6169,0.0,0.0,0.2359,0,0
CLM00078,CLM00121,0.3528,NO_MATCH,"close_date_7d, close_amount_10pct, city",6,0.931,0.0,0.0,0.2359,0,0
CLM00125,CLM00270,0.3528,SIMILAR,"policy_id, city",109,0.625,0.0,0.1,0.2359,0,0
CLM00022,CLM00050,0.3528,SIMILAR,"vehicle_id, city",36,0.1758,0.0,1.0,0.2359,0,1
CLM00266,CLM00275,0.3528,NO_MATCH,"close_date_30d, city, claim_type",30,0.4749,0.0,0.1,0.2359,0,0
CLM00057,CLM00072,0.3528,NO_MATCH,"close_date_7d, exact_amount",2,0.9854,0.0,0.0,0.2513,0,0
CLM00131,CLM00299,0.3528,NO_MATCH,"close_date_7d, claim_type",6,0.8658,0.0,0.0,0.2205,0,0
CLM00205,CLM00259,0.3527,NO_MATCH,"close_date_30d, exact_amount, city",21,0.99,0.0,0.0,0.2359,0,0
CLM00114,CLM00287,0.3527,NO_MATCH,"close_date_30d, exact_amount, claim_type",12,0.984,0.0,0.0,0.2359,1,0
CLM00014,CLM00246,0.3527,NO_MATCH,"close_date_30d, claim_type",16,0.6203,0.0,0.1,0.2359,0,0
CLM00196,CLM00253,0.3527,NO_MATCH,"exact_date, city",0,0.7837,0.0,0.0,0.2359,0,0
CLM00086,CLM00114,0.3527,NO_MATCH,"close_date_7d, claim_type",6,0.7988,0.0,0.0,0.2513,0,1
CLM00180,CLM00318,0.3527,NO_MATCH,"exact_date, city",0,0.796,0.0,0.0,0.2205,1,1
CLM00141,CLM00192,0.3525,SIMILAR,"claimant_id, city",91,0.5937,0.0,0.1,1.0,0,0
CLM00218,CLM00290,0.3525,SIMILAR,vehicle_id,46,0.8915,0.0,1.0,0.2513,0,1
CLM00019,CLM00241,0.3525,SIMILAR,"policy_id, close_date_30d",27,0.4433,0.0,0.0,0.2359,1,0
CLM00014,CLM00122,0.3525,NO_MATCH,"close_date_30d, claim_type",9,0.5621,0.0,0.0,0.2513,0,0
CLM00077,CLM00183,0.3525,NO_MATCH,"close_date_7d, claim_type",4,0.778,0.0,0.0,0.2359,1,0
CLM00020,CLM00212,0.3524,NO_MATCH,"exact_date, city, claim_type",0,0.1669,0.0,0.0,0.2359,0,1
CLM00080,CLM00156,0.3524,NO_MATCH,"close_date_30d, city, claim_type",27,0.8514,0.0,0.0,0.2359,1,1
CLM00230,CLM00233,0.3524,NO_MATCH,"close_date_30d, claim_type",10,0.8805,0.0,0.0,0.2513,1,0
CLM00130,CLM00162,0.3524,NO_MATCH,"provider_id, close_date_30d, city",12,0.4709,0.3,0.0,0.2359,0,0
CLM00058,CLM00152,0.3523,NO_MATCH,"exact_date, exact_amount",0,0.9654,0.0,0.0,0.2359,1,0
CLM00272,CLM00277,0.3523,SIMILAR,vehicle_id,52,0.7296,0.0,1.0,0.2513,0,0
CLM00120,CLM00246,0.3523,NO_MATCH,"close_date_7d, close_amount_10pct, city",6,0.9198,0.0,0.0,0.2359,0,0
CLM00123,CLM00270,0.3523,NO_MATCH,"close_date_30d, city",8,0.7898,0.0,0.1,0.2513,0,0
CLM00205,CLM00215,0.3523,NO_MATCH,"close_date_7d, exact_amount",2,0.9796,0.0,0.0,0.2513,0,1
CLM00026,CLM00077,0.3522,NO_MATCH,"close_date_7d, city",3,0.7263,0.0,0.1,0.2205,0,1
CLM00003,CLM00064,0.3522,NO_MATCH,"close_date_7d, city",3,0.8406,0.0,0.0,0.2359,0,0
CLM00058,CLM00155,0.3522,NO_MATCH,"close_date_7d, claim_type",4,0.4649,0.0,0.0,0.2359,1,1
CLM00032,CLM00299,0.3522,NO_MATCH,"close_date_30d, claim_type",26,0.8339,0.0,0.1,0.2513,0,0
CLM00006,CLM00137,0.3522,SIMILAR,"vehicle_id, city",181,0.7396,0.0,1.0,0.2513,0,0
CLM00034,CLM00186,0.3522,NO_MATCH,"close_date_30d, close_amount_10pct, claim_type",8,0.9051,0.0,0.0,0.2205,1,0
CLM00201,CLM00207,0.3522,SIMILAR,"claimant_id, city",32,0.0317,0.0,0.0,1.0,0,1
CLM00061,CLM00109,0.3521,NO_MATCH,"close_date_7d, exact_amount",2,0.9834,0.0,0.0,0.2513,0,0
CLM00007,CLM00178,0.3521,NO_MATCH,"close_date_7d, claim_type",7,0.8338,0.0,0.0,0.2359,0,0
CLM00049,CLM00107,0.352,SIMILAR,"claimant_id, city",83,0.4444,0.0,0.0,1.0,0,0
CLM00006,CLM00166,0.352,NO_MATCH,"close_date_30d, close_amount_10pct, city",26,0.9272,0.0,0.1,0.2513,0,0
CLM00188,CLM00286,0.352,SIMILAR,"claimant_id, city",219,0.7388,0.0,0.0,1.0,0,0
CLM00096,CLM00194,0.352,NO_MATCH,"close_date_30d, city, claim_type",28,0.8317,0.0,0.0,0.2513,1,0
CLM00027,CLM00083,0.352,SIMILAR,"vehicle_id, claim_type",189,0.6373,0.0,1.0,0.2513,0,0
CLM00082,CLM00273,0.352,NO_MATCH,"close_date_30d, city, claim_type",30,0.7631,0.0,0.1,0.2359,0,0
CLM00220,CLM00286,0.352,SIMILAR,"vehicle_id, city",135,0.4369,0.0,1.0,0.2513,0,0
CLM00009,CLM00136,0.352,NO_MATCH,"close_date_7d, close_amount_10pct, city",6,0.9185,0.0,0.0,0.2359,0,0
CLM00086,CLM00299,0.3519,NO_MATCH,"close_date_30d, close_amount_10pct, city",10,0.9028,0.0,0.1,0.2205,0,0
CLM00058,CLM00307,0.3519,NO_MATCH,"close_date_30d, claim_type",9,0.7154,0.0,0.1,0.2513,1,0
CLM00164,CLM00286,0.3519,SIMILAR,"policy_id, provider_id, exact_amount",174,0.9666,0.3,0.0,0.2359,0,0
CLM00036,CLM00314,0.3519,NO_MATCH,"close_date_30d, close_amount_10pct, city",18,0.9119,0.0,0.0,0.2359,0,0
CLM00290,CLM00316,0.3518,NO_MATCH,"close_date_30d, city, claim_type",25,0.6495,0.0,0.1,0.2359,1,1
CLM00036,CLM00185,0.3518,SIMILAR,"vehicle_id, close_date_30d",16,0.1702,0.0,1.0,0.2359,0,1
CLM00233,CLM00290,0.3518,NO_MATCH,"close_date_30d, city",23,0.8902,0.0,0.1,0.2359,0,1
CLM00043,CLM00317,0.3518,NO_MATCH,"close_date_7d, claim_type",7,0.5359,0.0,0.0,0.2359,0,0
CLM00070,CLM00160,0.3518,NO_MATCH,"close_date_30d, claim_type",21,0.8857,0.0,0.0,0.2359,1,1
CLM00211,CLM00311,0.3517,SIMILAR,"invoice_id, city, claim_type",125,0.6236,1.0,0.0,0.2513,0,0
CLM00082,CLM00203,0.3517,NO_MATCH,close_date_7d,3,0.8539,0.0,0.1,0.2513,0,0
CLM00040,CLM00078,0.3517,NO_MATCH,"provider_id, close_date_7d, exact_amount",1,0.9594,0.3,0.0,0.2513,0,0
CLM00005,CLM00067,0.3517,NO_MATCH,"close_date_30d, close_amount_10pct, claim_type",30,0.9293,0.0,0.1,0.2513,0,0
CLM00120,CLM00213,0.3517,SIMILAR,"vehicle_id, exact_amount",89,0.9642,0.0,1.0,0.2359,0,0
CLM00032,CLM00172,0.3516,NO_MATCH,"close_date_7d, city",5,0.7034,0.0,0.1,0.2513,0,0
CLM00009,CLM00139,0.3516,NO_MATCH,"close_date_30d, city",9,0.4982,0.0,0.1,0.2513,0,0
CLM00043,CLM00299,0.3515,NO_MATCH,"close_date_7d, close_amount_10pct",4,0.9481,0.0,0.1,0.2205,0,0
CLM00162,CLM00297,0.3515,NO_MATCH,"close_date_30d, city, claim_type",24,0.762,0.0,0.0,0.2359,0,0
CLM00037,CLM00056,0.3515,SIMILAR,"invoice_id, close_date_7d",3,0.1887,1.0,0.1,0.2359,0,0
CLM00024,CLM00128,0.3515,NO_MATCH,"close_date_7d, close_amount_10pct",5,0.9331,0.0,0.1,0.2359,0,0
CLM00031,CLM00123,0.3514,NO_MATCH,"close_date_30d, claim_type",21,0.882,0.0,0.0,0.2359,0,0
CLM00008,CLM00265,0.3514,NO_MATCH,"exact_amount, city, claim_type",39,0.9871,0.0,0.1,0.2359,0,0
CLM00078,CLM00247,0.3514,NO_MATCH,"provider_id, close_date_30d, exact_amount",20,0.976,0.3,0.1,0.2513,0,0
CLM00005,CLM00225,0.3513,SIMILAR,"claimant_id, city",57,0.6482,0.0,0.0,1.0,0,0
CLM00065,CLM00205,0.3513,NO_MATCH,"provider_id, exact_date, exact_amount",0,0.956,0.3,0.0,0.2359,0,0
CLM00039,CLM00158,0.3512,NO_MATCH,"provider_id, city, claim_type",96,0.8838,0.3,0.1,0.2513,0,0
CLM00019,CLM00213,0.3512,NO_MATCH,"close_date_30d, city",8,0.8051,0.0,0.1,0.2359,1,0
CLM00014,CLM00069,0.3511,SIMILAR,vehicle_id,31,0.5346,0.0,1.0,0.2359,0,0
CLM00095,CLM00121,0.3511,NO_MATCH,"close_date_30d, claim_type",9,0.889,0.0,0.0,0.2359,0,0
CLM00075,CLM00180,0.3511,NO_MATCH,"close_date_7d, city",1,0.8194,0.0,0.0,0.2205,0,1
CLM00014,CLM00233,0.3511,NO_MATCH,"close_date_30d, city, claim_type",24,0.4329,0.0,0.0,0.2513,0,0
CLM00099,CLM00249,0.3511,NO_MATCH,"close_date_7d, claim_type",5,0.779,0.0,0.0,0.2359,0,0
CLM00093,CLM00176,0.351,NO_MATCH,"close_date_30d, claim_type",19,0.8372,0.0,0.0,0.2359,0,0
CLM00049,CLM00196,0.351,NO_MATCH,"close_date_30d, city",9,0.6776,0.0,0.0,0.2359,0,0
CLM00025,CLM00191,0.351,NO_MATCH,"close_date_7d, city",2,0.8126,0.0,0.0,0.2359,0,0
CLM00112,CLM00121,0.351,NO_MATCH,"close_date_7d, exact_amount",2,0.9982,0.0,0.0,0.2359,0,0
CLM00061,CLM00155,0.351,NO_MATCH,"close_date_30d, city",12,0.7225,0.0,0.0,0.2513,0,1
CLM00057,CLM00264,0.351,SIMILAR,"claimant_id, city",88,0.7344,0.0,0.0,1.0,0,0
CLM00052,CLM00312,0.351,SIMILAR,"invoice_id, close_date_30d",8,0.4531,1.0,0.0,0.2359,0,0
CLM00179,CLM00264,0.351,SIMILAR,"policy_id, claim_type",63,0.667,0.0,0.0,0.2359,0,0
CLM00023,CLM00205,0.351,NO_MATCH,"close_date_30d, claim_type",21,0.8781,0.0,0.0,0.2359,1,0
CLM00162,CLM00244,0.3509,NO_MATCH,"close_date_30d, city",11,0.7309,0.0,0.0,0.2359,0,0
CLM00093,CLM00264,0.3509,SIMILAR,"claimant_id, city",105,0.7333,0.0,0.0,1.0,0,0
CLM00104,CLM00191,0.3509,NO_MATCH,"close_date_30d, city",11,0.7314,0.0,0.0,0.2359,0,0
CLM00088,CLM00193,0.3509,NO_MATCH,"close_date_30d, claim_type",8,0.8613,0.0,0.0,0.2359,0,1
CLM00063,CLM00091,0.3509,NO_MATCH,"close_date_30d, claim_type",15,0.7321,0.0,0.0,0.2359,0,1
CLM00141,CLM00156,0.3508,NO_MATCH,"close_date_7d, claim_type",3,0.4299,0.0,0.0,0.2359,0,1
CLM00044,CLM00282,0.3508,NO_MATCH,"close_date_7d, close_amount_10pct",5,0.9051,0.0,0.1,0.2513,0,1
CLM00043,CLM00051,0.3507,NO_MATCH,"close_date_7d, claim_type",5,0.7798,0.0,0.0,0.2359,0,0
CLM00024,CLM00102,0.3507,NO_MATCH,"close_date_7d, exact_amount",1,0.9745,0.0,0.0,0.2359,0,0
CLM00097,CLM00189,0.3507,NO_MATCH,"close_date_30d, city, claim_type",16,0.4002,0.0,0.1,0.2359,0,0
CLM00014,CLM00168,0.3507,NO_MATCH,"provider_id, close_date_7d, claim_type",7,0.4059,0.3,0.1,0.2205,0,0
CLM00158,CLM00268,0.3507,NO_MATCH,"close_date_30d, city",15,0.7988,0.0,0.0,0.2513,0,0
CLM00087,CLM00157,0.3506,NO_MATCH,"close_date_7d, claim_type",1,0.6431,0.0,0.0,0.2513,0,0
CLM00080,CLM00120,0.3506,NO_MATCH,"close_date_30d, claim_type",25,0.7927,0.0,0.1,0.2513,1,0
CLM00176,CLM00247,0.3505,NO_MATCH,"provider_id, close_date_30d, city",19,0.6275,0.3,0.0,0.2359,0,0
CLM00293,CLM00317,0.3505,NO_MATCH,"close_date_7d, city",3,0.3777,0.0,0.1,0.2359,0,0
CLM00041,CLM00192,0.3504,SIMILAR,"vehicle_id, claim_type",38,0.0967,0.0,1.0,0.2359,0,0
CLM00116,CLM00185,0.3504,NO_MATCH,"close_date_7d, claim_type",2,0.6705,0.0,0.0,0.2513,0,1
CLM00016,CLM00019,0.3504,NO_MATCH,"close_date_7d, claim_type",2,0.6927,0.0,0.0,0.2359,0,1
CLM00083,CLM00289,0.3503,NO_MATCH,"close_date_30d, city, claim_type",16,0.5462,0.0,0.0,0.2359,0,0
CLM00064,CLM00159,0.3503,NO_MATCH,"close_date_7d, city, claim_type",3,0.2308,0.0,0.0,0.2359,0,0
CLM00022,CLM00112,0.3503,NO_MATCH,"close_date_7d, city, claim_type",5,0.1204,0.0,0.1,0.2359,0,0
CLM00228,CLM00249,0.3502,NO_MATCH,"close_date_30d, claim_type",8,0.8492,0.0,0.0,0.2359,0,0
CLM00135,CLM00305,0.3502,NO_MATCH,"close_date_30d, city, claim_type",10,0.24,0.0,0.1,0.2359,0,0
CLM00130,CLM00226,0.3502,NO_MATCH,"close_date_7d, claim_type",2,0.409,0.0,0.0,0.2359,0,0
CLM00085,CLM00133,0.3501,NO_MATCH,"close_date_7d, claim_type",1,0.6788,0.0,0.0,0.2359,1,0
CLM00041,CLM00258,0.3501,POSSIBLE_DUPLICATE,"vehicle_id, close_date_30d",13,0.0789,0.0,1.0,0.2359,0,0
CLM00058,CLM00245,0.3501,SIMILAR,"policy_id, claim_type",101,0.5242,0.0,0.1,0.2205,1,1
CLM00063,CLM00102,0.3501,NO_MATCH,"close_date_30d, claim_type",17,0.7781,0.0,0.0,0.2359,0,0
CLM00115,CLM00131,0.35,NO_MATCH,"close_date_30d, claim_type",10,0.8571,0.0,0.0,0.2513,1,0
CLM00058,CLM00236,0.35,NO_MATCH,"close_date_30d, city, claim_type",21,0.6775,0.0,0.0,0.2359,1,0
CLM00047,CLM00252,0.35,NO_MATCH,"close_date_30d, close_amount_10pct, city",25,0.9272,0.0,0.1,0.2359,0,0
CLM00255,CLM00260,0.35,NO_MATCH,"provider_id, close_date_30d, city",21,0.4913,0.3,0.1,0.2513,0,0
CLM00049,CLM00076,0.35,NO_MATCH,"close_date_30d, city, claim_type",28,0.6676,0.0,0.1,0.2513,0,0
CLM00020,CLM00113,0.3499,SIMILAR,"vehicle_id, city",108,0.4208,0.0,1.0,0.2513,0,0
CLM00003,CLM00181,0.3497,SIMILAR,"claimant_id, city",219,0.2667,0.0,0.1,1.0,0,0
CLM00112,CLM00240,0.3497,SIMILAR,"vehicle_id, city, claim_type",152,0.1439,0.0,1.0,0.2359,0,0
CLM00020,CLM00257,0.3497,SIMILAR,"claimant_id, city, claim_type",84,0.112,0.0,0.0,1.0,0,1
CLM00038,CLM00054,0.3496,SIMILAR,"claimant_id, city",158,0.5657,0.0,0.1,1.0,0,1
CLM00054,CLM00268,0.3496,SIMILAR,"policy_id, claim_type",106,0.6182,0.0,0.0,0.2513,1,0
CLM00038,CLM00194,0.3495,SIMILAR,"vehicle_id, close_amount_10pct",111,0.9473,0.0,1.0,0.2359,0,0
CLM00147,CLM00281,0.3494,SIMILAR,"vehicle_id, claim_type",56,0.2108,0.0,1.0,0.2513,0,0
CLM00127,CLM00251,0.3493,SIMILAR,"claimant_id, city",58,0.662,0.0,0.0,1.0,1,0
CLM00043,CLM00183,0.3492,SIMILAR,"claimant_id, city",85,0.7064,0.0,0.0,1.0,0,0
CLM00048,CLM00263,0.3491,SIMILAR,"policy_id, close_date_30d",24,0.1932,0.0,0.1,0.2359,1,0
CLM00183,CLM00286,0.3491,SIMILAR,"policy_id, claim_type",215,0.6386,0.0,0.0,0.2359,0,0
CLM00016,CLM00303,0.3491,SIMILAR,"claimant_id, city",100,0.5652,0.0,0.1,1.0,0,0
CLM00271,CLM00276,0.3489,SIMILAR,vehicle_id,39,0.6705,0.0,1.0,0.2513,0,0
CLM00028,CLM00129,0.3489,SIMILAR,"invoice_id, city, claim_type",230,0.4816,1.0,0.1,0.2359,1,0
CLM00012,CLM00240,0.3489,SIMILAR,"policy_id, city, claim_type",71,0.1321,0.0,0.0,0.2359,0,0
CLM00150,CLM00306,0.3486,SIMILAR,"claimant_id, city",91,0.7053,0.0,0.0,1.0,0,0
CLM00120,CLM00167,0.3485,SIMILAR,"policy_id, city",86,0.7324,0.0,0.0,0.2359,0,0
CLM00140,CLM00304,0.3485,SIMILAR,"policy_id, claim_type",91,0.6321,0.0,0.0,0.2359,0,1
CLM00018,CLM00255,0.348,SIMILAR,policy_id,38,0.5327,0.0,0.1,0.2359,1,0
CLM00076,CLM00084,0.348,SIMILAR,"invoice_id, city, claim_type",52,0.2787,1.0,0.1,0.2359,0,0
CLM00075,CLM00303,0.3479,SIMILAR,"policy_id, claim_type",46,0.2821,0.0,0.0,0.2359,0,0
CLM00080,CLM00112,0.3479,SIMILAR,"policy_id, provider_id, close_amount_10pct",177,0.9318,0.3,0.0,0.2359,1,0
CLM00158,CLM00294,0.3478,SIMILAR,"vehicle_id, city",107,0.4043,0.0,1.0,0.2513,0,0
CLM00110,CLM00270,0.3476,SIMILAR,"vehicle_id, claim_type",176,0.2929,0.0,1.0,0.2513,0,0
CLM00270,CLM00281,0.3475,SIMILAR,"claimant_id, city",68,0.5439,0.0,0.1,1.0,0,0
CLM00013,CLM00287,0.3474,SIMILAR,"invoice_id, close_date_30d, city",21,0.0706,1.0,0.1,0.2513,0,0
CLM00019,CLM00026,0.3471,SIMILAR,"vehicle_id, close_amount_10pct",105,0.9497,0.0,1.0,0.2205,1,0
CLM00125,CLM00196,0.3468,SIMILAR,"claimant_id, city",50,0.2868,0.0,0.1,1.0,0,0
CLM00136,CLM00151,0.3468,SIMILAR,"policy_id, city",57,0.6098,0.0,0.0,0.2513,0,0
CLM00078,CLM00144,0.3467,SIMILAR,"policy_id, provider_id, close_date_30d",26,0.0697,0.3,0.0,0.2359,0,0
CLM00018,CLM00262,0.3466,SIMILAR,"policy_id, claim_type",114,0.6189,0.0,0.0,0.2359,1,0
CLM00175,CLM00187,0.3463,SIMILAR,vehicle_id,41,0.4259,0.0,1.0,0.2359,0,1
CLM00006,CLM00018,0.3461,SIMILAR,"policy_id, city",77,0.7043,0.0,0.0,0.2359,0,1
CLM00088,CLM00178,0.3461,SIMILAR,"vehicle_id, claim_type",88,0.6036,0.0,1.0,0.2359,0,0
CLM00186,CLM00301,0.346,SIMILAR,"claimant_id, city",129,0.529,0.0,0.1,1.0,0,0
CLM00061,CLM00087,0.346,SIMILAR,"claimant_id, city",118,0.3801,0.0,0.0,1.0,0,0
CLM00159,CLM00261,0.3458,SIMILAR,"vehicle_id, city",214,0.3744,0.0,1.0,0.2513,0,0
CLM00163,CLM00266,0.3458,SIMILAR,"vehicle_id, city",45,0.0304,0.0,1.0,0.2359,0,0
CLM00157,CLM00179,0.3456,SIMILAR,"claimant_id, city",50,0.265,0.0,0.1,1.0,0,0
CLM00244,CLM00270,0.3455,SIMILAR,"claimant_id, city",147,0.3744,0.0,0.0,1.0,0,0
CLM00059,CLM00306,0.3454,SIMILAR,"policy_id, provider_id, close_amount_10pct",200,0.9374,0.3,0.0,0.2205,0,0
CLM00095,CLM00158,0.3452,SIMILAR,"vehicle_id, city",64,0.3953,0.0,1.0,0.2359,0,0
CLM00070,CLM00102,0.3452,SIMILAR,"policy_id, city",146,0.6952,0.0,0.0,0.2359,1,0
CLM00076,CLM00100,0.345,SIMILAR,"claimant_id, city",63,0.3744,0.0,0.0,1.0,0,0
CLM00069,CLM00284,0.345,SIMILAR,"policy_id, city",219,0.7026,0.0,0.0,0.2359,0,0
CLM00222,CLM00270,0.345,SIMILAR,"claimant_id, city",100,0.3695,0.0,0.0,1.0,0,0
CLM00046,CLM00052,0.345,SIMILAR,"policy_id, provider_id, claim_type",91,0.2672,0.3,0.0,0.2513,0,0
CLM00161,CLM00298,0.3449,SIMILAR,"vehicle_id, city",88,0.7056,0.0,1.0,0.2359,0,0
CLM00204,CLM00291,0.3448,SIMILAR,"invoice_id, close_date_7d",3,0.2391,1.0,0.0,0.2513,0,0
CLM00022,CLM00292,0.3446,SIMILAR,"claimant_id, city",102,0.5011,0.0,0.1,1.0,0,0
CLM00018,CLM00148,0.3446,SIMILAR,policy_id,33,0.5046,0.0,0.0,0.2359,1,0
CLM00059,CLM00310,0.3445,SIMILAR,"vehicle_id, close_amount_10pct",193,0.9284,0.0,1.0,0.2205,0,0
CLM00145,CLM00298,0.3445,SIMILAR,"vehicle_id, claim_type",116,0.3017,0.0,1.0,0.2359,1,0
CLM00004,CLM00302,0.3445,SIMILAR,"claimant_id, city",56,0.4154,0.0,0.1,1.0,0,0
CLM00095,CLM00307,0.3444,SIMILAR,"vehicle_id, city",89,0.6968,0.0,1.0,0.2359,0,0
CLM00078,CLM00141,0.3441,SIMILAR,"claimant_id, city",197,0.3657,0.0,0.0,1.0,0,0
CLM00030,CLM00226,0.344,SIMILAR,"vehicle_id, claim_type",93,0.5622,0.0,1.0,0.2513,0,0
CLM00188,CLM00317,0.3439,SIMILAR,"claimant_id, city",82,0.3579,0.0,0.0,1.0,0,0
CLM00094,CLM00277,0.3438,SIMILAR,"claimant_id, city",35,0.0369,0.0,0.0,1.0,0,0
CLM00083,CLM00226,0.3437,SIMILAR,"invoice_id, city",37,0.4651,1.0,0.1,0.2359,0,0
CLM00014,CLM00124,0.3435,SIMILAR,"claimant_id, city",166,0.6398,0.0,0.0,1.0,0,0
CLM00115,CLM00171,0.3433,SIMILAR,"policy_id, exact_amount",109,0.9904,0.0,0.1,0.2513,1,0
CLM00172,CLM00184,0.3433,SIMILAR,"claimant_id, city, claim_type",64,0.0517,0.0,0.0,1.0,0,0
CLM00101,CLM00162,0.3432,SIMILAR,"policy_id, city",80,0.5296,0.0,0.1,0.2359,0,0
CLM00112,CLM00320,0.3432,SIMILAR,"policy_id, claim_type",162,0.5796,0.0,0.0,0.2359,0,0
CLM00112,CLM00139,0.3431,SIMILAR,"claimant_id, city",49,0.3755,0.0,0.0,1.0,0,0
CLM00109,CLM00171,0.343,SIMILAR,"claimant_id, city",102,0.6494,0.0,0.0,1.0,0,0
CLM00057,CLM00091,0.3426,SIMILAR,"claimant_id, city",162,0.6462,0.0,0.0,1.0,0,1
CLM00052,CLM00220,0.3416,SIMILAR,"claimant_id, city",48,0.3305,0.0,0.0,1.0,0,0
CLM00092,CLM00115,0.3413,SIMILAR,"vehicle_id, close_date_30d",30,0.085,0.0,1.0,0.2513,0,1
CLM00214,CLM00290,0.341,SIMILAR,"vehicle_id, claim_type",91,0.5574,0.0,1.0,0.2359,1,1
CLM00099,CLM00219,0.3409,SIMILAR,"policy_id, provider_id, claim_type",196,0.2828,0.3,0.0,0.2205,0,0
CLM00073,CLM00226,0.3407,SIMILAR,"claimant_id, city",172,0.6316,0.0,0.0,1.0,1,0
CLM00077,CLM00198,0.3406,SIMILAR,"claimant_id, city",93,0.6305,0.0,0.0,1.0,1,1
CLM00171,CLM00272,0.3402,SIMILAR,"invoice_id, city",224,0.6994,1.0,0.1,0.2359,0,0
CLM00112,CLM00209,0.3401,SIMILAR,vehicle_id,44,0.7484,0.0,1.0,0.2359,0,0
CLM00006,CLM00148,0.3399,SIMILAR,policy_id,44,0.7164,0.0,0.0,0.2513,0,0
CLM00087,CLM00088,0.3394,SIMILAR,"vehicle_id, claim_type",49,0.2568,0.0,1.0,0.2359,0,0
CLM00078,CLM00192,0.3391,SIMILAR,"claimant_id, city",106,0.6159,0.0,0.0,1.0,0,0
CLM00028,CLM00232,0.339,SIMILAR,"claimant_id, city",91,0.1542,0.0,0.1,1.0,1,0
CLM00034,CLM00214,0.3389,SIMILAR,"vehicle_id, claim_type",93,0.501,0.0,1.0,0.2513,1,1
CLM00148,CLM00300,0.3389,SIMILAR,"claimant_id, city",62,0.3181,0.0,0.0,1.0,0,0
CLM00129,CLM00187,0.3389,SIMILAR,"policy_id, exact_amount",65,0.9864,0.0,0.1,0.2359,0,1
CLM00164,CLM00183,0.3388,SIMILAR,policy_id,41,0.6607,0.0,0.0,0.2359,0,0
CLM00017,CLM00128,0.3388,SIMILAR,"policy_id, claim_type",40,0.0307,0.0,0.0,0.2359,0,0
CLM00025,CLM00031,0.3388,SIMILAR,"claimant_id, city",68,0.3084,0.0,0.0,1.0,0,0
CLM00093,CLM00265,0.3386,SIMILAR,"vehicle_id, city",169,0.6382,0.0,1.0,0.2359,0,0
CLM00081,CLM00185,0.3381,SIMILAR,"policy_id, city",163,0.4738,0.0,0.1,0.2359,0,1
CLM00015,CLM00093,0.3381,SIMILAR,"vehicle_id, provider_id",103,0.7985,0.3,1.0,0.2513,0,0
CLM00051,CLM00269,0.3379,SIMILAR,"invoice_id, exact_amount",33,0.9568,1.0,0.0,0.2359,0,0
CLM00068,CLM00081,0.3377,SIMILAR,"vehicle_id, city",61,0.3153,0.0,1.0,0.2359,0,0
CLM00058,CLM00130,0.3377,SIMILAR,"claimant_id, city",58,0.2517,0.0,0.0,1.0,1,0
CLM00117,CLM00161,0.3376,SIMILAR,"claimant_id, city",44,0.1859,0.0,0.0,1.0,0,0
CLM00065,CLM00176,0.3375,SIMILAR,"vehicle_id, city",212,0.6176,0.0,1.0,0.2359,0,0
CLM00112,CLM00154,0.3374,SIMILAR,"policy_id, close_amount_10pct",88,0.9403,0.0,0.1,0.2513,0,0
CLM00029,CLM00109,0.3374,SIMILAR,vehicle_id,85,0.8167,0.0,1.0,0.2359,0,0
CLM00083,CLM00115,0.3372,SIMILAR,"claimant_id, city",94,0.2966,0.0,0.0,1.0,0,1
CLM00136,CLM00202,0.3371,SIMILAR,"vehicle_id, city",62,0.6279,0.0,1.0,0.2359,0,0
CLM00254,CLM00269,0.337,SIMILAR,"policy_id, close_date_30d",30,0.3673,0.0,0.0,0.2359,0,0
CLM00060,CLM00096,0.3369,SIMILAR,vehicle_id,44,0.7067,0.0,1.0,0.2359,1,1
CLM00002,CLM00234,0.3368,SIMILAR,"policy_id, close_date_30d",24,0.0565,0.0,0.1,0.2359,0,0
CLM00001,CLM00045,0.336,SIMILAR,"claimant_id, city",131,0.1251,0.0,0.1,1.0,1,0
CLM00154,CLM00320,0.336,SIMILAR,"policy_id, city",74,0.6164,0.0,0.0,0.2359,0,0
CLM00051,CLM00074,0.336,SIMILAR,vehicle_id,58,0.7888,0.0,1.0,0.2205,0,0
CLM00180,CLM00202,0.3357,SIMILAR,"claimant_id, city",76,0.5765,0.0,0.0,1.0,1,0
CLM00163,CLM00254,0.3357,SIMILAR,"vehicle_id, provider_id, claim_type",135,0.2142,0.3,1.0,0.2359,0,0
CLM00015,CLM00265,0.3356,SIMILAR,vehicle_id,66,0.7993,0.0,1.0,0.2359,0,0
CLM00127,CLM00220,0.3354,SIMILAR,"policy_id, exact_amount",67,0.9509,0.0,0.1,0.2359,1,0
CLM00022,CLM00205,0.3354,SIMILAR,"claimant_id, city",182,0.1185,0.0,0.1,1.0,0,0
CLM00221,CLM00297,0.3353,SIMILAR,"policy_id, claim_type",150,0.4697,0.0,0.0,0.2513,1,0
CLM00210,CLM00317,0.335,SIMILAR,"invoice_id, close_amount_10pct, city",141,0.9474,1.0,0.1,0.2359,0,0
CLM00034,CLM00218,0.3349,SIMILAR,vehicle_id,48,0.8013,0.0,1.0,0.2359,1,0
CLM00019,CLM00137,0.3348,SIMILAR,"claimant_id, city",129,0.5624,0.0,0.0,1.0,1,0
CLM00069,CLM00142,0.3348,SIMILAR,"policy_id, exact_amount",159,0.9507,0.0,0.1,0.2359,0,1
CLM00026,CLM00116,0.3347,SIMILAR,"vehicle_id, claim_type",146,0.4903,0.0,1.0,0.2359,0,0
CLM00060,CLM00122,0.3343,SIMILAR,"policy_id, close_amount_10pct",54,0.9151,0.0,0.0,0.2513,1,0
CLM00007,CLM00269,0.3343,SIMILAR,invoice_id,37,0.8663,1.0,0.1,0.2359,0,0
CLM00245,CLM00268,0.334,SIMILAR,"policy_id, city",70,0.6185,0.0,0.0,0.2205,1,0
CLM00011,CLM00184,0.334,SIMILAR,"vehicle_id, close_date_30d",20,0.0833,0.0,1.0,0.2359,0,0
CLM00149,CLM00217,0.3338,SIMILAR,"vehicle_id, claim_type",212,0.4547,0.0,1.0,0.2513,0,0
CLM00155,CLM00167,0.3334,SIMILAR,"invoice_id, close_date_30d",17,0.5059,1.0,0.0,0.2359,1,0
CLM00210,CLM00305,0.3333,SIMILAR,"policy_id, claim_type",216,0.48,0.0,0.0,0.2359,0,0
CLM00056,CLM00304,0.3333,SIMILAR,vehicle_id,78,0.7854,0.0,1.0,0.2359,0,1
CLM00034,CLM00174,0.3331,SIMILAR,"claimant_id, city",62,0.2454,0.0,0.0,1.0,1,0
CLM00144,CLM00172,0.3329,SIMILAR,"claimant_id, city",85,0.098,0.0,0.1,1.0,0,0
CLM00039,CLM00123,0.3328,SIMILAR,"vehicle_id, claim_type",138,0.4709,0.0,1.0,0.2359,0,0
CLM00194,CLM00210,0.3323,SIMILAR,"claimant_id, city",151,0.3924,0.0,0.1,1.0,0,0
CLM00018,CLM00059,0.3322,SIMILAR,"vehicle_id, claim_type",67,0.4702,0.0,1.0,0.2359,1,0
CLM00107,CLM00260,0.3321,SIMILAR,"vehicle_id, claim_type",135,0.4376,0.0,1.0,0.2513,0,0
CLM00075,CLM00316,0.3319,SIMILAR,"claimant_id, city",121,0.5434,0.0,0.0,1.0,0,1
CLM00203,CLM00265,0.3319,SIMILAR,"invoice_id, claim_type",99,0.6662,1.0,0.0,0.2359,0,0
CLM00010,CLM00076,0.3316,SIMILAR,"vehicle_id, city",74,0.2643,0.0,1.0,0.2359,1,0
CLM00024,CLM00066,0.3316,SIMILAR,"claimant_id, city",187,0.3863,0.0,0.1,1.0,0,0
CLM00106,CLM00241,0.3314,SIMILAR,"vehicle_id, claim_type",64,0.4305,0.0,1.0,0.2513,0,0
CLM00178,CLM00289,0.3314,SIMILAR,"policy_id, close_amount_10pct",54,0.9117,0.0,0.0,0.2359,0,0
CLM00146,CLM00231,0.3312,SIMILAR,vehicle_id,119,0.7593,0.0,1.0,0.2359,1,0
CLM00106,CLM00207,0.3311,SIMILAR,"claimant_id, city",68,0.23,0.0,0.0,1.0,0,1
CLM00067,CLM00103,0.3311,SIMILAR,vehicle_id,38,0.5133,0.0,1.0,0.2359,0,0
CLM00124,CLM00257,0.331,SIMILAR,"claimant_id, city",65,0.5295,0.0,0.0,1.0,0,1
CLM00054,CLM00302,0.331,SIMILAR,"vehicle_id, city",136,0.5323,0.0,1.0,0.2513,1,0
CLM00174,CLM00288,0.331,SIMILAR,policy_id,31,0.2224,0.0,0.1,0.2205,0,1
CLM00059,CLM00174,0.331,SIMILAR,"claimant_id, provider_id, city",112,0.2348,0.3,0.0,1.0,0,0
CLM00113,CLM00316,0.331,SIMILAR,"claimant_id, city",55,0.1042,0.0,0.0,1.0,0,1
CLM00034,CLM00237,0.3309,SIMILAR,"invoice_id, claim_type",132,0.8331,1.0,0.1,0.2205,1,0
CLM00058,CLM00268,0.3306,SIMILAR,policy_id,31,0.3242,0.0,0.0,0.2359,1,0
CLM00238,CLM00280,0.3306,SIMILAR,"vehicle_id, city",201,0.5741,0.0,1.0,0.2205,0,0
CLM00098,CLM00315,0.3305,SIMILAR,policy_id,85,0.8768,0.0,0.1,0.2513,0,0
CLM00091,CLM00192,0.3303,SIMILAR,"claimant_id, city",95,0.5175,0.0,0.0,1.0,1,0
CLM00150,CLM00220,0.3303,SIMILAR,"policy_id, provider_id",49,0.475,0.3,0.0,0.2359,0,0
CLM00106,CLM00228,0.3302,SIMILAR,"policy_id, claim_type",51,0.2028,0.0,0.0,0.2513,0,0
CLM00081,CLM00290,0.3298,SIMILAR,"claimant_id, city",76,0.3725,0.0,0.1,1.0,0,1
CLM00007,CLM00189,0.3297,SIMILAR,"vehicle_id, provider_id",103,0.4449,0.3,1.0,0.2359,0,0
CLM00184,CLM00202,0.3297,SIMILAR,"vehicle_id, claim_type",45,0.0788,0.0,1.0,0.2359,0,0
CLM00255,CLM00302,0.3297,SIMILAR,vehicle_id,32,0.3445,0.0,1.0,0.2359,0,0
CLM00012,CLM00059,0.3296,SIMILAR,"policy_id, close_amount_10pct",82,0.925,0.0,0.1,0.2205,0,0
CLM00099,CLM00318,0.3295,SIMILAR,"claimant_id, city",142,0.2198,0.0,0.0,1.0,0,1
CLM00181,CLM00245,0.3295,SIMILAR,"invoice_id, city",221,0.7826,1.0,0.0,0.2205,0,1
CLM00192,CLM00258,0.3294,SIMILAR,vehicle_id,51,0.8162,0.0,1.0,0.2359,0,0
CLM00143,CLM00215,0.3291,SIMILAR,"claimant_id, city",96,0.5099,0.0,0.0,1.0,0,1
CLM00263,CLM00276,0.3288,SIMILAR,"claimant_id, city",110,0.0478,0.0,0.1,1.0,0,0
CLM00194,CLM00269,0.3288,SIMILAR,policy_id,45,0.6299,0.0,0.0,0.2513,0,0
CLM00114,CLM00250,0.3287,SIMILAR,"claimant_id, city",55,0.0908,0.0,0.0,1.0,1,0
CLM00054,CLM00058,0.3286,SIMILAR,"policy_id, city",75,0.5245,0.0,0.0,0.2359,1,1
CLM00149,CLM00215,0.3284,SIMILAR,"vehicle_id, city",187,0.5009,0.0,1.0,0.2513,0,1
CLM00135,CLM00240,0.3283,SIMILAR,"invoice_id, close_date_30d",18,0.1902,1.0,0.0,0.2359,0,0
CLM00102,CLM00118,0.3281,SIMILAR,"policy_id, close_amount_10pct",138,0.909,0.0,0.1,0.2205,0,0
CLM00249,CLM00270,0.3278,SIMILAR,"vehicle_id, claim_type",146,0.4251,0.0,1.0,0.2359,0,0
CLM00089,CLM00225,0.3277,SIMILAR,vehicle_id,41,0.2856,0.0,1.0,0.2205,0,0
CLM00110,CLM00318,0.3275,SIMILAR,"claimant_id, city",177,0.1944,0.0,0.0,1.0,0,1
CLM00095,CLM00255,0.3271,SIMILAR,policy_id,51,0.7892,0.0,0.0,0.2359,0,0
CLM00251,CLM00267,0.327,SIMILAR,"policy_id, city",207,0.367,0.0,0.1,0.2359,0,0
CLM00075,CLM00113,0.3267,SIMILAR,"claimant_id, provider_id, city",66,0.1917,0.3,0.0,1.0,0,0
CLM00112,CLM00200,0.3266,SIMILAR,"policy_id, provider_id",85,0.563,0.3,0.1,0.2359,0,0
CLM00128,CLM00258,0.3266,SIMILAR,vehicle_id,82,0.7038,0.0,1.0,0.2359,0,0
CLM00097,CLM00224,0.3266,SIMILAR,"claimant_id, city",149,0.4906,0.0,0.0,1.0,0,0
CLM00148,CLM00247,0.3266,SIMILAR,"policy_id, exact_amount",79,0.9826,0.0,0.0,0.2513,0,0
CLM00102,CLM00274,0.3265,SIMILAR,"claimant_id, city",117,0.0344,0.0,0.1,1.0,0,0
CLM00083,CLM00160,0.3264,SIMILAR,"claimant_id, city",76,0.4887,0.0,0.0,1.0,0,1
CLM00014,CLM00257,0.3264,SIMILAR,"claimant_id, city",101,0.3388,0.0,0.1,1.0,0,1
CLM00200,CLM00320,0.3264,SIMILAR,"policy_id, exact_amount",77,0.9713,0.0,0.0,0.2513,0,0
CLM00214,CLM00218,0.3263,SIMILAR,vehicle_id,45,0.6253,0.0,1.0,0.2359,1,0
CLM00248,CLM00277,0.3263,SIMILAR,"vehicle_id, claim_type",57,0.0349,0.0,1.0,0.2359,0,0
CLM00027,CLM00215,0.3263,SIMILAR,"policy_id, city",180,0.4755,0.0,0.0,0.2513,0,1
CLM00094,CLM00285,0.3262,SIMILAR,"claimant_id, city",169,0.0367,0.0,0.1,1.0,0,0
CLM00035,CLM00141,0.326,SIMILAR,"policy_id, exact_amount",66,0.9822,0.0,0.0,0.2513,0,0
CLM00054,CLM00280,0.3259,SIMILAR,policy_id,197,0.8312,0.0,0.1,0.2513,1,0
CLM00121,CLM00314,0.3258,SIMILAR,"invoice_id, close_date_7d",4,0.1055,1.0,0.0,0.2359,0,0
CLM00018,CLM00121,0.3258,SIMILAR,"claimant_id, city",98,0.4729,0.0,0.0,1.0,1,0
CLM00054,CLM00245,0.3257,SIMILAR,"policy_id, exact_amount",176,0.9995,0.0,0.0,0.2359,1,1
CLM00286,CLM00317,0.3256,SIMILAR,"claimant_id, city",137,0.4845,0.0,0.0,1.0,0,0
CLM00303,CLM00304,0.3256,SIMILAR,"policy_id, provider_id, city",81,0.1942,0.3,0.0,0.2359,0,1
CLM00067,CLM00284,0.3255,SIMILAR,policy_id,37,0.4636,0.0,0.0,0.2205,0,0
CLM00033,CLM00227,0.3254,SIMILAR,"vehicle_id, close_amount_10pct",56,0.9065,0.0,1.0,0.2359,1,0
CLM00097,CLM00207,0.3254,SIMILAR,vehicle_id,52,0.7965,0.0,1.0,0.2359,0,1
CLM00050,CLM00081,0.3251,SIMILAR,"claimant_id, city",160,0.4712,0.0,0.0,1.0,1,0
CLM00164,CLM00197,0.3251,SIMILAR,"vehicle_id, exact_amount",103,0.9988,0.0,1.0,0.2359,0,0
CLM00177,CLM00214,0.3249,SIMILAR,vehicle_id,207,0.727,0.0,1.0,0.2205,0,1
CLM00061,CLM00181,0.3248,SIMILAR,"policy_id, exact_amount",112,0.9605,0.0,0.0,0.2513,0,0
CLM00077,CLM00192,0.3246,SIMILAR,policy_id,69,0.849,0.0,0.1,0.2359,1,0
CLM00276,CLM00283,0.3246,SIMILAR,"claimant_id, city",137,0.4654,0.0,0.0,1.0,0,0
CLM00123,CLM00151,0.3243,SIMILAR,"policy_id, claim_type",62,0.2091,0.0,0.1,0.2513,0,0
CLM00068,CLM00104,0.3242,SIMILAR,"policy_id, claim_type",135,0.3942,0.0,0.0,0.2359,0,0
CLM00224,CLM00318,0.3239,SIMILAR,vehicle_id,117,0.6954,0.0,1.0,0.2359,0,1
CLM00061,CLM00215,0.3238,SIMILAR,vehicle_id,80,0.6811,0.0,1.0,0.2359,0,1
CLM00110,CLM00163,0.3238,SIMILAR,"policy_id, exact_amount",232,0.985,0.0,0.0,0.2359,0,0
CLM00021,CLM00253,0.3236,SIMILAR,"vehicle_id, exact_amount",71,0.9789,0.0,1.0,0.2359,1,0
CLM00163,CLM00229,0.3235,SIMILAR,"policy_id, exact_amount",68,0.9606,0.0,0.0,0.2513,0,0
CLM00088,CLM00152,0.3234,SIMILAR,"vehicle_id, exact_amount",61,0.9866,0.0,1.0,0.2359,0,0
CLM00028,CLM00185,0.3234,SIMILAR,"policy_id, close_amount_10pct",65,0.9464,0.0,0.0,0.2513,1,1
CLM00217,CLM00227,0.3232,SIMILAR,"policy_id, exact_amount",63,0.9702,0.0,0.0,0.2359,0,0
CLM00139,CLM00212,0.3231,SIMILAR,"claimant_id, city",72,0.4496,0.0,0.0,1.0,0,1
CLM00004,CLM00293,0.323,SIMILAR,"invoice_id, claim_type",132,0.6977,1.0,0.1,0.2513,0,0
CLM00070,CLM00199,0.323,SIMILAR,"policy_id, close_amount_10pct",57,0.9074,0.0,0.0,0.2359,1,0
CLM00075,CLM00138,0.3226,SIMILAR,"claimant_id, city",118,0.3004,0.0,0.1,1.0,0,0
CLM00140,CLM00270,0.3226,SIMILAR,"policy_id, city",124,0.4429,0.0,0.0,0.2513,0,0
CLM00263,CLM00287,0.3225,SIMILAR,"policy_id, provider_id, city",85,0.0221,0.3,0.1,0.2359,0,0
CLM00060,CLM00069,0.3224,SIMILAR,"vehicle_id, exact_amount",94,0.9623,0.0,1.0,0.2359,1,0
CLM00136,CLM00256,0.3222,SIMILAR,policy_id,56,0.869,0.0,0.0,0.2359,0,0
CLM00017,CLM00025,0.3222,SIMILAR,"vehicle_id, provider_id",35,0.0453,0.3,1.0,0.2359,0,0
CLM00212,CLM00239,0.3222,SIMILAR,"vehicle_id, provider_id, city",171,0.1696,0.3,1.0,0.2359,1,0
CLM00305,CLM00312,0.3221,SIMILAR,"policy_id, claim_type",133,0.3678,0.0,0.0,0.2359,0,0
CLM00090,CLM00098,0.322,SIMILAR,vehicle_id,169,0.6275,0.0,1.0,0.2513,0,0
CLM00067,CLM00291,0.3219,SIMILAR,"policy_id, city",108,0.4713,0.0,0.0,0.2359,0,0
CLM00055,CLM00167,0.3217,SIMILAR,"policy_id, provider_id",57,0.4443,0.3,0.1,0.2359,0,0
CLM00085,CLM00169,0.3216,SIMILAR,vehicle_id,62,0.6686,0.0,1.0,0.2359,1,0
CLM00053,CLM00154,0.3216,SIMILAR,"vehicle_id, close_amount_10pct",68,0.9284,0.0,1.0,0.2513,0,0
CLM00247,CLM00255,0.3214,SIMILAR,"policy_id, close_amount_10pct",74,0.9307,0.0,0.0,0.2513,0,0
CLM00220,CLM00238,0.3213,SIMILAR,"claimant_id, city",63,0.4321,0.0,0.0,1.0,0,0
CLM00095,CLM00148,0.3211,SIMILAR,policy_id,56,0.8333,0.0,0.0,0.2513,0,0
CLM00022,CLM00233,0.3209,SIMILAR,"claimant_id, city",143,0.1237,0.0,0.0,1.0,0,0
CLM00020,CLM00117,0.3208,SIMILAR,"policy_id, claim_type",189,0.3912,0.0,0.0,0.2205,0,0
CLM00045,CLM00320,0.3208,SIMILAR,"claimant_id, city",106,0.132,0.0,0.0,1.0,0,0
CLM00204,CLM00317,0.3208,SIMILAR,"invoice_id, close_date_30d",17,0.3895,1.0,0.0,0.2359,0,0
CLM00008,CLM00229,0.3205,SIMILAR,"vehicle_id, exact_amount",159,0.9537,0.0,1.0,0.2359,0,0
CLM00054,CLM00255,0.3204,SIMILAR,vehicle_id,104,0.6473,0.0,1.0,0.2359,1,0
CLM00040,CLM00298,0.3203,SIMILAR,"claimant_id, city",119,0.4276,0.0,0.0,1.0,0,0
CLM00188,CLM00219,0.3202,SIMILAR,"invoice_id, city, claim_type",221,0.2301,1.0,0.1,0.2205,0,0
CLM00030,CLM00299,0.32,SIMILAR,vehicle_id,40,0.4832,0.0,1.0,0.2205,0,0
CLM00168,CLM00198,0.3199,SIMILAR,"vehicle_id, exact_amount",83,0.9676,0.0,1.0,0.2205,0,1
CLM00071,CLM00155,0.3199,SIMILAR,"vehicle_id, close_amount_10pct",74,0.9415,0.0,1.0,0.2359,0,1
CLM00080,CLM00200,0.3192,SIMILAR,"policy_id, provider_id",92,0.6042,0.3,0.0,0.2513,1,0
CLM00008,CLM00136,0.3191,SIMILAR,vehicle_id,158,0.6089,0.0,1.0,0.2513,0,0
CLM00087,CLM00308,0.3191,SIMILAR,"vehicle_id, close_amount_10pct",97,0.9028,0.0,1.0,0.2513,0,0
CLM00140,CLM00301,0.3191,SIMILAR,"policy_id, city",153,0.2883,0.0,0.1,0.2359,0,0
CLM00063,CLM00312,0.319,SIMILAR,"invoice_id, city",47,0.6077,1.0,0.0,0.2359,0,0
CLM00095,CLM00232,0.3189,SIMILAR,"claimant_id, city",47,0.0882,0.0,0.0,1.0,0,0
CLM00110,CLM00229,0.3189,SIMILAR,"policy_id, close_amount_10pct",164,0.9462,0.0,0.0,0.2359,0,0
CLM00168,CLM00306,0.3188,SIMILAR,"policy_id, exact_amount",206,0.966,0.0,0.0,0.2205,0,0
CLM00001,CLM00119,0.3187,SIMILAR,vehicle_id,183,0.625,0.0,1.0,0.2359,1,0
CLM00201,CLM00246,0.3187,SIMILAR,"policy_id, provider_id, claim_type",74,0.0342,0.3,0.0,0.2359,0,0
CLM00199,CLM00208,0.3186,SIMILAR,"vehicle_id, close_amount_10pct",74,0.9121,0.0,1.0,0.2513,0,0
CLM00148,CLM00210,0.3184,SIMILAR,"claimant_id, city",99,0.4029,0.0,0.0,1.0,0,0
CLM00018,CLM00090,0.3184,SIMILAR,"vehicle_id, close_amount_10pct",127,0.9325,0.0,1.0,0.2359,1,0
CLM00031,CLM00299,0.3183,SIMILAR,vehicle_id,44,0.2664,0.0,1.0,0.2205,0,0
CLM00187,CLM00236,0.3183,SIMILAR,"claimant_id, city",62,0.4118,0.0,0.0,1.0,1,0
CLM00079,CLM00290,0.3181,SIMILAR,"policy_id, claim_type",87,0.3235,0.0,0.0,0.2359,0,1
CLM00012,CLM00168,0.318,SIMILAR,"policy_id, exact_amount",88,0.9532,0.0,0.0,0.2205,0,0
CLM00043,CLM00063,0.3179,SIMILAR,"vehicle_id, close_amount_10pct",98,0.9171,0.0,1.0,0.2359,0,0
CLM00168,CLM00219,0.3178,SIMILAR,"claimant_id, city",203,0.2473,0.0,0.1,1.0,0,0
CLM00026,CLM00089,0.3176,SIMILAR,"claimant_id, city",119,0.0961,0.0,0.0,1.0,0,0
CLM00050,CLM00105,0.3176,SIMILAR,"claimant_id, city",60,0.3911,0.0,0.0,1.0,1,1
CLM00004,CLM00252,0.3174,SIMILAR,"vehicle_id, close_amount_10pct",94,0.9225,0.0,1.0,0.2359,0,0
CLM00117,CLM00248,0.317,SIMILAR,"policy_id, provider_id",82,0.6572,0.3,0.0,0.2205,0,0
CLM00102,CLM00199,0.3169,SIMILAR,policy_id,89,0.7661,0.0,0.1,0.2359,0,0
CLM00203,CLM00318,0.3169,SIMILAR,vehicle_id,34,0.2668,0.0,1.0,0.2359,0,1
CLM00205,CLM00292,0.3168,SIMILAR,"claimant_id, city",80,0.2366,0.0,0.1,1.0,0,0
CLM00066,CLM00288,0.3167,SIMILAR,"vehicle_id, city",149,0.389,0.0,1.0,0.2513,0,1
CLM00267,CLM00282,0.3166,SIMILAR,"vehicle_id, provider_id",105,0.3134,0.3,1.0,0.2359,0,1
CLM00048,CLM00135,0.3165,SIMILAR,"policy_id, claim_type",193,0.1675,0.0,0.1,0.2359,1,0
CLM00032,CLM00163,0.3162,SIMILAR,"vehicle_id, close_amount_10pct",155,0.905,0.0,1.0,0.2359,0,0
CLM00135,CLM00194,0.3162,SIMILAR,policy_id,55,0.7847,0.0,0.0,0.2359,0,0
CLM00110,CLM00166,0.3161,SIMILAR,vehicle_id,152,0.608,0.0,1.0,0.2359,0,0
CLM00055,CLM00238,0.316,SIMILAR,invoice_id,43,0.5377,1.0,0.1,0.2359,0,0
CLM00125,CLM00301,0.316,SIMILAR,"policy_id, city",138,0.4069,0.0,0.0,0.2359,0,0
CLM00021,CLM00238,0.316,SIMILAR,vehicle_id,157,0.6028,0.0,1.0,0.2359,1,0
CLM00026,CLM00148,0.3159,SIMILAR,"invoice_id, exact_amount",113,0.9921,1.0,0.1,0.2205,0,0
CLM00060,CLM00302,0.3159,SIMILAR,"claimant_id, city",73,0.374,0.0,0.0,1.0,1,0
CLM00025,CLM00188,0.3156,SIMILAR,vehicle_id,205,0.6084,0.0,1.0,0.2359,0,0
CLM00217,CLM00291,0.3155,SIMILAR,"claimant_id, city",81,0.2147,0.0,0.1,1.0,0,0
CLM00304,CLM00320,0.3154,SIMILAR,"claimant_id, city",108,0.3633,0.0,0.0,1.0,1,0
CLM00253,CLM00280,0.3154,SIMILAR,"vehicle_id, close_amount_10pct",115,0.9323,0.0,1.0,0.2205,0,0
CLM00123,CLM00156,0.3152,SIMILAR,"vehicle_id, claim_type",175,0.2992,0.0,1.0,0.2359,0,1
CLM00154,CLM00275,0.3152,SIMILAR,"claimant_id, city",48,0.0708,0.0,0.0,1.0,0,0
CLM00131,CLM00286,0.3151,SIMILAR,"policy_id, close_amount_10pct",132,0.908,0.0,0.0,0.2359,0,0
CLM00044,CLM00182,0.3151,SIMILAR,"policy_id, close_amount_10pct",60,0.9036,0.0,0.0,0.2359,0,0
CLM00031,CLM00230,0.3151,SIMILAR,"policy_id, city",78,0.2443,0.0,0.1,0.2359,0,1
CLM00101,CLM00261,0.3144,SIMILAR,policy_id,131,0.8608,0.0,0.0,0.2513,0,0
CLM00038,CLM00151,0.3144,SIMILAR,policy_id,87,0.8965,0.0,0.0,0.2359,0,0
CLM00131,CLM00183,0.3142,SIMILAR,"policy_id, provider_id",83,0.5799,0.3,0.0,0.2359,0,0
CLM00216,CLM00303,0.314,SIMILAR,vehicle_id,50,0.6471,0.0,1.0,0.2359,0,0
CLM00210,CLM00252,0.3139,SIMILAR,vehicle_id,100,0.556,0.0,1.0,0.2513,0,0
CLM00119,CLM00210,0.3139,SIMILAR,policy_id,40,0.3866,0.0,0.0,0.2359,0,0
CLM00180,CLM00191,0.3138,SIMILAR,invoice_id,36,0.4543,1.0,0.0,0.2513,1,0
CLM00131,CLM00205,0.3137,SIMILAR,policy_id,77,0.8939,0.0,0.0,0.2359,0,0
CLM00225,CLM00294,0.3137,SIMILAR,"policy_id, claim_type",80,0.2843,0.0,0.0,0.2359,0,0
CLM00160,CLM00229,0.3136,SIMILAR,vehicle_id,75,0.593,0.0,1.0,0.2359,1,0
CLM00007,CLM00295,0.3134,SIMILAR,"invoice_id, city",114,0.7013,1.0,0.1,0.2513,0,1
CLM00166,CLM00249,0.3125,SIMILAR,vehicle_id,122,0.8822,0.0,1.0,0.2359,0,0
CLM00001,CLM00304,0.3124,SIMILAR,"claimant_id, city",133,0.3443,0.0,0.0,1.0,1,1
CLM00070,CLM00250,0.3124,SIMILAR,"invoice_id, close_date_30d",24,0.1363,1.0,0.0,0.2513,1,0
CLM00098,CLM00283,0.3124,SIMILAR,"claimant_id, city",164,0.3389,0.0,0.0,1.0,0,0
CLM00016,CLM00035,0.3118,SIMILAR,"vehicle_id, provider_id",62,0.5666,0.3,1.0,0.2359,0,0
CLM00024,CLM00169,0.3117,SIMILAR,policy_id,164,0.8389,0.0,0.0,0.2513,0,0
CLM00085,CLM00109,0.3113,SIMILAR,policy_id,111,0.8653,0.0,0.0,0.2359,1,0
CLM00177,CLM00218,0.3113,SIMILAR,vehicle_id,162,0.86,0.0,1.0,0.2359,0,0
CLM00131,CLM00226,0.3112,SIMILAR,invoice_id,47,0.7441,1.0,0.0,0.2359,0,0
CLM00014,CLM00020,0.3111,SIMILAR,"claimant_id, city",185,0.3307,0.0,0.0,1.0,0,0
CLM00032,CLM00201,0.311,SIMILAR,"claimant_id, city",48,0.0247,0.0,0.0,1.0,0,0
CLM00096,CLM00128,0.311,SIMILAR,"invoice_id, city",166,0.8625,1.0,0.0,0.2359,1,0
CLM00131,CLM00266,0.3106,SIMILAR,"claimant_id, city",90,0.0348,0.0,0.0,1.0,0,0
CLM00096,CLM00210,0.3105,SIMILAR,"policy_id, city",179,0.3264,0.0,0.0,0.2513,1,0
CLM00019,CLM00295,0.3105,SIMILAR,policy_id,78,0.8479,0.0,0.0,0.2359,1,1
CLM00171,CLM00268,0.3104,SIMILAR,"claimant_id, city",143,0.3327,0.0,0.0,1.0,0,0
CLM00153,CLM00173,0.3102,SIMILAR,"claimant_id, city",146,0.3116,0.0,0.0,1.0,0,0
CLM00199,CLM00240,0.3101,SIMILAR,"claimant_id, city",80,0.1798,0.0,0.1,1.0,0,0
CLM00126,CLM00161,0.3099,SIMILAR,"vehicle_id, claim_type",175,0.2672,0.0,1.0,0.2205,0,0
CLM00083,CLM00119,0.3099,SIMILAR,"vehicle_id, city",180,0.3211,0.0,1.0,0.2513,0,0
CLM00202,CLM00227,0.3099,SIMILAR,policy_id,41,0.3924,0.0,0.0,0.2205,0,0
CLM00104,CLM00161,0.3099,SIMILAR,policy_id,215,0.7269,0.0,0.1,0.2205,0,0
CLM00014,CLM00060,0.3097,SIMILAR,vehicle_id,63,0.5144,0.0,1.0,0.2513,0,1
CLM00063,CLM00268,0.3095,SIMILAR,vehicle_id,56,0.438,0.0,1.0,0.2359,0,0
CLM00205,CLM00286,0.3095,SIMILAR,policy_id,209,0.8116,0.0,0.0,0.2513,0,0
CLM00084,CLM00193,0.3095,SIMILAR,"invoice_id, city",79,0.8472,1.0,0.0,0.2359,0,1
CLM00076,CLM00114,0.3094,SIMILAR,policy_id,37,0.2718,0.0,0.0,0.2359,0,1
CLM00245,CLM00298,0.3094,SIMILAR,policy_id,136,0.7224,0.0,0.1,0.2205,1,0
CLM00011,CLM00040,0.3094,SIMILAR,"policy_id, provider_id",68,0.4232,0.3,0.1,0.2205,0,0
CLM00001,CLM00027,0.3093,SIMILAR,vehicle_id,192,0.8061,0.0,1.0,0.2513,1,0
CLM00150,CLM00210,0.3092,SIMILAR,"vehicle_id, provider_id",90,0.499,0.3,1.0,0.2513,0,0
CLM00180,CLM00299,0.309,SIMILAR,"claimant_id, city",74,0.3188,0.0,0.0,1.0,1,0
CLM00074,CLM00222,0.309,SIMILAR,"policy_id, claim_type",76,0.2423,0.0,0.0,0.2359,0,0
CLM00105,CLM00290,0.309,SIMILAR,"claimant_id, city",144,0.3091,0.0,0.0,1.0,1,1
CLM00037,CLM00281,0.3088,SIMILAR,vehicle_id,46,0.1909,0.0,1.0,0.2359,0,0
CLM00054,CLM00114,0.3085,SIMILAR,vehicle_id,64,0.5281,0.0,1.0,0.2359,1,1
CLM00126,CLM00274,0.3085,SIMILAR,"vehicle_id, city",65,0.0328,0.0,1.0,0.2359,0,0
CLM00095,CLM00283,0.3084,SIMILAR,invoice_id,33,0.2117,1.0,0.1,0.2359,0,0
CLM00052,CLM00319,0.3082,SIMILAR,"claimant_id, city",154,0.1563,0.0,0.1,1.0,0,0
CLM00100,CLM00123,0.3081,SIMILAR,"claimant_id, city",95,0.3,0.0,0.0,1.0,0,0
CLM00040,CLM00257,0.3079,SIMILAR,policy_id,58,0.7815,0.0,0.0,0.2359,0,1
CLM00290,CLM00294,0.3079,SIMILAR,policy_id,63,0.7864,0.0,0.0,0.2513,1,0
CLM00173,CLM00180,0.3077,SIMILAR,vehicle_id,36,0.2242,0.0,1.0,0.2359,0,1
CLM00170,CLM00199,0.3077,SIMILAR,invoice_id,50,0.7438,1.0,0.0,0.2513,0,0
CLM00135,CLM00287,0.3076,SIMILAR,policy_id,84,0.6829,0.0,0.1,0.2359,0,0
CLM00029,CLM00281,0.3074,SIMILAR,"claimant_id, city",77,0.2882,0.0,0.0,1.0,0,0
CLM00216,CLM00250,0.3072,SIMILAR,"claimant_id, city",130,0.141,0.0,0.1,1.0,0,0
CLM00033,CLM00201,0.3072,SIMILAR,"invoice_id, close_date_30d",9,0.019,1.0,0.0,0.2513,1,0
CLM00067,CLM00069,0.3072,SIMILAR,policy_id,182,0.6598,0.0,0.1,0.2359,0,0
CLM00284,CLM00291,0.3071,SIMILAR,"policy_id, claim_type",145,0.2185,0.0,0.0,0.2359,0,0
CLM00214,CLM00244,0.3064,SIMILAR,invoice_id,38,0.6018,1.0,0.1,0.2359,1,0
CLM00134,CLM00245,0.3064,SIMILAR,"invoice_id, city",207,0.8415,1.0,0.0,0.2205,0,1
CLM00047,CLM00289,0.3062,SIMILAR,vehicle_id,129,0.7838,0.0,1.0,0.2513,0,0
CLM00023,CLM00035,0.3062,SIMILAR,"policy_id, city",63,0.3002,0.0,0.0,0.2359,1,0
CLM00199,CLM00247,0.3061,SIMILAR,invoice_id,88,0.8372,1.0,0.1,0.2513,0,0
CLM00193,CLM00311,0.3059,SIMILAR,"claimant_id, city",83,0.2785,0.0,0.0,1.0,1,0
CLM00148,CLM00262,0.3058,SIMILAR,policy_id,81,0.8153,0.0,0.0,0.2359,0,0
CLM00154,CLM00246,0.3056,SIMILAR,vehicle_id,58,0.7225,0.0,1.0,0.2513,0,0
CLM00053,CLM00246,0.3056,SIMILAR,vehicle_id,126,0.7782,0.0,1.0,0.2513,0,0
CLM00246,CLM00283,0.3054,SIMILAR,"invoice_id, city",172,0.3512,1.0,0.1,0.2359,0,0
CLM00123,CLM00291,0.3052,SIMILAR,"invoice_id, exact_amount",90,0.9682,1.0,0.0,0.2513,0,0
CLM00011,CLM00013,0.3052,SIMILAR,vehicle_id,36,0.1902,0.0,1.0,0.2359,0,0
CLM00169,CLM00189,0.3051,SIMILAR,"claimant_id, city",142,0.2604,0.0,0.0,1.0,0,0
CLM00085,CLM00209,0.305,SIMILAR,policy_id,164,0.8031,0.0,0.0,0.2359,1,0
CLM00051,CLM00209,0.3049,SIMILAR,policy_id,59,0.7765,0.0,0.0,0.2359,0,0
CLM00142,CLM00291,0.3048,SIMILAR,"policy_id, city",85,0.2957,0.0,0.0,0.2359,1,0
CLM00053,CLM00114,0.3048,SIMILAR,"invoice_id, city",78,0.8009,1.0,0.0,0.2359,0,1
CLM00113,CLM00138,0.3048,SIMILAR,"claimant_id, city",52,0.0576,0.0,0.0,1.0,0,0
CLM00228,CLM00254,0.3046,SIMILAR,"vehicle_id, city",59,0.2679,0.0,1.0,0.2359,0,0
CLM00242,CLM00264,0.3046,SIMILAR,vehicle_id,43,0.328,0.0,1.0,0.2513,0,0
CLM00135,CLM00269,0.3046,SIMILAR,policy_id,100,0.8027,0.0,0.0,0.2359,0,0
CLM00029,CLM00108,0.3045,SIMILAR,policy_id,137,0.7981,0.0,0.0,0.2359,0,0
CLM00020,CLM00248,0.3045,SIMILAR,"policy_id, city",107,0.2571,0.0,0.0,0.2513,0,0
CLM00079,CLM00084,0.3044,SIMILAR,"claimant_id, city",85,0.2638,0.0,0.0,1.0,0,0
CLM00087,CLM00103,0.3043,SIMILAR,"policy_id, city",72,0.2649,0.0,0.0,0.2513,0,0
CLM00163,CLM00228,0.3043,SIMILAR,vehicle_id,194,0.7994,0.0,1.0,0.2359,0,0
CLM00022,CLM00181,0.3042,SIMILAR,"policy_id, claim_type",212,0.1638,0.0,0.0,0.2513,0,0
CLM00177,CLM00290,0.3041,SIMILAR,vehicle_id,116,0.7667,0.0,1.0,0.2513,0,1
CLM00092,CLM00268,0.3038,SIMILAR,"claimant_id, city",64,0.2529,0.0,0.0,1.0,0,0
CLM00128,CLM00318,0.3037,SIMILAR,policy_id,43,0.1995,0.0,0.1,0.2359,0,1
CLM00124,CLM00129,0.3034,SIMILAR,vehicle_id,197,0.4714,0.0,1.0,0.2359,0,0
CLM00223,CLM00319,0.3032,SIMILAR,"claimant_id, city",103,0.2509,0.0,0.0,1.0,0,0
CLM00241,CLM00295,0.3031,SIMILAR,policy_id,51,0.5229,0.0,0.0,0.2513,0,1
CLM00122,CLM00167,0.3027,SIMILAR,vehicle_id,87,0.7433,0.0,1.0,0.2513,0,0
CLM00100,CLM00139,0.3027,SIMILAR,vehicle_id,75,0.4746,0.0,1.0,0.2359,0,0
CLM00137,CLM00179,0.3026,SIMILAR,vehicle_id,174,0.7638,0.0,1.0,0.2359,0,0
CLM00021,CLM00196,0.3024,SIMILAR,policy_id,71,0.7672,0.0,0.0,0.2359,1,0
CLM00031,CLM00043,0.3024,SIMILAR,policy_id,48,0.281,0.0,0.1,0.2513,0,0
CLM00041,CLM00203,0.3022,SIMILAR,"invoice_id, close_date_30d",18,0.0743,1.0,0.1,0.2359,0,0
CLM00190,CLM00311,0.302,SIMILAR,"claimant_id, city",71,0.2386,0.0,0.0,1.0,0,0
CLM00038,CLM00256,0.3019,SIMILAR,policy_id,86,0.5911,0.0,0.1,0.2513,0,0
CLM00070,CLM00141,0.3017,SIMILAR,vehicle_id,72,0.4698,0.0,1.0,0.2359,1,0
CLM00175,CLM00276,0.3016,SIMILAR,policy_id,58,0.7131,0.0,0.0,0.2359,0,0
CLM00214,CLM00313,0.3014,SIMILAR,"policy_id, provider_id",198,0.4305,0.3,0.0,0.2513,1,0
CLM00028,CLM00273,0.3013,SIMILAR,vehicle_id,64,0.7557,0.0,1.0,0.2359,1,0
CLM00003,CLM00125,0.301,SIMILAR,"invoice_id, exact_amount",142,0.9581,1.0,0.0,0.2359,0,0
CLM00152,CLM00222,0.3007,SIMILAR,policy_id,34,0.1048,0.0,0.0,0.2359,0,0
CLM00198,CLM00206,0.3007,SIMILAR,"invoice_id, close_date_30d",26,0.2641,1.0,0.1,0.2359,1,0
CLM00268,CLM00280,0.3006,SIMILAR,policy_id,91,0.7437,0.0,0.0,0.2359,0,0
CLM00064,CLM00175,0.3005,SIMILAR,"claimant_id, city",178,0.2292,0.0,0.0,1.0,0,0
CLM00004,CLM00165,0.3001,SIMILAR,policy_id,47,0.4247,0.0,0.0,0.2359,0,0
CLM00098,CLM00310,0.3,SIMILAR,vehicle_id,168,0.7525,0.0,1.0,0.2359,0,0
CLM00145,CLM00259,0.2997,SIMILAR,policy_id,150,0.7445,0.0,0.0,0.2359,1,0
CLM00029,CLM00135,0.2997,SIMILAR,vehicle_id,158,0.7497,0.0,1.0,0.2359,0,0
CLM00026,CLM00158,0.2995,SIMILAR,"invoice_id, city",105,0.4782,1.0,0.0,0.2205,0,0
CLM00172,CLM00284,0.2994,SIMILAR,"invoice_id, city",141,0.5909,1.0,0.1,0.2359,0,0
CLM00142,CLM00284,0.2992,SIMILAR,policy_id,60,0.739,0.0,0.0,0.2359,1,0
CLM00081,CLM00191,0.2992,SIMILAR,policy_id,207,0.585,0.0,0.1,0.2359,0,0
CLM00158,CLM00259,0.2987,SIMILAR,"policy_id, provider_id",85,0.4342,0.3,0.0,0.2359,0,0
CLM00244,CLM00281,0.2985,SIMILAR,"claimant_id, city",79,0.2036,0.0,0.0,1.0,0,0
CLM00133,CLM00300,0.2985,SIMILAR,vehicle_id,82,0.7321,0.0,1.0,0.2359,0,0
CLM00228,CLM00232,0.2982,SIMILAR,"vehicle_id, provider_id",105,0.1194,0.3,1.0,0.2359,0,0
CLM00081,CLM00090,0.2982,SIMILAR,policy_id,222,0.7306,0.0,0.0,0.2359,0,0
CLM00160,CLM00184,0.2981,SIMILAR,"vehicle_id, claim_type",57,0.0533,0.0,1.0,0.2359,1,0
CLM00163,CLM00232,0.2979,SIMILAR,"vehicle_id, claim_type",89,0.0954,0.0,1.0,0.2513,0,0
CLM00096,CLM00305,0.2979,SIMILAR,policy_id,37,0.1566,0.0,0.0,0.2359,1,0
CLM00010,CLM00063,0.2977,SIMILAR,policy_id,135,0.7249,0.0,0.0,0.2359,1,0
CLM00050,CLM00137,0.2974,SIMILAR,vehicle_id,169,0.7264,0.0,1.0,0.2359,1,0
CLM00211,CLM00249,0.2972,SIMILAR,policy_id,175,0.5688,0.0,0.1,0.2359,0,0
CLM00232,CLM00266,0.2971,SIMILAR,vehicle_id,44,0.3181,0.0,1.0,0.2359,0,0
CLM00051,CLM00279,0.2969,SIMILAR,"invoice_id, close_amount_10pct",91,0.9213,1.0,0.0,0.2359,0,0
CLM00202,CLM00229,0.2963,SIMILAR,vehicle_id,63,0.4009,0.0,1.0,0.2359,0,0
CLM00092,CLM00253,0.2963,SIMILAR,policy_id,40,0.1754,0.0,0.0,0.2513,0,0
CLM00126,CLM00298,0.2962,SIMILAR,vehicle_id,87,0.3788,0.0,1.0,0.2513,0,0
CLM00200,CLM00227,0.2961,SIMILAR,vehicle_id,52,0.5081,0.0,1.0,0.2359,0,0
CLM00248,CLM00318,0.2961,SIMILAR,"claimant_id, city",64,0.1796,0.0,0.0,1.0,0,1
CLM00093,CLM00155,0.296,SIMILAR,policy_id,99,0.7124,0.0,0.0,0.2359,0,1
CLM00082,CLM00222,0.2959,SIMILAR,"claimant_id, city",64,0.174,0.0,0.0,1.0,0,0
CLM00233,CLM00261,0.2958,SIMILAR,"invoice_id, claim_type",70,0.2747,1.0,0.0,0.2513,0,0
CLM00110,CLM00248,0.2956,SIMILAR,"claimant_id, city",113,0.0349,0.0,0.1,1.0,0,0
CLM00048,CLM00269,0.2956,SIMILAR,"policy_id, city",93,0.2087,0.0,0.0,0.2359,1,0
CLM00115,CLM00239,0.2955,SIMILAR,"claimant_id, city",58,0.1337,0.0,0.0,1.0,1,0
CLM00106,CLM00302,0.2954,SIMILAR,policy_id,82,0.5511,0.0,0.1,0.2359,0,0
CLM00017,CLM00308,0.2954,SIMILAR,"claimant_id, city",57,0.1034,0.0,0.0,1.0,0,0
CLM00090,CLM00185,0.2952,SIMILAR,policy_id,59,0.6485,0.0,0.0,0.2513,0,1
CLM00227,CLM00271,0.2952,SIMILAR,policy_id,65,0.6901,0.0,0.0,0.2359,0,0
CLM00025,CLM00264,0.2952,SIMILAR,policy_id,107,0.6951,0.0,0.0,0.2359,0,0
CLM00106,CLM00315,0.2951,SIMILAR,vehicle_id,55,0.2736,0.0,1.0,0.2359,0,0
CLM00045,CLM00120,0.2951,SIMILAR,"vehicle_id, provider_id",96,0.1036,0.3,1.0,0.2359,0,0
CLM00139,CLM00259,0.295,SIMILAR,"invoice_id, city",107,0.366,1.0,0.0,0.2513,0,0
CLM00028,CLM00151,0.2946,SIMILAR,"invoice_id, claim_type",128,0.5679,1.0,0.0,0.2513,1,0
CLM00096,CLM00197,0.2945,SIMILAR,policy_id,104,0.6881,0.0,0.0,0.2359,1,0
CLM00051,CLM00127,0.294,SIMILAR,policy_id,67,0.6518,0.0,0.0,0.2513,0,1
CLM00046,CLM00080,0.2939,SIMILAR,invoice_id,31,0.3125,1.0,0.1,0.2359,0,1
CLM00049,CLM00077,0.2938,SIMILAR,policy_id,90,0.6558,0.0,0.0,0.2513,0,1
CLM00140,CLM00237,0.2937,SIMILAR,"claimant_id, city",164,0.1657,0.0,0.0,1.0,0,0
CLM00056,CLM00165,0.2935,SIMILAR,policy_id,115,0.5279,0.0,0.1,0.2359,0,0
CLM00065,CLM00241,0.2932,SIMILAR,"invoice_id, claim_type",133,0.404,1.0,0.1,0.2513,0,0
CLM00217,CLM00271,0.2932,SIMILAR,policy_id,128,0.6696,0.0,0.0,0.2359,0,0
CLM00308,CLM00316,0.2931,SIMILAR,policy_id,66,0.5284,0.0,0.1,0.2359,0,1
CLM00129,CLM00151,0.2926,SIMILAR,"invoice_id, claim_type",102,0.2735,1.0,0.0,0.2359,0,0
CLM00093,CLM00198,0.2925,SIMILAR,policy_id,102,0.6674,0.0,0.0,0.2359,0,1
CLM00033,CLM00319,0.2925,SIMILAR,"claimant_id, city",128,0.1394,0.0,0.0,1.0,1,0
CLM00232,CLM00272,0.2923,SIMILAR,"claimant_id, city",79,0.1329,0.0,0.0,1.0,0,0
CLM00247,CLM00253,0.2921,SIMILAR,"invoice_id, provider_id, claim_type",96,0.537,1.0,0.0,0.2513,0,0
CLM00244,CLM00261,0.2917,SIMILAR,invoice_id,40,0.3332,1.0,0.0,0.2513,0,0
CLM00071,CLM00113,0.2915,SIMILAR,"invoice_id, claim_type",72,0.1082,1.0,0.1,0.2359,0,0
CLM00253,CLM00319,0.2915,SIMILAR,"vehicle_id, provider_id",129,0.3319,0.3,1.0,0.2513,0,0
CLM00147,CLM00276,0.2914,SIMILAR,policy_id,78,0.6611,0.0,0.0,0.2359,0,0
CLM00062,CLM00213,0.2912,SIMILAR,policy_id,61,0.6544,0.0,0.0,0.2359,0,0
CLM00175,CLM00278,0.2911,SIMILAR,policy_id,73,0.6275,0.0,0.0,0.2513,0,0
CLM00238,CLM00253,0.2909,SIMILAR,vehicle_id,86,0.6158,0.0,1.0,0.2513,0,0
CLM00197,CLM00210,0.2908,SIMILAR,policy_id,75,0.4743,0.0,0.1,0.2513,0,0
CLM00080,CLM00189,0.2908,SIMILAR,"invoice_id, claim_type",173,0.2512,1.0,0.0,0.2359,1,0
CLM00034,CLM00177,0.2906,SIMILAR,vehicle_id,114,0.6891,0.0,1.0,0.2205,1,0
CLM00269,CLM00279,0.2906,SIMILAR,"invoice_id, exact_amount",124,0.9628,1.0,0.1,0.2513,0,0
CLM00137,CLM00295,0.2906,SIMILAR,vehicle_id,207,0.6633,0.0,1.0,0.2359,0,1
CLM00206,CLM00266,0.2902,SIMILAR,"claimant_id, city",102,0.1116,0.0,0.0,1.0,0,0
CLM00170,CLM00253,0.2901,SIMILAR,"invoice_id, claim_type",58,0.4772,1.0,0.0,0.2513,0,0
CLM00022,CLM00068,0.2898,SIMILAR,"claimant_id, city",135,0.1176,0.0,0.0,1.0,0,0
CLM00296,CLM00297,0.2897,SIMILAR,policy_id,84,0.4847,0.0,0.1,0.2359,0,0
CLM00149,CLM00293,0.2894,SIMILAR,policy_id,114,0.4912,0.0,0.1,0.2359,0,0
CLM00094,CLM00131,0.2889,SIMILAR,"vehicle_id, provider_id",108,0.0417,0.3,1.0,0.2359,0,0
CLM00240,CLM00306,0.2887,SIMILAR,"policy_id, city",189,0.1338,0.0,0.0,0.2359,0,0
CLM00023,CLM00127,0.2885,SIMILAR,vehicle_id,162,0.3275,0.0,1.0,0.2359,1,1
CLM00017,CLM00188,0.2885,SIMILAR,"vehicle_id, claim_type",170,0.0276,0.0,1.0,0.2359,0,0
CLM00007,CLM00126,0.2881,SIMILAR,"invoice_id, city",72,0.4794,1.0,0.1,0.2359,0,0
CLM00036,CLM00278,0.2879,SIMILAR,"policy_id, city",84,0.1012,0.0,0.0,0.2513,0,0
CLM00085,CLM00127,0.2878,SIMILAR,policy_id,172,0.6302,0.0,0.0,0.2359,1,1
CLM00035,CLM00191,0.2877,SIMILAR,vehicle_id,151,0.6294,0.0,1.0,0.2359,0,0
CLM00032,CLM00232,0.2872,SIMILAR,"vehicle_id, city",66,0.1055,0.0,1.0,0.2359,0,0
CLM00075,CLM00125,0.2871,SIMILAR,policy_id,111,0.6142,0.0,0.0,0.2359,0,0
CLM00016,CLM00121,0.2869,SIMILAR,policy_id,75,0.6117,0.0,0.0,0.2359,0,0
CLM00010,CLM00174,0.2868,SIMILAR,"invoice_id, claim_type",84,0.2111,1.0,0.0,0.2359,1,0
CLM00176,CLM00264,0.2867,SIMILAR,vehicle_id,124,0.614,0.0,1.0,0.2359,0,0
CLM00023,CLM00182,0.2866,SIMILAR,vehicle_id,183,0.5783,0.0,1.0,0.2513,1,0
CLM00032,CLM00280,0.2865,SIMILAR,"invoice_id, claim_type",155,0.5076,1.0,0.0,0.2359,0,0
CLM00105,CLM00216,0.2865,SIMILAR,policy_id,52,0.3818,0.0,0.0,0.2513,1,0
CLM00075,CLM00140,0.2863,SIMILAR,policy_id,126,0.4352,0.0,0.1,0.2513,0,0
CLM00061,CLM00301,0.2861,SIMILAR,invoice_id,103,0.6537,1.0,0.1,0.2359,0,0
CLM00094,CLM00260,0.2859,SIMILAR,policy_id,45,0.0867,0.0,0.1,0.2359,0,0
CLM00258,CLM00284,0.2859,SIMILAR,vehicle_id,85,0.6272,0.0,1.0,0.2205,0,0
CLM00115,CLM00311,0.2855,SIMILAR,"invoice_id, close_date_30d",27,0.2368,1.0,0.0,0.2513,1,0
CLM00097,CLM00205,0.2854,SIMILAR,vehicle_id,189,0.5758,0.0,1.0,0.2513,0,0
CLM00037,CLM00059,0.2852,SIMILAR,"invoice_id, close_date_30d",28,0.031,1.0,0.0,0.2205,0,0
CLM00008,CLM00160,0.2848,SIMILAR,vehicle_id,84,0.5656,0.0,1.0,0.2513,0,1
CLM00028,CLM00144,0.2848,SIMILAR,"vehicle_id, city",67,0.1008,0.0,1.0,0.2359,1,0
CLM00085,CLM00220,0.2847,SIMILAR,policy_id,105,0.5993,0.0,0.0,0.2359,1,0
CLM00014,CLM00258,0.2846,SIMILAR,policy_id,103,0.5989,0.0,0.0,0.2359,0,0
CLM00106,CLM00287,0.2846,SIMILAR,"invoice_id, close_date_30d",22,0.1524,1.0,0.0,0.2359,0,0
CLM00234,CLM00310,0.2845,SIMILAR,"claimant_id, city",73,0.0644,0.0,0.0,1.0,0,0
CLM00088,CLM00308,0.2842,SIMILAR,vehicle_id,48,0.2844,0.0,1.0,0.2359,0,0
CLM00152,CLM00318,0.2841,SIMILAR,"invoice_id, claim_type",67,0.1883,1.0,0.0,0.2359,0,1
CLM00128,CLM00192,0.2837,SIMILAR,vehicle_id,133,0.5745,0.0,1.0,0.2359,0,0
CLM00112,CLM00168,0.2835,SIMILAR,"invoice_id, exact_amount",169,0.9631,1.0,0.1,0.2205,0,0
CLM00133,CLM00216,0.2834,SIMILAR,policy_id,184,0.5814,0.0,0.0,0.2359,0,0
CLM00051,CLM00295,0.2832,SIMILAR,invoice_id,110,0.7746,1.0,0.0,0.2359,0,1
CLM00095,CLM00246,0.2831,SIMILAR,"invoice_id, provider_id",139,0.6029,1.0,0.1,0.2513,0,0
CLM00042,CLM00216,0.283,SIMILAR,"invoice_id, city",62,0.2724,1.0,0.0,0.2359,0,0
CLM00270,CLM00303,0.283,SIMILAR,policy_id,48,0.2772,0.0,0.0,0.2359,0,0
CLM00095,CLM00269,0.2827,SIMILAR,vehicle_id,63,0.5389,0.0,1.0,0.2513,0,0
CLM00253,CLM00309,0.2826,SIMILAR,"claimant_id, city",130,0.0451,0.0,0.0,1.0,0,0
CLM00048,CLM00254,0.2825,SIMILAR,policy_id,123,0.5682,0.0,0.0,0.2359,1,0
CLM00111,CLM00287,0.2824,SIMILAR,vehicle_id,114,0.5808,0.0,1.0,0.2359,1,0
CLM00096,CLM00312,0.2823,SIMILAR,policy_id,96,0.4259,0.0,0.1,0.2359,1,0
CLM00019,CLM00119,0.2821,SIMILAR,"invoice_id, close_amount_10pct",67,0.904,1.0,0.1,0.2359,1,0
CLM00009,CLM00132,0.2819,SIMILAR,invoice_id,147,0.736,1.0,0.0,0.2513,0,0
CLM00003,CLM00013,0.2816,SIMILAR,policy_id,119,0.3991,0.0,0.1,0.2359,0,0
CLM00125,CLM00309,0.2816,SIMILAR,"invoice_id, city",80,0.1232,1.0,0.1,0.2359,0,0
CLM00099,CLM00248,0.2815,SIMILAR,"claimant_id, city",78,0.0395,0.0,0.0,1.0,0,0
CLM00269,CLM00294,0.2813,SIMILAR,vehicle_id,108,0.5511,0.0,1.0,0.2359,0,0
CLM00184,CLM00294,0.2812,SIMILAR,"claimant_id, city",127,0.0311,0.0,0.0,1.0,0,0
CLM00077,CLM00220,0.281,SIMILAR,vehicle_id,76,0.5323,0.0,1.0,0.2513,1,0
CLM00098,CLM00263,0.281,SIMILAR,"claimant_id, city",137,0.0348,0.0,0.0,1.0,0,0
CLM00048,CLM00216,0.2809,SIMILAR,vehicle_id,46,0.1806,0.0,1.0,0.2513,1,0
CLM00017,CLM00084,0.2809,SIMILAR,"claimant_id, city",96,0.0289,0.0,0.0,1.0,0,0
CLM00277,CLM00298,0.2808,SIMILAR,"invoice_id, city",95,0.4055,1.0,0.1,0.2359,0,0
CLM00247,CLM00292,0.2804,SIMILAR,"vehicle_id, provider_id",113,0.2515,0.3,1.0,0.2359,0,0
CLM00087,CLM00152,0.2801,SIMILAR,vehicle_id,110,0.2534,0.0,1.0,0.2359,0,0
CLM00085,CLM00140,0.28,SIMILAR,vehicle_id,63,0.2215,0.0,1.0,0.2513,1,0
CLM00109,CLM00127,0.2798,SIMILAR,policy_id,61,0.5453,0.0,0.0,0.2359,0,1
CLM00105,CLM00293,0.2797,SIMILAR,"vehicle_id, provider_id",131,0.2534,0.3,1.0,0.2359,1,0
CLM00013,CLM00184,0.2795,SIMILAR,vehicle_id,56,0.438,0.0,1.0,0.2359,0,0
CLM00099,CLM00317,0.2793,SIMILAR,vehicle_id,57,0.44,0.0,1.0,0.2513,0,0
CLM00217,CLM00260,0.2785,SIMILAR,policy_id,163,0.3826,0.0,0.1,0.2359,0,0
CLM00099,CLM00273,0.2784,SIMILAR,policy_id,135,0.5368,0.0,0.0,0.2359,0,0
CLM00186,CLM00260,0.2784,SIMILAR,vehicle_id,84,0.5007,0.0,1.0,0.2513,0,0
CLM00032,CLM00221,0.278,SIMILAR,vehicle_id,89,0.2228,0.0,1.0,0.2359,0,1
CLM00126,CLM00279,0.2777,SIMILAR,invoice_id,159,0.5747,1.0,0.1,0.2359,0,0
CLM00209,CLM00220,0.2769,SIMILAR,policy_id,59,0.4812,0.0,0.0,0.2359,0,0
CLM00128,CLM00275,0.2769,SIMILAR,"policy_id, provider_id",63,0.0666,0.3,0.1,0.2359,0,0
CLM00194,CLM00263,0.2769,SIMILAR,"policy_id, city",114,0.0254,0.0,0.0,0.2359,0,0
CLM00145,CLM00158,0.2766,SIMILAR,policy_id,65,0.3233,0.0,0.1,0.2513,1,0
CLM00018,CLM00310,0.2764,SIMILAR,vehicle_id,126,0.5065,0.0,1.0,0.2359,1,0
CLM00028,CLM00081,0.2762,SIMILAR,policy_id,228,0.5007,0.0,0.0,0.2359,1,0
CLM00154,CLM00169,0.2759,SIMILAR,"invoice_id, exact_amount",58,0.9559,1.0,0.0,0.2359,0,0
CLM00012,CLM00071,0.2759,SIMILAR,policy_id,76,0.4975,0.0,0.0,0.2359,0,0
CLM00003,CLM00126,0.2755,SIMILAR,policy_id,47,0.1786,0.0,0.0,0.2359,0,0
CLM00007,CLM00171,0.2754,SIMILAR,vehicle_id,92,0.4919,0.0,1.0,0.2359,0,0
CLM00071,CLM00306,0.2752,SIMILAR,policy_id,194,0.5042,0.0,0.0,0.2359,0,0
CLM00219,CLM00273,0.2749,SIMILAR,policy_id,61,0.527,0.0,0.0,0.2205,0,0
CLM00024,CLM00139,0.2748,SIMILAR,policy_id,67,0.3504,0.0,0.1,0.2359,0,0
CLM00007,CLM00279,0.2746,SIMILAR,invoice_id,87,0.8341,1.0,0.1,0.2359,0,0
CLM00001,CLM00097,0.2743,SIMILAR,"invoice_id, exact_amount",199,0.956,1.0,0.0,0.2513,1,0
CLM00018,CLM00247,0.2743,SIMILAR,policy_id,112,0.4958,0.0,0.0,0.2359,1,0
CLM00082,CLM00165,0.2738,SIMILAR,invoice_id,40,0.4907,1.0,0.0,0.2359,0,0
CLM00180,CLM00265,0.2736,SIMILAR,"policy_id, provider_id",133,0.2233,0.3,0.0,0.2205,1,0
CLM00008,CLM00221,0.2736,SIMILAR,"policy_id, provider_id",161,0.1847,0.3,0.0,0.2359,0,1
CLM00192,CLM00284,0.2734,SIMILAR,vehicle_id,136,0.512,0.0,1.0,0.2205,0,0
CLM00073,CLM00281,0.2731,SIMILAR,vehicle_id,114,0.1528,0.0,1.0,0.2513,1,0
CLM00097,CLM00257,0.2727,SIMILAR,vehicle_id,73,0.47,0.0,1.0,0.2359,0,1
CLM00004,CLM00153,0.2724,SIMILAR,policy_id,160,0.4724,0.0,0.0,0.2359,0,0
CLM00269,CLM00295,0.2722,SIMILAR,invoice_id,77,0.8096,1.0,0.1,0.2359,0,1
CLM00139,CLM00230,0.2722,SIMILAR,vehicle_id,79,0.4381,0.0,1.0,0.2513,0,1
CLM00023,CLM00262,0.2719,SIMILAR,invoice_id,216,0.6619,1.0,0.0,0.2359,1,0
CLM00301,CLM00304,0.2718,SIMILAR,policy_id,62,0.4561,0.0,0.0,0.2359,0,1
CLM00223,CLM00249,0.2713,SIMILAR,"invoice_id, exact_amount",61,0.9602,1.0,0.0,0.2359,0,0
CLM00144,CLM00198,0.2713,SIMILAR,"invoice_id, city",56,0.0606,1.0,0.0,0.2359,0,1
CLM00101,CLM00132,0.2706,SIMILAR,policy_id,110,0.3034,0.0,0.1,0.2359,0,0
CLM00057,CLM00307,0.2701,SIMILAR,"invoice_id, close_amount_10pct",81,0.9135,1.0,0.0,0.2513,0,0
CLM00130,CLM00170,0.27,SIMILAR,policy_id,123,0.2569,0.0,0.1,0.2513,0,0
CLM00093,CLM00316,0.2693,SIMILAR,invoice_id,156,0.7858,1.0,0.1,0.2359,0,1
CLM00293,CLM00301,0.2689,SIMILAR,vehicle_id,110,0.4367,0.0,1.0,0.2359,0,0
CLM00040,CLM00114,0.268,SIMILAR,invoice_id,95,0.8919,1.0,0.0,0.2513,0,1
CLM00139,CLM00169,0.268,SIMILAR,policy_id,97,0.4177,0.0,0.0,0.2359,0,0
CLM00045,CLM00305,0.2679,SIMILAR,policy_id,124,0.4215,0.0,0.0,0.2359,0,0
CLM00123,CLM00317,0.2678,SIMILAR,invoice_id,76,0.5944,1.0,0.0,0.2513,0,0
CLM00170,CLM00250,0.2676,SIMILAR,vehicle_id,131,0.092,0.0,1.0,0.2513,0,0
CLM00045,CLM00119,0.2676,SIMILAR,policy_id,52,0.0782,0.0,0.1,0.2359,0,0
CLM00201,CLM00293,0.2675,SIMILAR,"invoice_id, close_date_30d",30,0.022,1.0,0.1,0.2359,0,0
CLM00078,CLM00289,0.2674,SIMILAR,invoice_id,164,0.6167,1.0,0.0,0.2359,0,0
CLM00018,CLM00095,0.2672,SIMILAR,policy_id,89,0.4204,0.0,0.0,0.2359,1,0
CLM00059,CLM00090,0.2669,SIMILAR,vehicle_id,194,0.4384,0.0,1.0,0.2205,0,0
CLM00203,CLM00224,0.2667,SIMILAR,vehicle_id,83,0.3837,0.0,1.0,0.2513,0,0
CLM00248,CLM00268,0.2663,SIMILAR,"invoice_id, close_date_30d",28,0.1007,1.0,0.0,0.2359,0,0
CLM00058,CLM00280,0.2662,SIMILAR,policy_id,122,0.4359,0.0,0.0,0.2205,1,0
CLM00090,CLM00294,0.2658,SIMILAR,"invoice_id, city",209,0.4009,1.0,0.0,0.2359,0,0
CLM00195,CLM00241,0.2656,SIMILAR,policy_id,157,0.2538,0.0,0.1,0.2359,0,0
CLM00085,CLM00291,0.2655,SIMILAR,vehicle_id,89,0.4079,0.0,1.0,0.2359,1,0
CLM00150,CLM00235,0.2654,SIMILAR,"invoice_id, close_amount_10pct",82,0.9014,1.0,0.0,0.2359,0,0
CLM00078,CLM00153,0.2652,SIMILAR,policy_id,126,0.3736,0.0,0.0,0.2513,0,0
CLM00228,CLM00302,0.2652,SIMILAR,policy_id,133,0.368,0.0,0.0,0.2513,0,0
CLM00056,CLM00059,0.2651,SIMILAR,invoice_id,31,0.1641,1.0,0.0,0.2359,0,0
CLM00216,CLM00256,0.265,SIMILAR,invoice_id,67,0.8574,1.0,0.0,0.2513,0,0
CLM00227,CLM00260,0.2647,SIMILAR,policy_id,100,0.3943,0.0,0.0,0.2359,0,0
CLM00123,CLM00256,0.2647,SIMILAR,policy_id,61,0.3946,0.0,0.0,0.2359,0,0
CLM00020,CLM00214,0.2646,SIMILAR,"invoice_id, claim_type",229,0.2885,1.0,0.0,0.2359,0,1
CLM00109,CLM00144,0.2646,SIMILAR,"invoice_id, provider_id, city",67,0.0936,1.0,0.0,0.2359,0,0
CLM00226,CLM00234,0.2642,SIMILAR,vehicle_id,104,0.0892,0.0,1.0,0.2359,0,0
CLM00003,CLM00166,0.2641,SIMILAR,policy_id,57,0.3143,0.0,0.0,0.2359,0,0
CLM00056,CLM00144,0.264,SIMILAR,policy_id,102,0.3929,0.0,0.0,0.2359,0,0
CLM00104,CLM00151,0.2639,SIMILAR,vehicle_id,96,0.3554,0.0,1.0,0.2513,0,0
CLM00308,CLM00314,0.2639,SIMILAR,policy_id,80,0.3555,0.0,0.0,0.2513,0,0
CLM00177,CLM00292,0.2636,SIMILAR,policy_id,98,0.3617,0.0,0.0,0.2513,0,0
CLM00202,CLM00217,0.2633,SIMILAR,policy_id,104,0.3806,0.0,0.0,0.2359,0,0
CLM00036,CLM00276,0.2633,SIMILAR,policy_id,99,0.2261,0.0,0.1,0.2359,0,0
CLM00248,CLM00272,0.2631,SIMILAR,vehicle_id,109,0.0479,0.0,1.0,0.2513,0,0
CLM00043,CLM00184,0.2628,SIMILAR,policy_id,47,0.046,0.0,0.0,0.2359,0,0
CLM00036,CLM00308,0.2628,SIMILAR,invoice_id,62,0.3899,1.0,0.1,0.2513,0,0
CLM00047,CLM00292,0.2625,SIMILAR,policy_id,58,0.3274,0.0,0.0,0.2359,0,0
CLM00115,CLM00211,0.2623,SIMILAR,invoice_id,98,0.3797,1.0,0.1,0.2513,1,0
CLM00052,CLM00063,0.2622,SIMILAR,invoice_id,55,0.7457,1.0,0.0,0.2359,0,0
CLM00161,CLM00264,0.2622,SIMILAR,"invoice_id, claim_type",121,0.3003,1.0,0.0,0.2205,0,0
CLM00013,CLM00229,0.262,SIMILAR,vehicle_id,74,0.0722,0.0,1.0,0.2359,0,0
CLM00164,CLM00196,0.2615,SIMILAR,invoice_id,62,0.8219,1.0,0.0,0.2513,0,0
CLM00123,CLM00204,0.2615,SIMILAR,"invoice_id, claim_type",93,0.2315,1.0,0.0,0.2513,0,0
CLM00219,CLM00260,0.261,SIMILAR,invoice_id,71,0.5876,1.0,0.0,0.2205,0,0
CLM00139,CLM00204,0.2609,SIMILAR,policy_id,73,0.3662,0.0,0.0,0.2359,0,0
CLM00039,CLM00106,0.2607,SIMILAR,"invoice_id, city",59,0.335,1.0,0.0,0.2359,0,0
CLM00008,CLM00202,0.2603,SIMILAR,vehicle_id,96,0.3824,0.0,1.0,0.2205,0,0
CLM00069,CLM00291,0.2599,SIMILAR,policy_id,74,0.311,0.0,0.0,0.2513,0,0
CLM00037,CLM00147,0.2597,SIMILAR,vehicle_id,102,0.0402,0.0,1.0,0.2359,0,0
CLM00021,CLM00319,0.2596,SIMILAR,vehicle_id,200,0.339,0.0,1.0,0.2359,1,0
CLM00008,CLM00184,0.2592,SIMILAR,vehicle_id,141,0.0301,0.0,1.0,0.2359,0,0
CLM00037,CLM00073,0.2591,SIMILAR,vehicle_id,160,0.0292,0.0,1.0,0.2359,0,1
CLM00171,CLM00251,0.2588,SIMILAR,invoice_id,221,0.535,1.0,0.0,0.2359,0,0
CLM00008,CLM00011,0.2588,SIMILAR,vehicle_id,121,0.3619,0.0,1.0,0.2205,0,0
CLM00051,CLM00126,0.2587,SIMILAR,invoice_id,68,0.5295,1.0,0.0,0.2359,0,0
CLM00028,CLM00174,0.2584,SIMILAR,vehicle_id,88,0.367,0.0,1.0,0.2205,1,0
CLM00056,CLM00078,0.2579,SIMILAR,policy_id,128,0.1773,0.0,0.1,0.2359,0,0
CLM00145,CLM00274,0.2579,SIMILAR,vehicle_id,94,0.0261,0.0,1.0,0.2359,1,0
CLM00041,CLM00284,0.2576,SIMILAR,vehicle_id,98,0.0495,0.0,1.0,0.2205,0,0
CLM00115,CLM00222,0.2573,SIMILAR,invoice_id,31,0.1049,1.0,0.0,0.2359,1,0
CLM00121,CLM00129,0.2572,SIMILAR,vehicle_id,195,0.3099,0.0,1.0,0.2359,0,0
CLM00064,CLM00162,0.2569,SIMILAR,vehicle_id,166,0.2809,0.0,1.0,0.2513,0,0
CLM00127,CLM00181,0.2568,SIMILAR,invoice_id,171,0.5151,1.0,0.0,0.2359,1,0
CLM00078,CLM00175,0.2559,SIMILAR,invoice_id,165,0.771,1.0,0.0,0.2513,0,0
CLM00043,CLM00085,0.2558,SIMILAR,invoice_id,110,0.8065,1.0,0.0,0.2359,0,1
CLM00031,CLM00226,0.2557,SIMILAR,vehicle_id,97,0.3099,0.0,1.0,0.2359,0,0
CLM00046,CLM00189,0.2551,SIMILAR,invoice_id,142,0.8038,1.0,0.0,0.2359,0,0
CLM00135,CLM00254,0.2548,SIMILAR,policy_id,70,0.2948,0.0,0.0,0.2359,0,0
CLM00089,CLM00176,0.2547,SIMILAR,policy_id,92,0.1493,0.0,0.1,0.2359,0,0
CLM00079,CLM00294,0.2542,SIMILAR,policy_id,150,0.2544,0.0,0.0,0.2513,0,0
CLM00083,CLM00313,0.2537,SIMILAR,vehicle_id,176,0.28,0.0,1.0,0.2359,0,0
CLM00201,CLM00300,0.2536,SIMILAR,policy_id,53,0.0778,0.0,0.0,0.2513,0,0
CLM00134,CLM00243,0.2534,SIMILAR,invoice_id,65,0.6312,1.0,0.1,0.2359,0,0
CLM00211,CLM00222,0.2529,SIMILAR,"invoice_id, city",129,0.2762,1.0,0.0,0.2359,0,0
CLM00149,CLM00225,0.2527,SIMILAR,invoice_id,110,0.6034,1.0,0.1,0.2513,0,0
CLM00087,CLM00185,0.2526,SIMILAR,invoice_id,51,0.3941,1.0,0.1,0.2359,0,1
CLM00157,CLM00279,0.2526,SIMILAR,vehicle_id,218,0.2737,0.0,1.0,0.2359,0,0
CLM00114,CLM00302,0.2524,SIMILAR,vehicle_id,72,0.2811,0.0,1.0,0.2359,1,0
CLM00234,CLM00299,0.2524,SIMILAR,vehicle_id,51,0.0767,0.0,1.0,0.2205,0,0
CLM00048,CLM00287,0.2522,SIMILAR,policy_id,109,0.1144,0.0,0.1,0.2359,1,0
CLM00033,CLM00046,0.2521,SIMILAR,policy_id,65,0.2382,0.0,0.0,0.2513,1,0
CLM00221,CLM00228,0.2514,SIMILAR,vehicle_id,128,0.2522,0.0,1.0,0.2359,1,0
CLM00068,CLM00161,0.2513,SIMILAR,policy_id,80,0.2865,0.0,0.0,0.2205,0,0
CLM00228,CLM00303,0.2511,SIMILAR,invoice_id,186,0.7679,1.0,0.0,0.2359,0,0
CLM00004,CLM00056,0.2511,SIMILAR,policy_id,162,0.2242,0.0,0.0,0.2513,0,0
CLM00221,CLM00296,0.2511,SIMILAR,policy_id,66,0.2277,0.0,0.0,0.2513,1,0
CLM00172,CLM00319,0.251,SIMILAR,policy_id,94,0.2569,0.0,0.0,0.2359,0,0
CLM00275,CLM00311,0.2509,SIMILAR,vehicle_id,77,0.2655,0.0,1.0,0.2359,0,0
CLM00001,CLM00239,0.2508,SIMILAR,invoice_id,39,0.2316,1.0,0.0,0.2359,1,0
CLM00171,CLM00189,0.2502,SIMILAR,vehicle_id,195,0.2188,0.0,1.0,0.2513,0,0
CLM00064,CLM00195,0.2501,SIMILAR,invoice_id,210,0.6039,1.0,0.1,0.2359,0,0
CLM00003,CLM00117,0.2499,SIMILAR,vehicle_id,178,0.278,0.0,1.0,0.2205,0,0
CLM00113,CLM00134,0.2498,SIMILAR,policy_id,108,0.0858,0.0,0.1,0.2359,0,0
CLM00022,CLM00137,0.2489,SIMILAR,vehicle_id,205,0.242,0.0,1.0,0.2359,0,0
CLM00002,CLM00311,0.2487,SIMILAR,vehicle_id,98,0.2352,0.0,1.0,0.2359,0,0
CLM00058,CLM00161,0.2484,SIMILAR,vehicle_id,123,0.2672,0.0,1.0,0.2205,1,0
CLM00021,CLM00035,0.2474,SIMILAR,invoice_id,126,0.6911,1.0,0.0,0.2513,1,0
CLM00197,CLM00305,0.2471,SIMILAR,policy_id,141,0.2276,0.0,0.0,0.2359,0,0
CLM00145,CLM00161,0.2466,SIMILAR,vehicle_id,204,0.2129,0.0,1.0,0.2359,1,0
CLM00159,CLM00300,0.2461,SIMILAR,invoice_id,131,0.4182,1.0,0.0,0.2359,0,0
CLM00119,CLM00305,0.246,SIMILAR,policy_id,176,0.1855,0.0,0.0,0.2513,0,0
CLM00020,CLM00261,0.2459,SIMILAR,invoice_id,231,0.5211,1.0,0.1,0.2513,0,0
CLM00209,CLM00240,0.2454,SIMILAR,vehicle_id,108,0.1922,0.0,1.0,0.2359,0,0
CLM00314,CLM00316,0.245,SIMILAR,policy_id,146,0.1879,0.0,0.0,0.2359,0,1
CLM00045,CLM00210,0.245,SIMILAR,policy_id,92,0.2023,0.0,0.0,0.2359,0,0
CLM00094,CLM00200,0.2445,SIMILAR,"invoice_id, claim_type",93,0.0673,1.0,0.0,0.2513,0,0
CLM00036,CLM00175,0.2439,SIMILAR,policy_id,157,0.1612,0.0,0.0,0.2513,0,0
CLM00107,CLM00157,0.2435,SIMILAR,policy_id,196,0.1729,0.0,0.0,0.2359,0,0
CLM00135,CLM00263,0.2435,SIMILAR,policy_id,169,0.0324,0.0,0.1,0.2359,0,0
CLM00020,CLM00233,0.2431,SIMILAR,"invoice_id, city",161,0.1432,1.0,0.0,0.2513,0,0
CLM00036,CLM00187,0.2426,SIMILAR,invoice_id,116,0.3786,1.0,0.0,0.2359,0,1
CLM00181,CLM00243,0.2422,SIMILAR,invoice_id,79,0.6787,1.0,0.0,0.2359,0,0
CLM00022,CLM00061,0.2422,SIMILAR,policy_id,100,0.1705,0.0,0.0,0.2359,0,0
CLM00157,CLM00168,0.2419,SIMILAR,vehicle_id,193,0.1663,0.0,1.0,0.2359,0,0
CLM00048,CLM00194,0.2419,SIMILAR,policy_id,138,0.1314,0.0,0.0,0.2513,1,0
CLM00125,CLM00303,0.2416,SIMILAR,policy_id,157,0.1732,0.0,0.0,0.2359,0,0
CLM00157,CLM00198,0.2414,SIMILAR,vehicle_id,110,0.1609,0.0,1.0,0.2359,0,1
CLM00013,CLM00166,0.2413,SIMILAR,policy_id,62,0.1255,0.0,0.0,0.2513,0,0
CLM00064,CLM00132,0.2408,SIMILAR,vehicle_id,196,0.1609,0.0,1.0,0.2359,0,0
CLM00224,CLM00255,0.2406,SIMILAR,invoice_id,79,0.3226,1.0,0.0,0.2513,0,0
CLM00195,CLM00295,0.2395,SIMILAR,policy_id,208,0.1327,0.0,0.0,0.2359,0,1
CLM00254,CLM00266,0.2395,SIMILAR,vehicle_id,90,0.1418,0.0,1.0,0.2359,0,0
CLM00022,CLM00153,0.2393,SIMILAR,invoice_id,135,0.3456,1.0,0.0,0.2359,0,0
CLM00254,CLM00263,0.2393,SIMILAR,policy_id,99,0.1098,0.0,0.0,0.2513,0,0
CLM00013,CLM00136,0.238,SIMILAR,vehicle_id,73,0.113,0.0,1.0,0.2359,0,0
CLM00123,CLM00210,0.238,SIMILAR,invoice_id,65,0.6274,1.0,0.0,0.2359,0,0
CLM00019,CLM00195,0.2379,SIMILAR,policy_id,130,0.1125,0.0,0.0,0.2359,1,0
CLM00140,CLM00303,0.2375,SIMILAR,policy_id,172,0.1228,0.0,0.0,0.2359,0,0
CLM00025,CLM00114,0.237,SIMILAR,invoice_id,116,0.6228,1.0,0.0,0.2359,0,1
CLM00214,CLM00233,0.2368,SIMILAR,"invoice_id, provider_id",68,0.4962,1.0,0.1,0.2205,1,0
CLM00056,CLM00103,0.2361,SIMILAR,invoice_id,83,0.1632,1.0,0.1,0.2359,0,0
CLM00004,CLM00033,0.236,SIMILAR,invoice_id,111,0.6035,1.0,0.0,0.2359,0,1
CLM00013,CLM00126,0.2359,SIMILAR,policy_id,72,0.0713,0.0,0.0,0.2513,0,0
CLM00004,CLM00144,0.235,SIMILAR,policy_id,60,0.0881,0.0,0.0,0.2359,0,0
CLM00161,CLM00274,0.2335,SIMILAR,vehicle_id,110,0.1226,0.0,1.0,0.2205,0,0
CLM00034,CLM00297,0.233,SIMILAR,invoice_id,68,0.4637,1.0,0.1,0.2205,1,0
CLM00008,CLM00013,0.2325,SIMILAR,vehicle_id,85,0.0688,0.0,1.0,0.2359,0,0
CLM00055,CLM00190,0.2324,SIMILAR,invoice_id,65,0.4263,1.0,0.1,0.2359,0,0
CLM00228,CLM00266,0.2322,SIMILAR,vehicle_id,149,0.038,0.0,1.0,0.2513,0,0
CLM00045,CLM00096,0.2318,SIMILAR,policy_id,87,0.066,0.0,0.0,0.2359,0,1
CLM00184,CLM00230,0.2314,SIMILAR,policy_id,77,0.04,0.0,0.0,0.2513,0,1
CLM00231,CLM00309,0.2313,SIMILAR,vehicle_id,113,0.0295,0.0,1.0,0.2513,0,0
CLM00041,CLM00128,0.2313,SIMILAR,vehicle_id,95,0.0555,0.0,1.0,0.2359,0,0
CLM00137,CLM00296,0.2313,SIMILAR,invoice_id,103,0.5395,1.0,0.0,0.2513,0,0
CLM00094,CLM00202,0.2304,SIMILAR,policy_id,104,0.0871,0.0,0.0,0.2205,0,0
CLM00263,CLM00269,0.2303,SIMILAR,policy_id,69,0.0403,0.0,0.0,0.2359,0,0
CLM00094,CLM00271,0.2297,SIMILAR,policy_id,80,0.0495,0.0,0.0,0.2359,0,0
CLM00040,CLM00292,0.2295,SIMILAR,"invoice_id, provider_id",94,0.2472,1.0,0.0,0.2359,0,0
CLM00243,CLM00245,0.2293,SIMILAR,invoice_id,142,0.5311,1.0,0.0,0.2359,0,1
CLM00032,CLM00266,0.2291,SIMILAR,vehicle_id,110,0.0336,0.0,1.0,0.2359,0,0
CLM00060,CLM00318,0.2291,SIMILAR,invoice_id,79,0.2435,1.0,0.0,0.2359,1,1
CLM00045,CLM00081,0.2289,SIMILAR,invoice_id,135,0.2371,1.0,0.0,0.2359,0,0
CLM00102,CLM00248,0.2287,SIMILAR,vehicle_id,101,0.0343,0.0,1.0,0.2359,0,0
CLM00094,CLM00138,0.2285,SIMILAR,vehicle_id,145,0.0372,0.0,1.0,0.2359,0,0
CLM00127,CLM00243,0.2283,SIMILAR,invoice_id,92,0.3496,1.0,0.1,0.2513,1,0
CLM00094,CLM00227,0.2282,SIMILAR,policy_id,145,0.0342,0.0,0.0,0.2359,0,0
CLM00028,CLM00266,0.2281,SIMILAR,invoice_id,47,0.0491,1.0,0.1,0.2359,1,0
CLM00012,CLM00267,0.2281,SIMILAR,invoice_id,104,0.1928,1.0,0.0,0.2513,0,0
CLM00181,CLM00263,0.2276,SIMILAR,vehicle_id,206,0.0333,0.0,1.0,0.2359,0,0
CLM00205,CLM00274,0.2269,SIMILAR,invoice_id,77,0.0354,1.0,0.1,0.2513,0,0
CLM00221,CLM00306,0.2269,SIMILAR,invoice_id,68,0.1954,1.0,0.0,0.2513,1,0
CLM00146,CLM00309,0.2266,SIMILAR,vehicle_id,232,0.0224,0.0,1.0,0.2359,1,0
CLM00025,CLM00292,0.2261,SIMILAR,invoice_id,115,0.354,1.0,0.1,0.2359,0,0
CLM00013,CLM00039,0.2248,SIMILAR,invoice_id,60,0.1553,1.0,0.0,0.2513,0,0
CLM00039,CLM00287,0.2233,SIMILAR,invoice_id,81,0.455,1.0,0.0,0.2513,0,0
CLM00004,CLM00201,0.2233,SIMILAR,"invoice_id, provider_id",102,0.0315,1.0,0.1,0.2359,0,0
CLM00015,CLM00234,0.2215,SIMILAR,invoice_id,44,0.0672,1.0,0.0,0.2359,0,0
CLM00229,CLM00319,0.221,SIMILAR,invoice_id,176,0.1571,1.0,0.0,0.2359,0,0
CLM00053,CLM00292,0.2203,SIMILAR,invoice_id,77,0.2752,1.0,0.1,0.2513,0,0
CLM00074,CLM00107,0.2185,SIMILAR,invoice_id,127,0.4591,1.0,0.0,0.2205,0,0
CLM00236,CLM00242,0.2184,SIMILAR,invoice_id,66,0.4308,1.0,0.0,0.2359,0,0
CLM00140,CLM00163,0.2181,SIMILAR,invoice_id,180,0.1278,1.0,0.0,0.2359,0,0
CLM00003,CLM00309,0.218,SIMILAR,invoice_id,222,0.1181,1.0,0.0,0.2359,0,0
CLM00212,CLM00225,0.2168,SIMILAR,"invoice_id, provider_id",121,0.3752,1.0,0.0,0.2513,1,0
CLM00188,CLM00260,0.2166,SIMILAR,invoice_id,150,0.3916,1.0,0.0,0.2513,0,0
CLM00204,CLM00210,0.2162,SIMILAR,invoice_id,158,0.369,1.0,0.0,0.2513,0,0
CLM00259,CLM00275,0.2158,SIMILAR,invoice_id,116,0.0649,1.0,0.0,0.2513,0,0
CLM00012,CLM00224,0.2151,SIMILAR,invoice_id,56,0.2634,1.0,0.0,0.2513,0,0
CLM00083,CLM00131,0.2134,SIMILAR,invoice_id,84,0.3461,1.0,0.0,0.2513,0,0
CLM00087,CLM00092,0.2118,SIMILAR,invoice_id,143,0.3352,1.0,0.0,0.2513,0,0
CLM00161,CLM00271,0.2106,SIMILAR,invoice_id,138,0.3836,1.0,0.0,0.2205,0,0
CLM00140,CLM00197,0.207,SIMILAR,invoice_id,106,0.1669,1.0,0.1,0.2359,0,0
CLM00089,CLM00194,0.2019,SIMILAR,invoice_id,58,0.0928,1.0,0.1,0.2205,0,0
CLM00129,CLM00266,0.2005,SIMILAR,invoice_id,183,0.1019,1.0,0.1,0.2359,0,0
CLM00097,CLM00239,0.1999,SIMILAR,invoice_id,160,0.2422,1.0,0.0,0.2359,0,0
CLM00029,CLM00117,0.1993,SIMILAR,invoice_id,154,0.0961,1.0,0.1,0.2359,0,0
CLM00255,CLM00267,0.1989,SIMILAR,invoice_id,127,0.2361,1.0,0.0,0.2359,0,0
CLM00144,CLM00206,0.1972,SIMILAR,invoice_id,82,0.2293,1.0,0.0,0.2359,0,0
CLM00020,CLM00244,0.1962,SIMILAR,invoice_id,191,0.1736,1.0,0.0,0.2513,0,0
CLM00037,CLM00103,0.1938,SIMILAR,invoice_id,86,0.0308,1.0,0.1,0.2359,0,0
CLM00048,CLM00086,0.1907,SIMILAR,invoice_id,127,0.1456,1.0,0.0,0.2359,1,0
CLM00092,CLM00185,0.1879,SIMILAR,invoice_id,92,0.1321,1.0,0.0,0.2359,0,1
CLM00008,CLM00045,0.1824,SIMILAR,invoice_id,136,0.0673,1.0,0.0,0.2359,0,0
CLM00100,CLM00263,0.1805,SIMILAR,invoice_id,123,0.0309,1.0,0.0,0.2513,0,0
CLM00041,CLM00265,0.1797,SIMILAR,invoice_id,81,0.0495,1.0,0.0,0.2359,0,0
CLM00151,CLM00266,0.1771,SIMILAR,invoice_id,81,0.0279,1.0,0.0,0.2359,0,0
